condition,task_id,task_name,category,input_type,output_type,parse_transition,score_transition,path_transition,fp16_parse,candidate_parse,fp16_score,candidate_score,score_delta,fp16_path_score,candidate_path_score,path_delta,fp16_stop_reason,candidate_stop_reason,fp16_generated_tokens,candidate_generated_tokens,automatic_failure_type,automatic_failure_detail,payload_preview,manual_failure_type,manual_notes
KIVI-4,001734,Text to XML,T-generation,Text,XML,fp16_only,regressed,regressed,1,0,0.65,0.0,-0.65,0.5625,0.0,-0.5625,end_code,end_code,368,222,extra_content_or_multiple_roots,"junk after document element: line 25, column 1",<creature>\n <name></name>\n <species></species>\n <origin>\n <galaxy></galaxy>\n <planet></planet>\n </origin>\n <appearance>\n <height></height>\n <color></color>\n <appendages>\n <count></count>\n <type></type>\n </appendages>\n </appearance>\n <traits>\n <trait>\n <type></type>\n <description></description>\n <rarity></rarity>\n </trait>\n ...\n </traits>\n </creature>\n <abilities>\n <ability>\n <name></name>\n <level></level>\n <cooldown></cooldown>\n </ability>\n ...\n </abilities>\n <discovery>\n <date></date>\n <discove,,
KIVI-4,020510,CSV to JSON,T-conversion,CSV,JSON,fp16_only,regressed,unchanged,1,0,0.2,0.0,-0.2,0.0,0.0,0.0,end_code,end_code,368,362,invalid_leading_token,Expecting value: line 1 column 1 (char 0),"\\n[{\\n  ""planet_name"": ""Kepler-452b"",\\n  ""system"": {\\n    ""star_name"": ""Kepler-452"",\\n    ""distance_from_earth_ly"": 1400,\\n    ""discovery"": {\\n      ""year"": 2015,\\n      ""method"": ""Transit"",\\n      ""telescope"": ""Kepler Space Telescope"",\\n      ""team"": [{\\n        ""name"": ""Dr. Jane Smith"",\\n        ""role"": ""Lead Scientist"",\\n      }, {\\n        ""name"": ""Dr. Alan Brown"",\\n        ""role"": ""Data Analyst""\\n      }]\\n    }\\n  },\\n  ""physical_characteristics"": {\\n    ""mass_earths"": 5.0,\\n    ""radius_ea",,
KIVI-4,020516,CSV to JSON,T-conversion,CSV,JSON,fp16_only,regressed,unchanged,1,0,0.2,0.0,-0.2,0.0,0.0,0.0,end_code,end_code,636,1071,invalid_leading_token,Expecting value: line 1 column 1 (char 0),"\\n[{\\n  ""planet_name"": ""Aurelia"",\\n  ""system"": {\\n    ""star_name"": ""Helios"",\\n    ""distance_from_earth_ly"": 42.5,\\n    ""discovery"": {\\n      ""year"": 2087,\\n      ""method"": ""Transit""\\n    },\\n    ""atmosphere"": {\\n      ""composition"": [{\\n        ""gas"": ""Nitrogen"",\\n        ""percentage"": 78\\n      }, {\\n        ""gas"": ""Oxygen"",\\n        ""percentage"": 21\\n      }, {\\n        ""gas"": ""Argon"",\\n        ""percentage"": 1\\n      }],\\n      ""pressure_atm"": 1.02,\\n      ""surface_temperature_c"": 22\\n    },\\n",,
KIVI-4,020541,CSV to JSON,T-conversion,CSV,JSON,fp16_only,regressed,unchanged,1,0,0.2,0.0,-0.2,0.0,0.0,0.0,end_code,end_code,588,626,invalid_leading_token,Expecting value: line 1 column 1 (char 0),"\\n[\r\n  [""animal_id"", ""species"", ""profile"", ""enclosure""],\r\n  [""A001"", ""Red Panda"", {\\n    ""name"": ""Mei Lin"",\r\n    ""age"": 4,\r\n    ""gender"": ""Female"",\r\n    ""medical_history"": [{\\n      ""condition"": ""Dental Issues"",\r\n      ""year_diagnosed"": 2022,\r\n      ""treatment"": ""Dental cleaning""\r\n    }, {\\n      ""condition"": ""Allergy"",\r\n      ""year_diagnosed"": 2023,\r\n      ""treatment"": ""Antihistamines""\r\n    }]\r\n  }, {\\n    ""zone"": ""North"",\r\n    ""habitat_type"": ""Temperate Forest"",\r\n    ""companions"": [{""\n      ""n",,
KIVI-4,170506,XML to JSON,T-conversion,XML,JSON,fp16_only,regressed,regressed,1,0,1.0,0.0,-1.0,1.0,0.0,-1.0,end_code,end_code,294,312,invalid_leading_token,Expecting value: line 1 column 1 (char 0),"\\n{\n\\n  ""planetarium"": {\n\\n    ""exhibits"": [\n\\n      {\n\\n        ""name"": ""Solar System Wonders\"",\n\\n        ""planets"": [\n\\n          {\n\\n            ""planetName"": ""Jupiter\"",\n\\n            ""moons"": [\n\\n              ""Io\"",\n\\n              ""Europa""\n\\n            ]\n\\n          },\n\\n          {\n\\n            ""planetName"": ""Saturn\"",\n\\n            ""moons"": [{\""Titan""}]\n\\n          }\n\\n        ]\n\\n      },\n\\n      {\n\\n        ""name"": ""Exoplanet Exploration\"",\n\\n        ""planets"":",,
KIVI-4,170517,XML to JSON,T-conversion,XML,JSON,fp16_only,regressed,regressed,1,0,1.0,0.0,-1.0,1.0,0.0,-1.0,end_code,end_code,260,475,invalid_leading_token,Expecting value: line 1 column 1 (char 0),"\\n{\n\t""museum"": {\n\t\t""name"": ""Imaginary Insect Museum"",\rn\t\t""location"": {\n\t\t\t""city"": ""Flutterville"",\rn\t\t\t""country"": ""Buglandia""\n\t\t},{\n\t\t""exhibits"": [\n\t\t\t{\n\t\t\t\t""title"": ""Glowworm Gala"",\rn\t\t\t\t""year"": 2022,\n\t\t\t\t""artifacts"": [\n\t\t\t\t\t{\n\t\t\t\t\t\t""name"": ""Luminous Larva"",\rn\t\t\t\t\t\t""type"": ""Specimen""\n\t\t\t\t\t},\n\t\t\t\t\t{\n\t\t\t\t\t\t""name"": ""Bioluminescent Moss"",\rn\t\t\t\t\t\t""type"": ""Habitat""\n\t\t\t\t\t}\n\t\t\t\t]\n\t\t\t},\n\t\t\t{\n\t\t\t\t""tit",,
KIVI-4,170528,XML to JSON,T-conversion,XML,JSON,fp16_only,regressed,regressed,1,0,1.0,0.0,-1.0,1.0,0.0,-1.0,end_code,end_code,179,215,invalid_leading_token,Expecting value: line 1 column 1 (char 0),"\\n{\n\\n  ""museum"": {\n\\n    ""name"": ""Imaginarium of Oddities"",\rn\\n    ""location"": {\n\\n      ""city"": ""Whimsyville"",\rn\\n      ""country"": ""Fantasia""\n\\n    },\n\\n    ""exhibits"": [\n\\n      {\n\\n        ""title"": ""The Clockwork Fish"",\rn\\n        ""artist"": ""Dr. Cogsworth"",\rn\\n        ""year"": 1899\n\\n      },\n\\n      {\n\\n        ""title"": ""Invisible Portrait"",\rn\\n        ""artist"": ""Luna Mirage"",\rn\\n        ""year"": 2022\n\\n      }\n\\n    ]\n\\n  }\n\\n}\n\",,
KIVI-4,170547,XML to JSON,T-conversion,XML,JSON,fp16_only,regressed,regressed,1,0,1.0,0.0,-1.0,1.0,0.0,-1.0,end_code,end_code,255,457,invalid_leading_token,Expecting value: line 1 column 1 (char 0),"\\n{\n\t""museum"": {\n\t\t""name"": ""Imaginary Oddities Museum"",\rn\t\t""exhibits"": [\n\t\t\t{\n\t\t\t\t""title"": ""Time-Traveling Teapots"",\rn\t\t\t\t""artifacts"": [\n\t\t\t\t\t{\n\t\t\t\t\t\t""artifactName"": ""Victorian Steam Kettle"",\rn\t\t\t\t\t\t""yearDiscovered"": 1897\n\t\t\t\t\t}, {\n\t\t\t\t\t\t""artifactName"": ""Quantum Mug"",\rn\t\t\t\t\t\t""yearDiscovered"": 2042\n\t\t\t\t\t}\n\t\t\t\t]\n\t\t\t}, {\n\t\t\t\t""title"": ""Invisible Instruments"",\rn\t\t\t\t""artifacts"": [\n\t\t\t\t\t{\n\t\t\t\t\t\t""artifactName""",,
KIVI-4,180534,YAML to JSON,T-conversion,YAML,JSON,fp16_only,regressed,regressed,1,0,1.0,0.0,-1.0,1.0,0.0,-1.0,end_code,end_code,436,434,invalid_leading_token,Expecting value: line 1 column 1 (char 0),"\\n{\\n  ""planet"": {\\n    ""name"": ""Zephyron"",\r\n    ""atmosphere"": {\\n      ""composition"": ""Oxygen-Nitrogen-Argon"",\r\n      ""pressure"": 1.2,\r\n      ""layers"": [{\\n        ""name"": ""Troposphere"",\r\n        ""altitude_range_km"": [0, 15]\\n      }, {\\n        ""name"": ""Stratosphere"",\r\n        ""altitude_range_km"": [15, 50]\\n      }]\\n    },\\n    ""moons"": [{\\n      ""name"": ""Lira"",\r\n      ""diameter_km"": 3200,\\n      ""features"": [{""\n          ""type"": ""feature"",\r\n          ""name"": ""Ice geysers""},\\n          {""\n   ",,
KIVI-4,051826,JSON to YAML,T-conversion,JSON,YAML,fp16_only,regressed,regressed,1,0,1.0,0.0,-1.0,1.0,0.0,-1.0,end_code,end_code,257,279,indentation_or_mapping_syntax,"mapping values are not allowed here   in ""<unicode string>"", line 2, column 7:     galaxy: &galaxy\           ^",\\ngalaxy: &galaxy\\n  name: Andromeda Fantastica\\n  type: Spiral\\n  distance_light_years: 2540000\\n  discovery:\\n    year: 964\\n    by: Abd al-Rahman al-Sufi\\n  stars:\\n    count: 1000000000000\\n    types: - Red Dwarf\\n          - Yellow Dwarf\\n          - Blue Giant\\n          - White Dwarf\\n  black_holes:\\n    supermassive:\\n      mass_solar: 140000000\\n      spin: 0.98\\n    stellar:\\n    - mass_solar: 12\\n      location: Sector 3-G\\n    - mass_solar: 8\\n      location: Sector 7-Q\\n  notable_ev,,
KIVI-4,100539,TOML to JSON,T-conversion,TOML,JSON,fp16_only,regressed,regressed,1,0,1.0,0.0,-1.0,1.0,0.0,-1.0,end_code,end_code,561,568,invalid_leading_token,Expecting value: line 1 column 1 (char 0),"\\n{\\n  ""space_station"": {\\n    ""name"": ""Celestial Haven\"",\n    "",\n    ""operational_since"": 2087,\\n    ""is_docked"": true,\\n    ""location"": {\\n      ""planet"": ""Europa\"",\n      "",\n      ""coordinates"": {\\n        ""latitude"": 12.3456,\\n        ""longitude"": 78.9101\\n      }\\n    },\\n    ""crew_members"": [{\\n      ""name"": ""Dr. Lira Moonsong\"",\n      "",\n      ""role"": ""Commander\"",\n      "",\n      ""species"": ""Human""\\n    }, {\\n      ""name"": ""Xel'Rath\"",\n      "",\n      ""role"": ""Engineer\"",\n      "",\n  ",,
KIVI-4,100540,TOML to JSON,T-conversion,TOML,JSON,fp16_only,regressed,unchanged,1,0,0.2,0.0,-0.2,0.0,0.0,0.0,end_code,end_code,535,559,invalid_leading_token,Expecting value: line 1 column 1 (char 0),"\\n{\n\t""name"": ""Stellar Menagerie"",\n\t""opening_year"": 3045,\n\t""curator"": ""Dr. Zynox Quark"",\n\t""\n\tlocation"": {\n\t\t""planet"": ""Nebulon-5"",\n\t\t""sector"": ""Gamma Quadrant""\n\t},\n\n\t""species_list"": [\n\t\t{\n\t\t\t""name"": ""Solarian Panther"",\n\t\t\t""origin"": ""Helios Cluster"",\n\t\t\t""diet"": ""Photonivore"",\n\t\t\t""enclosure"": {\n\t\t\t\t""id"": 101,\n\t\t\t\t""habitat_type"": ""Radiant Savannah""\n\t\t\t}\n\t\t},\n\t\t{\n\t\t\t""name"": ""Cryo Marmoset"",\n\t\t\t""origin"": ""Frostbelt"",\n\t\t\t""diet"": ""C",,
KIVI-4,021802,CSV to YAML,T-conversion,CSV,YAML,fp16_only,regressed,regressed,1,0,1.0,0.0,-1.0,1.0,0.0,-1.0,end_code,end_code,255,271,indentation_or_mapping_syntax,"mapping values are not allowed here   in ""<unicode string>"", line 2, column 12:     Museum_Name: Museum of Imaginary History\                ^",\\nMuseum_Name: Museum of Imaginary History\\nLocation:\\n  City: Wonderville\\n  Country: Fantasia\\nEstablished_Year: 1899\\nCurators:\\n  - name: Dr. Luna Sparks\\n    specialty: Ancient Robotics\\n    years_experience: 12\\n  - name: Prof. Orion Vale\\n    specialty: Time Travel Artifacts\\n    years_experience: 8\\nExhibits:\\n  - title: Clockwork Pharaoh\\n    year: 1923\\n    artifacts:\\n      - Gears\\n      - Golden Mask\\n      - Sand Vial\\n  - title: The Lost Symphony\\n    year: 2001\\n    artifacts:\\n ,,
KIVI-4,021805,CSV to YAML,T-conversion,CSV,YAML,fp16_only,regressed,unchanged,1,0,0.2,0.0,-0.2,0.0,0.0,0.0,end_code,end_code,260,233,indentation_or_mapping_syntax,"mapping values are not allowed here   in ""<unicode string>"", line 2, column 12:     planet_name: Gliese 581g                ^",\\nplanet_name: Gliese 581g\nsystem:\n star_name: Gliese 581\n star_type: Red Dwarf\n distance_from_earth: 20.3\ndiscovery:\n year: 2010\n method: Radial Velocity\n team:\n - name: Dr. L. Vogt\n role: Lead Scientist\n - name: Dr. S. Butler\n role: Data Analyst\nmoons:\n - moon_name: Zarmina\n diameter_km: 3500\n - moon_name: Phobos\n diameter_km: 2200\natmosphere:\n composition:\n - Nitrogen\n - Oxygen\n pressure_atm: 1.2\nsurface:\n temperature_C: -37\n has_water: Yes\n landmarks:\n - Crater Lake\n - The Great Ridge\nnotes:,,
KIVI-4,021822,CSV to YAML,T-conversion,CSV,YAML,fp16_only,regressed,regressed,1,0,1.0,0.0,-1.0,1.0,0.0,-1.0,end_code,end_code,196,220,indentation_or_mapping_syntax,"mapping values are not allowed here   in ""<unicode string>"", line 2, column 10:     spaceship: \              ^",\\nspaceship: \\n  name: SS-Enterprise \\n  model: Nebula-X \\n  crew: \\n    captain: Jane Starfield \\n    first_officer: Max Quasar \\n    engineers: \\n      - name: Elon Plasma \\n        specialty: Astrophysics \\n      - name: Ada Ion \\n        specialty: Quantum Drives \\n  missions: \\n    - mission_name: Europa Survey \\n      destination: Europa \\n      success: true \\n    - mission_name: Saturn Rings \\n      destination: Saturn \\n      success: false \\n  specs: \\n    length_m: 120 \\n    mass_tons,,
KIVI-4,021823,CSV to YAML,T-conversion,CSV,YAML,fp16_only,regressed,regressed,1,0,0.75,0.0,-0.75,0.6923076923076923,0.0,-0.6923076923076923,end_code,end_code,375,336,indentation_or_mapping_syntax,"mapping values are not allowed here   in ""<unicode string>"", line 2, column 9:     - galaxy:             ^",\\n- galaxy:\n  name: Andromeda\n  type: Spiral\n  distance_mly: 2.537\n  constellation: Andromeda\n  discovery:\n    year: 964\n    method: Optical\n  observatories:\n  - Hubble\n  - Spitzer\n  notable_features:\n    black_hole_mass_solar: 1.4e8\n    star_clusters: Globular\n    satellite_galaxies:\n    - name: M32\n      distance_kly: 2.65\n    - name: M110\n      distance_kly: 2.91\n :\n- galaxy:\n    name: Sombrero\n    type: Spiral\n    distance_mly: 31.1\n    constellation: Virgo\n    discovery:\n      year: 1781\n  ,,
KIVI-4,021840,CSV to YAML,T-conversion,CSV,YAML,fp16_only,regressed,unchanged,1,0,0.2,0.0,-0.2,0.0,0.0,0.0,end_code,end_code,382,386,indentation_or_mapping_syntax,"mapping values are not allowed here   in ""<unicode string>"", line 2, column 7:     - name: Aurelia           ^",\\n- name: Aurelia\n  orbital_data:\n    semi_major_axis: 1.2\n    eccentricity: 0.05\n    inclination: 3.2\n  atmosphere:\n    composition:\n      - gas: Nitrogen\n        percentage: 78\n      - gas: Oxygen\n        percentage: 21\n    pressure: 1.0\n  moons:\n    - name: Titania\n      diameter_km: 1577\n      discovery:\n        year: 1787\n    - name: Oberon\n      diameter_km: 1523\n      discovery:\n        year: 1787\n  surface:\n    temperature_mean_c: 14.5\n    has_liquid_water: TRUE\n :\n- name: Borealis\n  orb,,
KIVI-4,101818,TOML to YAML,T-conversion,TOML,YAML,fp16_only,regressed,regressed,1,0,1.0,0.0,-1.0,1.0,0.0,-1.0,end_code,end_code,221,245,indentation_or_mapping_syntax,"mapping values are not allowed here   in ""<unicode string>"", line 2, column 7:     planet:           ^","\\nplanet:\n name: ""Zyphora""\n discovery_year: 2347\n moons:\n - Lunara\n - Ecliptix\n - Thalos\n atmosphere:\n composition:\n - argon\n - xenon\n - neon\n pressure: 0.7\n missions:\n - name: ""Voyager Omega""\n year: 2350\n success: true\n crew:\n - name: ""Dr. Nira Voss""\n role: ""Commander""\n - name: ""Eli Morn""\n role: ""Engineer""\n - name: ""Zara Trent""\n role: ""Scientist"" # New crew member added\n\n - name: ""Stellar Quest""\n year: 2355\n success: false\n crew:\n - name: ""Ravi Kint""\n role: ""Pilot""",,
KIVI-4,101820,TOML to YAML,T-conversion,TOML,YAML,fp16_only,regressed,regressed,1,0,1.0,0.0,-1.0,1.0,0.0,-1.0,end_code,end_code,231,223,indentation_or_mapping_syntax,"mapping values are not allowed here   in ""<unicode string>"", line 2, column 10:     spaceship:              ^",\\nspaceship:\n name: Nebula Voyager\n model: XK-9000\n crew:\n - name: Lira Zen\n role: captain\n - name: Mako Trent\n role: first_officer\n specialists:\n - name: Quill\n role: Astro-Navigator\n - name: Pax\n role: Quantum Engineer\n specs:\n length_m: 120.5\n mass_tons: 3400\n engines:\n type: Graviton Pulse\n count: 4\n cargo:\n - item: Plasma Cells\n quantity: 150\n - item: Terraforming Seeds\n quantity: 80\n missions:\n - destination: Proxima Centauri b\n year: 2321\n success: true\n - destination: Kepler-442b\n year: ,,
KIVI-4,101827,TOML to YAML,T-conversion,TOML,YAML,fp16_only,regressed,regressed,1,0,1.0,0.0,-1.0,1.0,0.0,-1.0,end_code,end_code,233,206,indentation_or_mapping_syntax,"mapping values are not allowed here   in ""<unicode string>"", line 2, column 10:     spaceship:              ^",\\nspaceship:\n name: Nebula Voyager\n model: NVX-2024\n  crew:\n   captain: Juno Starling\n   first_officer: Milo Quark\n   engineers:\n    - name: Ari Vega\n      specialty: Warp Core\n    - name: Rin Kestrel\n      specialty: Life Support\n  missions:\n  - destination: Proxima Centauri\n    year: 2124\n    success: true\n  - destination: TRAPPIST-1e\n    year: 2126\n    success: false\n specs:\n  length_meters: 120.5\n  mass_tons: 3200\n  propulsion:\n    type: Fusion Drive\n    thrust_kn: 9500,,
KIVI-4,101829,TOML to YAML,T-conversion,TOML,YAML,fp16_only,regressed,regressed,1,0,1.0,0.0,-1.0,1.0,0.0,-1.0,end_code,end_code,359,348,indentation_or_mapping_syntax,"mapping values are not allowed here   in ""<unicode string>"", line 2, column 18:     galactic_festival:                      ^","\\ngalactic_festival:\n name: ""Nebula Harmony""\n year: 3057\n\n location:\n planet: ""Zyphora Prime""\n city: ""Luminara""\n\n dates:\n start: ""3057-07-12""\n end: ""3057-07-20""\n\n events:\n - title: ""Zero-Gravity Dance Off""\n type: ""Competition""\n participants:\n   - ""Team Orion""\n   - ""Stellar Movers""\n   - ""Gravity Rebels""\n\n - title: ""Alien Cuisine Showcase""\n type: ""Exhibition""\n participants:\n   - ""Chef Zarn""\n   - ""Chef Luma""\n\n - title: ""Quantum Light Parade""\n type: ""Parade""\n participants:\n   - ""Photon Riders""\n   - ",,
KIVI-4,101837,TOML to YAML,T-conversion,TOML,YAML,fp16_only,regressed,regressed,1,0,1.0,0.0,-1.0,1.0,0.0,-1.0,end_code,end_code,267,249,indentation_or_mapping_syntax,"mapping values are not allowed here   in ""<unicode string>"", line 2, column 10:     spaceship:              ^","\\nspaceship:\n name: Celestial Wanderer\n model: XG-9000\n in_service: true\n crew:\n - role: captain\n name: Lira Solis\n - role: pilot\n name: Jax Vorn\n engineers:\n - name: Mira Tann\n rank: Chief Engineer\n - name: Oren Pike\n rank: Junior Engineer\n cargo:\n - type: Quantum Batteries\n weight_kg: 1200\n - type: Alien Artifacts\n weight_kg: 500\n missions:\n completed: 12\n failed: 1\n specs:\n length_m: 72.5\n mass_tonnes: 340.7\n hyperdrive_rating: 2.1\n logbook:\n - date: ""3024-03-14""\n event: Departed from Vega St",,
KIVI-4,101841,TOML to YAML,T-conversion,TOML,YAML,fp16_only,regressed,regressed,1,0,1.0,0.0,-1.0,1.0,0.0,-1.0,end_code,end_code,269,248,indentation_or_mapping_syntax,"mapping values are not allowed here   in ""<unicode string>"", line 2, column 24:     galactic_rescue_mission:                            ^",\\ngalactic_rescue_mission:\n mission_name: Operation Nebula Dawn\n launch_date: '2125-04-17T09:00:00Z'\n\n crew:\n - name: Cmdr. Zora Lynx\n species: Human\n role: Mission Leader\n\n - name: Dr. Vex Tharn\n species: Andromedan\n role: Science Officer\n\n - name: R4X-9\n species: Synthetic\n role: Pilot\n\n ship:\n name: Starfire Eclipse\n type: Explorer-Class\n auxiliary_systems:\n - Cloaking Device\n - Quantum Drive\n\n destination:\n planet: Xyphos Prime\n coordinates:\n x: 4821.7\n y: -193.2\n z: 889.0\n\n objectives:\n - R,,
KIVI-2,000541,Text to JSON,T-generation,Text,JSON,fp16_only,regressed,regressed,1,0,1.0,0.0,-1.0,1.0,0.0,-1.0,end_code,end_code,597,476,unbalanced_or_mismatched_delimiter,"Expecting ',' delimiter: line 38 column 27 (char 843)","{\n  ""museum"": {\n    ""name"": ""Louvre Museum"",\n    ""city"": ""Paris"",\n    ""country"": ""France"",\n    ""established_year"": 1793,\n    ""director"": ""Jean-Luc Martinez"",\n    ""location"": {\n      ""city"": ""Paris"",\n      ""country"": ""France""\n    },\n    ""opening_hours"": {\n      ""weekdays"": ""10:00-17:45"",\n      ""weekends"": ""10:00-17:45""\n    }\n  },\n  ""exhibits"": [\n    {\n      ""title"": ""Mona Lisa"",\n      ""artist"": ""Leonardo da Vinci"",\n      ""year_created"": 1503,\n      ""medium"": ""oil on poplar panel"",\n      ""dimensio",,
KIVI-2,000542,Text to JSON,T-generation,Text,JSON,fp16_only,regressed,unchanged,1,0,0.2,0.0,-0.2,0.0,0.0,0.0,end_code,end_code,752,1372,unbalanced_or_mismatched_delimiter,"Expecting ',' delimiter: line 32 column 18 (char 873)","{\n  ""title"": ""Crispy Quinoa Tacos with Black Beans and Mango Salsa"",\n  ""cuisine"": ""Mexican"",\n  ""difficulty"": ""medium"",\n  ""prep_time_minutes"": 20,\n  ""cook_time_minutes"": 15,\n  ""recipe"": [\n    {\n      ""name"": ""Quinoa"",\n      ""quantity"": 1.5,\n      ""unit"": ""cups"",\n      ""instruction"": ""Rinse quinoa under cold water and cook according to package instructions."",\n      ""duration_minutes"": 15,\n      ""tools"": [""pot"", ""strainer""],\n      ""calories"": 222,\n      ""protein_grams"": 8,\n      ""carbs_grams"": 39,\n",,
KIVI-2,000544,Text to JSON,T-generation,Text,JSON,fp16_only,regressed,regressed,1,0,1.0,0.0,-1.0,1.0,0.0,-1.0,end_code,end_code,329,331,unbalanced_or_mismatched_delimiter,"Expecting ',' delimiter: line 26 column 29 (char 559)","{\n  ""planet"": {\n    ""name"": ""Gliese-581g"",\n    ""discovery"": {\n      ""year"": 2009,\n      ""method"": ""transit""\n    },\n    ""orbital_parameters"": {\n      ""semi_major_axis"": 0.0367,\n      ""eccentricity"": 0.55,\n      ""inclination"": 46.2\n    },\n    ""atmosphere"": {\n      ""composition"": {\n        ""primary_gas"": ""Hydrogen"",\n        ""trace_gases"": [""Methane"", ""Water vapor""]\n      },\n      ""pressure"": 1.5\n    },\n    ""moons"": [\n      {\n        ""name"": ""Moon_1"",\n        ""diameter_km"": 1270,\n        ""orbit"": {\n",,
KIVI-2,001007,Text to TOML,T-generation,Text,TOML,fp16_only,regressed,regressed,1,0,1.0,0.0,-1.0,1.0,0.0,-1.0,end_code,end_code,344,326,invalid_key_syntax,"Invalid initial character for a key part (at line 1, column 10)","robot = {\n  model = ""PioneerDX101""\n  serial_number = ""1234567890""\n\n  manufacturer = {\n    name = ""Cyberbotics""\n    country = ""Switzerland""\n  }\n\n  operating_system = {\n    version = ""ROS:Noetic""\n    release_date = ""2020-10-01""\n  }\n\n  sensors = [\n    {\n      type = ""Lidar""\n      range_meters = 12.0\n      calibrated = true\n    },\n    {\n      type = ""Camera""\n      range_meters = 5.0\n      calibrated = false\n    }\n  ]\n\n  actuators = [\n    {\n      name = ""Gripper""\n      max_force_newtons = 5.0\n      s",,
KIVI-2,001009,Text to TOML,T-generation,Text,TOML,fp16_only,regressed,regressed,1,0,0.47,0.0,-0.47,0.3333333333333333,0.0,-0.3333333333333333,end_code,end_code,271,338,invalid_key_syntax,"Invalid initial character for a key part (at line 1, column 9)","star = {\n  name = ""HD-207147"",\n  type = ""G-type"",\n  distance_lightyears = 11.5,\n  discovery = {\n    year = 1985,\n    method = ""Optical telescope""\n  },\n  planets = [\n    {\n      name = ""Kepler-1b"",\n      mass_earths = 2.5,\n      orbital_period_days = 370,\n      atmosphere = {\n        composition = [""Nitrogen"", ""Oxygen"", ""Carbon Dioxide""],\n        pressure_atm = 1.5,\n        has_rings = false,\n        temperature_celsius = 450,\n        surface = {\n          temperature_celsius = 500\n        }\n    ",,
KIVI-2,001010,Text to TOML,T-generation,Text,TOML,fp16_only,regressed,regressed,1,0,0.5,0.0,-0.5,0.375,0.0,-0.375,end_code,end_code,696,578,invalid_key_syntax,"Invalid initial character for a key part (at line 1, column 11)","recipe = {\n  title = ""Spaghetti Bolognese""\n  author = ""John Doe""\n  cuisine = ""Italian""\n  difficulty = ""medium""\n\n  prep_time = { minutes = 15 }\n  cook_time = { minutes = 30 }\n\n  ingredients = [\n    {\n      name = ""Spaghetti""\n      quantity = 200\n      unit = ""grams""\n      optional = false\n    },\n    {\n      name = ""Ground Beef""\n      quantity = 400\n      unit = ""grams""\n      optional = false\n    },\n    {\n      name = ""Tomato Sauce""\n      quantity = 500\n      unit = ""milliliters""\n      optional = ",,
KIVI-2,001035,Text to TOML,T-generation,Text,TOML,fp16_only,regressed,regressed,1,0,1.0,0.0,-1.0,1.0,0.0,-1.0,end_code,end_code,269,264,invalid_key_syntax,"Invalid initial character for a key part (at line 1, column 14)","ecosystem = {\n name = ""The Crystal Forest"",\n location = {\n latitude = 32.1,\n longitude = -110.2,\n },\n climate = {\n type = ""Temperate"",\n average_temperature_c = 15.5,\n annual_rainfall_mm = 750,\n },\n species = [\n {\n Common_name = ""Crystal Bear"",\n Scientific_name = ""Ursus crystallinus"",\n Population_estimate = 500,\n Conservation_status = ""Endangered"",\n Notable_characteristics = [""Large crystals grow in its fur"", ""Omnivorous""],\n },\n {\n Common_name = ""Glowing Orchid"",\n Scientific_name = ""Phalaenopsis ",,
KIVI-2,001700,Text to XML,T-generation,Text,XML,fp16_only,regressed,regressed,1,0,0.63,0.0,-0.63,0.5333333333333333,0.0,-0.5333333333333333,end_code,eos,945,919,missing_end_marker,missing_end_marker,"<recipe xmlns=""http://www.example.com/recipe"">\n <title>Chocolate Chip Cookies</title>\n <author>\n <name>John Doe</name>\n <contact>\n <email>john.doe@example.com</email>\n </contact>\n </author>\n <ingredients>\n <ingredient>\n <name>All-purpose flour</name>\n <quantity>2</quantity>\n <unit>cups</unit>\n </ingredient>\n <ingredient>\n <name>Baking soda</name>\n <quantity>1</quantity>\n <unit>teaspoon</unit>\n </ingredient>\n <ingredient>\n <name>Salt</name>\n <quantity>1</quantity>\n <unit>teaspoon</unit>\n </ingred",,
KIVI-2,001709,Text to XML,T-generation,Text,XML,fp16_only,regressed,regressed,1,0,0.57,0.0,-0.57,0.4666666666666667,0.0,-0.4666666666666667,end_code,end_code,350,362,invalid_token,"not well-formed (invalid token): line 17, column 21","<creature key=""Frostbite_Dragon"">\n  <habitat>\n    <region>Arctic</region>\n    <climate>Extremely cold</climate>\n    <features>Ice caps, glaciers, frozen tundra</features>\n  </habitat>\n  <anatomy>\n    <limbs count=""4"">\n      <type>Legs</type>\n    </limbs>\n  </anatomy>\n  <anatomy>\n    <senses>\n      <ability name=""Infrared_Vision"">\n        <range>50_meters</range>\n      </ability>\n      <primary sense name=""Vision"" range=""10_meters""/>\n    </senses>\n  </anatomy>\n  <behavior>\n    <diet>Carnivore</di",,
KIVI-2,001713,Text to XML,T-generation,Text,XML,fp16_only,regressed,regressed,1,0,0.96,0.0,-0.96,0.9444444444444444,0.0,-0.9444444444444444,end_code,eos,423,522,missing_end_marker,missing_end_marker,<recipe>\n <title>Chocolate Chip Cookies</title>\n <author>\n <name>John Doe</name>\n <id>1</id>\n </author>\n <ingredients>\n <ingredient>\n <name>Flour</name>\n <quantity>2</quantity>\n <unit>cups</unit>\n <optional>false</optional>\n </ingredient>\n <ingredient>\n <name>Sugar</name>\n <quantity>1</quantity>\n <unit>cup</unit>\n <optional>false</optional>\n </ingredient>\n <ingredient>\n <name>Chocolate Chips</name>\n <quantity>2</quantity>\n <unit>cups</unit>\n <optional>false</optional>\n </ingredient>\n </ingredien,,
KIVI-2,001714,Text to XML,T-generation,Text,XML,fp16_only,regressed,regressed,1,0,0.63,0.0,-0.63,0.5333333333333333,0.0,-0.5333333333333333,end_code,end_code,296,344,extra_content_or_multiple_roots,"junk after document element: line 15, column 0","<planet>\n <name>Fictional Planet</name>\n <type>Gas Giant</type>\n <discovery>\n  <year>2050</year>\n  <method>Radar Imaging</method>\n </discovery>\n <atmosphere>\n  <composition>Nitrogen, Methane, Hydrogen</composition>\n  <pressure>1.5</pressure>\n </atmosphere>\n <moons>\n </moons>\n</planet>\n<planet.moons>\n</planet.moons>\n<planet.moons add=""true"">\n <name>Moon1</name>\n <diameter>1072</diameter>\n <discovery_date>2060-03-15</discovery_date>\n <features>\n </features>\n </planet.moons>\n <planet.moons.features",,
KIVI-2,001719,Text to XML,T-generation,Text,XML,fp16_only,regressed,regressed,1,0,0.68,0.0,-0.68,0.6,0.0,-0.6,end_code,end_code,748,902,unbalanced_or_mismatched_delimiter,"mismatched tag: line 44, column 3","<recipe title=""Chicken Alfredo"">\n <author>\n <name>John Doe</name>\n <contact>\n <email>john.doe@example.com</email>\n <phone countryCode=""+1"">1234567890</phone>\n </contact>\n </author>\n <nutrition>\n <calories>650</calories>\n <nutritionFacts>\n <total>\n <name>Total</name>\n <energy>\n <calories>650</calories>\n </energy>\n </total>\n <macronutrients>\n <carbohydrates>\n <name>Carbohydrates</name>\n <amount unit=""g"">35</amount>\n </carbohydrates>\n <protein>\n <name>Protein</name>\n <amount unit=""g"">45</amount>\n <",,
KIVI-2,001722,Text to XML,T-generation,Text,XML,fp16_only,regressed,regressed,1,0,0.89,0.0,-0.89,0.8666666666666667,0.0,-0.8666666666666667,end_code,end_code,310,1278,unbalanced_or_mismatched_delimiter,"mismatched tag: line 86, column 2","<recipe xmlns=""http://www.w3.org/2005/Atom"" xmlns:recipe=""http://recipe-schema.net/Recipe2006-11-gschneider"">\n <title>Chocolate Chip Cookies</title>\n <author>\n  <name>John Doe</name>\n  <contact>\n   <email>john.doe@example.com</email>\n  </contact>\n </author>\n <recipe:recipe xml:base=""http://example.com/recipes/chocolate-chip-cookies"">\n  <recipe:name>Chocolate Chip Cookies</recipe:name>\n  <recipe:description>Delicious chocolate chip cookies recipe</recipe:description>\n  <recipe:cuisine xml:lang=""e",,
KIVI-2,001725,Text to XML,T-generation,Text,XML,fp16_only,regressed,regressed,1,0,0.35,0.0,-0.35,0.1875,0.0,-0.1875,end_code,end_code,479,440,invalid_token,"not well-formed (invalid token): line 8, column 18","<galaxy name=""Fictional Galaxy"" discoveryYear=""2025"" type=""Spiral"">\n <stars>\n  <star name=""Star A"" spectralClass=""G"" ageMillionYears=""4.5"" massSolar=""1.2"">\n   <planets>\n    <planet name=""Planet X"" massEarths=""5.3"" hasLife=""true"">\n     <atmosphere>\n      <composition>Nitrogen, Oxygen, Argon</composition>\n      <pressureAtm=""1.5"" />\n     </atmosphere>\n     <moons>\n      <moon name=""Moon A"" diameterKm=""1200"" discoveryDate=""2030-01-01"">\n      </moon>\n      <moon name=""Moon B"" diameterKm=""500"" discov",,
KIVI-2,001727,Text to XML,T-generation,Text,XML,fp16_only,regressed,regressed,1,0,0.95,0.0,-0.95,0.9333333333333333,0.0,-0.9333333333333333,end_code,eos,860,1001,missing_end_marker,missing_end_marker,"<recipe>\n <metadata>\n </metadata>\n <recipe name=""Spaghetti Bolognese"" author=""John Doe"" cuisine=""Italian"">\n <prepTime>30</prepTime>\n <cookTime>60</cookTime>\n <servings>4</servings>\n <ingredients>\n <ingredient>\n <name>Spaghetti</name>\n <quantity>400</quantity>\n <unit>grams</unit>\n </ingredient>\n <ingredient>\n <name>Ground Beef</name>\n <quantity>500</quantity>\n <unit>grams</unit>\n </ingredient>\n <ingredient>\n <name>Tomatoes</name>\n <quantity>4</quantity>\n <unit>pieces</unit>\n </ingredient>\n <ingre",,
KIVI-2,001730,Text to XML,T-generation,Text,XML,fp16_only,regressed,regressed,1,0,0.67,0.0,-0.67,0.5882352941176471,0.0,-0.5882352941176471,end_code,eos,780,831,missing_end_marker,missing_end_marker,<recipe>\n <title>Chicken Alfredo</title>\n <author>\n <name>John Doe</name>\n <role>chef</role>\n </author>\n <metadata>\n <cuisine>Italian</cuisine>\n <difficulty>easy</difficulty>\n <servings>4</servings>\n <tags>\n <tag>chicken</tag>\n <tag>pasta</tag>\n <tag>alfredo</tag>\n </tags>\n </metadata>\n <nutrition>\n <calories>500</calories>\n <macros>\n <protein>30</protein>\n <carbohydrates>50</carbohdrates>\n <fat>20</fat>\n </macros>\n </nutrition>\n <ingredients>\n <ingredient>\n <name>chicken breast</name>\n <quantit,,
KIVI-2,001734,Text to XML,T-generation,Text,XML,fp16_only,regressed,regressed,1,0,0.65,0.0,-0.65,0.5625,0.0,-0.5625,end_code,end_code,368,320,extra_content_or_multiple_roots,"junk after document element: line 25, column 1",<creature>\n <name>Creature_Name</name>\n <origin>\n <galaxy>Galaxy_Name</galaxy>\n <planet>Home_Planet</planet>\n </origin>\n <species>Creature_Species</species>\n <appearance>\n <height>Height_in_cm</height>\n <color>Primary_Color</color>\n <appendages>\n <type>Appendage_Type</type>\n <count>Number_of_Appendages</count>\n </appendages>\n </appearance>\n <traits>\n <trait>\n <type>Trait_Type</type>\n <description>Trait_Description</description>\n <rarity>Trait_Rarity</rarity>\n </trait>\n ...\n </traits>\n </creature,,
KIVI-2,001741,Text to XML,T-generation,Text,XML,fp16_only,regressed,regressed,1,0,0.41,0.0,-0.41,0.26666666666666666,0.0,-0.26666666666666666,end_code,end_code,247,212,unbalanced_or_mismatched_delimiter,"mismatched tag: line 11, column 3","<planet name=""Fictional Planet X-27"" mass=""1.5e24"">\n <orbit distance=""3.14"" period=""365.25""/>\n <atmosphere composition=""Nitrogen, Oxygen, Carbon Dioxide, Water Vapor"">\n <pressure type=""atm"" value=""1013.25""/>\n </atmosphere>\n <moons>\n <moon name=""Moon1"" radius=""1734"" discovered_by=""Astronomer A"" discovery_date=""2000-01-01"">\n <rings>\n <ring inner_radius=""12345"" outer_radius=""12356"" composition=""Ice and Rock"">\n </ring>\n </moon>\n </moons>\n</planet>",,
KIVI-2,001744,Text to XML,T-generation,Text,XML,fp16_only,regressed,regressed,1,0,0.25,0.0,-0.25,0.06666666666666667,0.0,-0.06666666666666667,end_code,end_code,260,387,extra_content_or_multiple_roots,"junk after document element: line 13, column 1","<planet name=""Aetheria"" orbitalPeriod=""365.237"">\n <discovery year=""2050"" method=""Direct Imaging"" telescope=""SpaceX_Deep_Space_Telescope"">\n </discovery>\n <atmosphere composition=""Nitrogen, Oxygen, Methane, Carbon Dioxide"" pressure=""1.2"" temperature=""273.15"">\n </atmosphere>\n <surface>\n <features>\n <feature type=""Mountain"" coordinates=""45.32N, 123.45E"">\n </feature>\n </features>\n </surface>\n </planet>\n <planet name=""Aetheria_I"" moonOf=""Aetheria"">\n <discovery year=""2052"" name=""Team_Lunar_Exploration""",,
KIVI-2,001748,Text to XML,T-generation,Text,XML,fp16_only,regressed,regressed,1,0,0.68,0.0,-0.68,0.6,0.0,-0.6,end_code,end_code,733,729,unbalanced_or_mismatched_delimiter,"mismatched tag: line 76, column 2","<recipe xmlns=""http://www.w3.org/2005/Atom"">\n <title>Chicken Alfredo</title>\n <metadata>\n <author>\n <name>\n <name>John Doe</name>\n </name>\n <contact type=""email"">johndoe@example.com</contact>\n </author>\n <recipeType>dish</recipeType>\n <cuisine>Italian</cuisine>\n <difficulty>medium</difficulty>\n <servings>4</servings>\n </metadata>\n <recipe xml:base=""http://example.com/recipes/chicken_alfredo"">\n <ingredients>\n <item>\n <name>Chicken Breast</name>\n <quantity>4</quantity>\n <unit>piece</unit>\n </item>",,
KIVI-2,001801,Text to YAML,T-generation,Text,YAML,fp16_only,regressed,regressed,1,0,1.0,0.0,-1.0,1.0,0.0,-1.0,end_code,eos,343,361,missing_end_marker,missing_end_marker,"museum:\n  name: ""Musee d'Art de la Ville de Paris""\n  location:\n    city: ""Paris""\n    country: ""France""\n  founded_year: 1902\n  director:\n    name: ""Sophie Lévy""\n    tenure_years: 10\n  exhibits:\n  - title: ""The Starry Night""\n    artist: ""Vincent van Gogh""\n    year: 1889\n    medium: ""Oil on canvas""\n    dimensions:\n      height_cm: 73.7\n      width_cm: 92.1\n    on_loan: false\n    provenance:\n      previous_owners: [""Van Gogh family"", ""Robert Hoener"", ""Heinrich-Thannhauser""]\n      acquisition_date: """,,
KIVI-2,001803,Text to YAML,T-generation,Text,YAML,fp16_only,regressed,regressed,1,0,1.0,0.0,-1.0,1.0,0.0,-1.0,end_code,end_code,351,228,other_parser_error,"expected a single document in the stream   in ""<unicode string>"", line 2, column 1:     museum:     ^ but found another document   in ""<unicode string>"", line 26, column 1:     ---     ^","---\nmuseum:\n  name: ""Museum of Modern Artisans""\n  location:\n    city: ""New York""\n    country: ""USA""\n  founded_year: 1958\n  director:\n    full_name: ""Dr. Maria Gonzalez""\n    tenure_years: 10\n  galleries:\n    - title: ""Contemporary Sculpture Gallery""\n      floor: 3\n      artworks:\n        - artist: ""Jacob Moore""\n          title: ""The Awakening""\n          year_created: 2015\n          medium: ""Bronze""\n          on_display: true\n        - artist: ""Ada Chen""\n          title: ""Dancing in the Rain""\n    ",,
KIVI-2,001807,Text to YAML,T-generation,Text,YAML,fp16_only,regressed,regressed,1,0,0.73,0.0,-0.73,0.6666666666666666,0.0,-0.6666666666666666,end_code,eos,526,348,missing_begin_marker,"missing_begin_marker, missing_end_marker","<|YAML\ncreature:\n  name: ""Xylox""\n  species: ""Xyloxian""\n  origin:\n    planet: ""Zeta-7""\n    galaxy: ""Andromeda""\n  abilities:\n    - type: ""Telekinesis""\n      description: ""Can move objects with its mind up to a power level of 8""\n      power_level: 8\n    - type: ""Regeneration""\n      description: ""Can heal injuries at a rate of 1 HP per second, up to a power level of 5""\n      power_level: 5\n  physical_traits:\n    height_cm: 250\n    coloration: ""Blue and purple, with iridescent spots""\n    limbs:\n     ",,
KIVI-2,001811,Text to YAML,T-generation,Text,YAML,fp16_only,regressed,regressed,1,0,1.0,0.0,-1.0,1.0,0.0,-1.0,end_code,eos,336,301,missing_begin_marker,"missing_begin_marker, missing_end_marker",<|YAML:\nexpedition:\n  name: Interplanetary Discovery Mission-1 (IDM-1)\n  launch_date: 2035-05-01\n  destination:\n    planet: Mars\n    moons:\n    - Phobos\n    - Deimos\n  crew:\n  - role: Commander\n    name: John Doe\n    age: 45\n    skills:\n    - Leadership\n    - Navigation\n    - Emergency Response\n  - role: Engineer\n    name: Jane Smith\n    age: 38\n    skills:\n    - Mechanical Engineering\n    - Electrical Engineering\n    - Robotics\n  cargo:\n    supplies:\n      food_kg: 1000\n      water_liters: 5000,,
KIVI-2,001812,Text to YAML,T-generation,Text,YAML,fp16_only,regressed,regressed,1,0,0.89,0.0,-0.89,0.8666666666666667,0.0,-0.8666666666666667,end_code,end_code,251,282,other_parser_error,"while parsing a block collection   in ""<unicode string>"", line 26, column 7:           - days: [""Monday"", ""Wednesday"",  ...            ^ expected <block end>, but found '?'   in ""<unicode string>"", line 27, column 7:           times: [""11:00"", ""14:00"", ""17:00""]           ^","brewery:\n  name: ""Fantasy Falls Brewery""\n  location:\n    city: ""Brewville""\n    country: ""Aleland""\n  founded_year: 2010\n  owner: ""John Doe""\n  beers:\n    - name: ""Golden Dream IPA""\n      style: ""India Pale Ale""\n      abv: 6.5\n      awards:\n        - title: ""Best IPA""\n          year: 2015\n          organization: ""Brewland Beer Awards""\n    - name: ""Midnight Stout""\n      style: ""Stout""\n      abv: 7.2\n      awards:\n        - title: ""Gold Medal""\n          year: 2018\n          organization: ""World Beer ",,
KIVI-2,001815,Text to YAML,T-generation,Text,YAML,fp16_only,regressed,regressed,1,0,1.0,0.0,-1.0,1.0,0.0,-1.0,end_code,eos,198,201,missing_begin_marker,"missing_begin_marker, missing_end_marker","<|YAML\nmuseum:\n  name: ""Fantasy Fine Arts Museum""\n  location:\n    city: ""Artaviana""\n    country: ""Land of Arte""\n  established_year: 1985\n  director:\n    name: ""Dr. Maria Artisana""\n    tenure_years: 15\n  galleries:\n    - title: ""Classical Gallery""\n      theme: ""European Paintings from the 14th to the 18th Century""\n      artworks:\n        - title: ""The Starry Night""\n          artist: ""Vincent van Gogh""\n          year_created: 1889\n          dimensions:\n            height_cm: 29\n            width_c",,
KIVI-2,001821,Text to YAML,T-generation,Text,YAML,fp16_only,regressed,regressed,1,0,1.0,0.0,-1.0,1.0,0.0,-1.0,end_code,eos,301,325,missing_end_marker,missing_end_marker,"---\nexpedition:\n  mission_name: ""Abyssal Discovery: Exploring the Mariana Trench""\n  launch_date: ""2023-07-15""\n  duration_days: 60\n  crew:\n    - name: ""Dr. Emma Thompson""\n      role: ""Expedition Leader""\n      age: 42\n      skills: [""Marine Biology"", ""Deep-sea Submersible Operations"", ""Fluent in Japanese""]\n    - name: ""Captain James O'Sullivan""\n      role: ""Chief Engineer""\n      age: 38\n      skills: [""Submersible Maintenance"", ""Navigation"", ""Electrical Engineering""]\n  cargo:\n    manifest_id: ""MT-",,
KIVI-2,001833,Text to YAML,T-generation,Text,YAML,fp16_only,regressed,regressed,1,0,1.0,0.0,-1.0,1.0,0.0,-1.0,end_code,end_code,224,220,other_parser_error,"expected a single document in the stream   in ""<unicode string>"", line 2, column 1:     planet:     ^ but found another document   in ""<unicode string>"", line 24, column 1:     ---     ^","---\nplanet:\n  name: ""Fictional Planet""\n  type: ""Gas Giant""\n  discovery:\n    year: 2050\n    method: ""Telescope""\n  atmosphere:\n    composition:\n      - ""Hydrogen""\n      - ""Helium""\n      - ""Methane""\n    pressure: 101.3\n    temperature: 110.5\nmoons:\n  - name: ""Moon1""\n    diameter_km: 1500\n    orbital_period_days: 30.4\n    surface_features:\n      - feature_type: ""Crater""\n        description: ""A large impact crater with a diameter of 200 km, named 'Cratersus'.""\n        coordinates: ""5°S, 120°E""\n\n---",,
KIVI-2,001836,Text to YAML,T-generation,Text,YAML,fp16_only,regressed,regressed,1,0,1.0,0.0,-1.0,1.0,0.0,-1.0,end_code,eos,304,281,missing_begin_marker,"missing_begin_marker, missing_end_marker","<|YAML:\nartifact:\n name: ""Amulet of the Sunken Serpent""\n origin: ""Ancient Egypt""\n discovery:\n  year: 2012\n  discoverer: ""Dr. Amelia Carter and Team""\n materials: [""Gold"", ""Lapis Lazuli"", ""Carnelian""]\n dimensions:\n  height_cm: 7.5\n  width_cm: 3.2\n  depth_cm: 1.5\n features:\n - type: ""Amulet""\n description: ""An intricately designed golden amulet in the shape of a serpent, adorned with precious stones.""\n condition: ""Well-preserved""\n - type: ""Inscription""\n description: ""Ancient hieroglyphs inscribed on",,
KIVI-2,001837,Text to YAML,T-generation,Text,YAML,fp16_only,regressed,regressed,1,0,1.0,0.0,-1.0,1.0,0.0,-1.0,end_code,end_code,259,340,other_parser_error,"while parsing a block mapping   in ""<unicode string>"", line 16, column 7:         - name: ""Cassowary""           ^ expected <block end>, but found '<block mapping start>'   in ""<unicode string>"", line 17, column 9:             population_estimate: 1500             ^","---\necosystem:\n  name: ""Rainforest Ecosystem of Papua New Guinea""\n  location:\n    region: ""Pacific Islands""\n    country: ""Papua New Guinea""\n  climate:\n    type: ""Tropical""\n    average_temperature_celsius: 27.5\n  flora:\n  - - name: ""Melastoma malabathricum""\n      population_estimate: 1000000\n      conservation_status: ""Least Concern""\n      species: ""Melastoma""\n  - fauna:\n    - name: ""Cassowary""\n        population_estimate: 1500\n        diet: ""Omnivore""\n        species: ""Casuarius casuarius""\n     ",,
KIVI-2,001842,Text to YAML,T-generation,Text,YAML,fp16_only,regressed,regressed,1,0,1.0,0.0,-1.0,1.0,0.0,-1.0,end_code,eos,294,221,missing_begin_marker,"missing_begin_marker, missing_end_marker","<|YAML\nmuseum:\n  name: ""Imaginary Art Museum""\n  location:\n    city: ""New York""\n    country: ""USA""\n  founding_year: 2000\n  director:\n    director:\n      full_name: ""Jane Doe""\n      tenure_years: 15\n  exhibits:\n  - title: ""The Starry Night""\n    artist: ""Vincent van Gogh""\n    year_created: 1889\n    medium: ""Oil on canvas""\n    dimensions:\n      height_cm: 73.7\n      width_cm: 73.9\n    on_display: true\n    provenance:\n      previous_owners: [""Van Gogh Museum, Amsterdam"", ""Private Collection""]\n      a",,
KIVI-2,020503,CSV to JSON,T-conversion,CSV,JSON,fp16_only,regressed,unchanged,1,0,0.2,0.0,-0.2,0.0,0.0,0.0,end_code,end_code,492,342,invalid_leading_token,Expecting value: line 1 column 1 (char 0),"\{""planet"": [{\""name\"": \""Aurelia\"", \""star\"": {\""name\"": \""Helios\"", ""distance_from_earth_ly\"": 42, ""discovery_year\"": 2077}, ""type\"": \""Oceanic\"", ""name_of_first_moon\"": null, ""atmosphere"": {\""composition\"": [""O2"", ""N2"", ""Ar""], ""pressure"": 1.2, ""habitable"": true}, ""moons\"": 2, ""name_of_second_moon\"": null, ""observation_missions"": [{\""mission_name\"": ""StellarEye"", ""year"": 2080, ""instruments"": [""Spectrometer"", ""IR Camera""]}, {\""mission_name\"": ""DeepScan"", ""year"": 2083, ""instruments"": [""Radio Arr",,
KIVI-2,020509,CSV to JSON,T-conversion,CSV,JSON,fp16_only,regressed,unchanged,1,0,0.2,0.0,-0.2,0.0,0.0,0.0,end_code,end_code,321,502,literal_escaped_layout_outside_string,Expecting value: line 1 column 1 (char 0),"\n{\n""ships"": [\n  {\n    ""id"": ""SS-42\"",\n    ""name"": ""Starfire\"",\n    ""class"": ""Explorer\"",\n    ""captain"": ""Jane Nova\"",\n    ""firstOfficer"": ""Tom Quasar\"",\n    ""engineers"": [\n      {\n        ""name"": ""Lila Sparks\"",\n        ""specialty"": ""Propulsion\""\n      },\n      {\n        ""name"": ""Max Volt\"",\n        ""specialty"": ""Shields\""\n      },\n      {\n        ""name"": ""Shields\"",\n        ""specialty"": ""Engineering - Power\""\n      },\n      {\n        ""name"": ""Max Volt\"",\n        ""special",,
KIVI-2,020510,CSV to JSON,T-conversion,CSV,JSON,fp16_only,regressed,unchanged,1,0,0.2,0.0,-0.2,0.0,0.0,0.0,end_code,end_code,368,818,invalid_leading_token,Expecting value: line 1 column 1 (char 0),"\[\n  {\n    ""planet"": {\n      ""name"": ""Kepler-452b"",\n      ""star"": {\n        ""name"": ""Kepler-452"",\n        ""distance_from_earth_ly"": 1400,\n        ""discovery"": {\n          ""year"": 2015,\n          ""method"": ""Transit"",\n          ""telescope"": {\n            ""name"": ""Kepler Space Telescope""\n          },\n          ""team:"": [\n            {\n              ""name"": ""Dr. Jane Smith"",\n              ""role"": ""Lead Scientist""\n            },\n            {\n              ""name"": ""Dr. Alan Brown"",\n              ""rol",,
KIVI-2,020516,CSV to JSON,T-conversion,CSV,JSON,fp16_only,regressed,unchanged,1,0,0.2,0.0,-0.2,0.0,0.0,0.0,end_code,end_code,636,1018,literal_escaped_layout_outside_string,Expecting value: line 1 column 1 (char 0),"\n{\n  ""planets"": [\n    {\n      ""name"": ""Aurelia"",\n      ""star"": {\n        ""name"": ""Helios"",\n        ""distance_ly"": 42.5,\n        ""discovery"": {\n          ""year"": 2087,\n          ""method"": ""Transit""\n        },\n        ""atmosphere"": {\n          ""composition"": [{\n            ""gas"": ""Nitrogen"",\n            ""percentage"": 78\n          }, {\n            ""gas"": ""Oxygen"",\n            ""percentage"": 21,\n          }, {\n            ""gas"": ""Argon"",\n            ""percentage"": 1\n          }]\",,
KIVI-2,020521,CSV to JSON,T-conversion,CSV,JSON,fp16_only,regressed,unchanged,1,0,0.2,0.0,-0.2,0.0,0.0,0.0,end_code,end_code,707,727,literal_escaped_layout_outside_string,Expecting value: line 1 column 1 (char 0),"\n{\n  ""players"": [\n    {\n      ""id"": ""001"",\rn      ""name"": ""Aria"",\rn      ""species"": ""Elf"",\rn      ""level"": 12,\n      ""inventory"": {\n        ""items"": [""Bow"", ""Health Potion"", ""Map""],\n        ""gold"": 150\n      },\n      ""skills"": [{\n          ""name"": ""Archery"",\rn          ""level"": 5,\n          ""cooldown"": 2\n        }, {\n          ""name"": ""Stealth"",\rn          ""level"": 3,\n          ""cooldown"": 5\n        }],\n      ""quests"": [{\n          ""id"": ""Q101"",\rn          ""status"": ""active"",\rn ",,
KIVI-2,020523,CSV to JSON,T-conversion,CSV,JSON,fp16_only,regressed,unchanged,1,0,0.2,0.0,-0.2,0.0,0.0,0.0,end_code,end_code,577,507,invalid_leading_token,Expecting value: line 1 column 1 (char 0),"\[\n{""planet_name"": ""Aurelia"", ""discovery"": {""year"": 2087, ""method"": ""Transit""}, ""discovery_telescope"": ""Starshade Array"", ""orbit"": {""semimajor_axis_au"": 1.3, ""eccentricity"": 0.02, ""period_days"": 512}, ""atmosphere"": [{""gas"": ""Nitrogen"", ""percentage"": 78}, {""gas"": ""Oxygen"", ""percentage"": 21}], ""atmosphere_pressure_bars"": 1.2, ""moons"": [{""name"": ""Lunara"", ""diameter_km"": 3200, ""has_atmosphere"": true, ""has_other_properties"": {}}, {""name"": ""Phobos"", ""diameter_km"": 2200, ""has_atmosphere"": false, ""has_o",,
KIVI-2,020527,CSV to JSON,T-conversion,CSV,JSON,fp16_only,regressed,unchanged,1,0,0.2,0.0,-0.2,0.0,0.0,0.0,end_code,end_code,483,357,invalid_leading_token,Expecting value: line 1 column 1 (char 0),"\{""space_mission"": ""Artemis I"",\\n  ""launch"": {\\n    ""date"": ""2024-11-16"",\\n    ""vehicle"": ""Orion""\\n  },\\n  ""crew"": [{\\n    ""name"": ""Alice Kim"",\\n    ""role"": ""Commander"",\\n    ""nationality"": ""USA""\\n  }, {\\n    ""name"": ""Raj Singh"",\\n    ""role"": ""Engineer"",\\n    ""nationality"": ""India""\\n  }],\\n  ""nationality"": ""USA"",\\n  ""payload"": {\\n    ""cargo"": ""Scientific Equipment"",\\n    ""weight_kg"": 1200,\\n    ""experiments"": [{\\n      ""experiment_name"": ""Lunar Soil Analysis"",\\n      ""status"": ""Pending""\\n    }, ",,
KIVI-2,020531,CSV to JSON,T-conversion,CSV,JSON,fp16_only,regressed,unchanged,1,0,0.2,0.0,-0.2,0.0,0.0,0.0,end_code,end_code,627,875,invalid_leading_token,Expecting value: line 1 column 1 (char 0),"\\n[{\n\t""name"": ""Saturn"",\n\t""type"": ""Gas Giant"",\n\t""distance_from_sun_au"": 9.58,\n\t""has_rings"": true,\n\t""moons"": 82,\n\t""atmosphere"": {\n\t\t""composition"": ""Hydrogen/Helium"",\n\t\t""layers"": [\n\t\t\t{\n\t\t\t\t""name"": ""Troposphere"",\n\t\t\t\t""altitude_range_km"": [0, 250]\n\t\t\t},\n\t\t\t{\n\t\t\t\t""name"": ""Stratosphere"",\n\t\t\t\t""altitude_range_km"": [250, 1000]\n\t\t\t}\n\t\t]\\n\t},\n\t""landing_sites"": [\n\t\t{\n\t\t\t""site_name"": ""Enceladus Base"",\n\t\t\t""coordinates"": {\n\t\t\t\t""latitu",,
KIVI-2,020548,CSV to JSON,T-conversion,CSV,JSON,fp16_only,regressed,unchanged,1,0,0.2,0.0,-0.2,0.0,0.0,0.0,end_code,end_code,510,438,invalid_leading_token,Expecting value: line 1 column 1 (char 0),"\{""galaxy_name"": ""Andromeda"",\\n ""location"": {\\n ""sector"": ""Alpha"",\\n ""quadrant"": null\\n },\\n ""discovery"": {\\n ""year"": 2398,\\n ""method"": ""Gravitational Lensing""\\n },\\n ""notable_planets"": [{\\n ""name"": ""Mira"",\\n ""type"": ""Gas Giant"",\\n ""habitability_score"": 4.2,\\n ""moons"": [{\\n ""name"": ""Phobos"",\\n ""type"": ""Terrestrial""\\n }, {\\n ""name"": ""Deimos""\\n }],\\n ""habitability_score"": null\\n }, {\\n ""name"": ""Talos"",\\n ""type"": ""Terrestrial"",\\n ""habitability_score"": 8.7,\\n ""moons"": [{\\n ""name"": ""Luna""\\n }],\\n ""ha",,
KIVI-2,170513,XML to JSON,T-conversion,XML,JSON,fp16_only,regressed,unchanged,1,0,0.2,0.0,-0.2,0.0,0.0,0.0,end_code,end_code,209,192,invalid_leading_token,Expecting value: line 1 column 1 (char 0),"\{\n  ""planetaryZoo"": [\n    {\n      ""name"": ""Gliese Prime"",\n      ""species"": [\n        {\n          ""type"": ""Glowfox"",\n          ""population"": 1200\n        },\n        {\n          ""type"": ""Bubbleback"",\n          ""population"": 350\n        }\n      ]\n    },\n    {\n      ""name"": ""Kryptonix"",\n      ""species"": [\n        {\n          ""type"": ""Iron Beetle"",\n          ""population"": 700\n        },\n        {\n          ""type"": ""Frostwing"",\n          ""population"": 90\n        }\n      ]\n    }\n  ]\n}\",,
KIVI-2,170517,XML to JSON,T-conversion,XML,JSON,fp16_only,regressed,regressed,1,0,1.0,0.0,-1.0,1.0,0.0,-1.0,end_code,end_code,260,301,invalid_leading_token,Expecting value: line 1 column 1 (char 0),"\\n{\n\\n  ""museum"": {\n\\n    ""name"": ""Imaginary Insect Museum"",\rn\\n    ""location"": {\n\\n      ""city"": ""Flutterville"",\rn\\n      ""country"": ""Buglandia""\n\\n    },\n\\n    ""exhibits"": [{\n\\n      ""title"": ""Glowworm Gala"",\rn\\n      ""year"": 2022,\n\\n      ""artifacts"": [{\n\\n          ""name"": ""Luminous Larva"",\rn\\n          ""type"": ""Specimen""\n\\n        },\n\\n        {\n\\n          ""name"": ""Bioluminescent Moss"",\rn\\n          ""type"": ""Habitat""\n\\n        }\n\\n      ]\n\\n    },\n\\n    {\n\\n      ""title"": ""A",,
KIVI-2,170530,XML to JSON,T-conversion,XML,JSON,fp16_only,regressed,regressed,1,0,1.0,0.0,-1.0,1.0,0.0,-1.0,end_code,eos,228,204,missing_end_marker,missing_end_marker,"\n{\n  ""spaceZoo"": {\n    ""aliens"": [\n      {\n        ""name"": ""Zorglax"",\n        ""species"": ""Quasarite"",\n        ""favoriteSnacks"": [\n          ""Plasma Puffs"",\n          ""Neutron Noodles""\n        ]\n      },\n      {\n        ""name"": ""Blip"",\n        ""species"": ""Astroblink"",\n        ""favoriteSnacks"": [\n          ""Comet Candy"",\n          ""Starlight Syrup""\n        ]\n      }\n    ],\n    ""galacticCaretaker"": {\n      ""name"": ""Captain Celestia"",\n      ""yearsExperience"": 42\n    }\n  }\n<",,
KIVI-2,170531,XML to JSON,T-conversion,XML,JSON,fp16_only,regressed,regressed,1,0,1.0,0.0,-1.0,1.0,0.0,-1.0,end_code,end_code,205,196,invalid_leading_token,Expecting value: line 1 column 1 (char 0),"\{""\\n  ""galacticZoo"": {\\n    ""animals"": [{\\n      ""name"": ""Zylox"",\\n      ""species"": ""Quasar Lynx"",\\n      ""origin"": {\\n        ""planet"": ""Xenthra"",\\n        ""galaxy"": ""Andromeda""\\n      }\\n    },{\\n      ""name"": ""Blippo"",\\n      ""species"": ""Stellar Puffin"",\\n      ""origin"": {\\n        ""planet"": ""Pluvia"",\\n        ""galaxy"": ""Milky Way""\\n      }\\n    }],\\n    ""curator"": {\\n      ""name"": ""Dr. Nebula"",\\n      ""species"": ""Human""\\n    }\\n  }\",,
KIVI-2,170532,XML to JSON,T-conversion,XML,JSON,fp16_only,regressed,regressed,1,0,1.0,0.0,-1.0,1.0,0.0,-1.0,end_code,end_code,237,181,invalid_leading_token,Expecting value: line 1 column 1 (char 0),"\{\n  ""galacticZoo"": {\n    ""animals"": [\n      {\n        ""species"": ""Quasar Lynx"",\n        ""name"": ""Nova"",\n        ""originPlanet"": ""Vega Prime"",\n        ""diet"": ""Stellar Berries""\n      },\n      {\n        ""species"": ""Plasma Tortoise"",\n        ""name"": ""Shellshock"",\n        ""originPlanet"": ""Andromeda IX"",\n        ""diet"": ""Nebula Algae""\n      }\n    ],\n    ""curator"": {\n      ""name"": ""Zylo"",\n      ""species"": ""Andromedan""\n    }\n  }",,
KIVI-2,170535,XML to JSON,T-conversion,XML,JSON,fp16_only,regressed,regressed,1,0,1.0,0.0,-1.0,1.0,0.0,-1.0,end_code,end_code,337,273,invalid_leading_token,Expecting value: line 1 column 1 (char 0),"\{\n  ""planetarium"": {\n    ""planets"": [\n      {\n        ""name"": ""Zephyra"",\n        ""type"": ""Gas Giant"",\n        ""moons"": [\n          {\n            ""moon_name"": ""Cirrus"",\n            ""diameter_km"": 1500,\n            ""features"": [\n              ""Ice Caves"",\n              ""Volcanoes""\n            ]\n          },\n          {\n            ""moon_name"": ""Stratus"",\n            ""diameter_km"": 800,\n            ""features"": [\n              ""Crystal Forests""\n            ]\n          }\n        ]\n      },\n      {\n ",,
KIVI-2,170536,XML to JSON,T-conversion,XML,JSON,fp16_only,regressed,regressed,1,0,1.0,0.0,-1.0,1.0,0.0,-1.0,end_code,end_code,339,281,invalid_leading_token,Expecting value: line 1 column 1 (char 0),"\{\n  ""planetarium"": \{\n    ""exhibits"": [\n      \{\n        ""name"": ""Solar System Wonders"",\n        ""planets"": [\n          \{\n            ""planetName"": ""Jupiter"",\n            ""moons"": [\n              \{\n                ""moonName"": ""Europa""\n              \},\n              \{\n                ""moonName"": ""Ganymede""\n              \}\n            ]\n          \},\n          \{\n            ""planetName"": ""Solar System Wonders"",\n            ""moons"": []\n          \}\n        ]\n      \},\n      \{\n        ""name""",,
KIVI-2,170544,XML to JSON,T-conversion,XML,JSON,fp16_only,regressed,regressed,1,0,1.0,0.0,-1.0,1.0,0.0,-1.0,end_code,end_code,211,283,invalid_leading_token,Expecting value: line 1 column 1 (char 0),"\\n{\n\\n  ""galaxy"": {\n\\n    ""name"": ""Andromeda"",\r\n    ""star_systems"": [\n\\n      {\n\\n        ""system_name"": ""Zeta Prime"",\r\n        ""planets"": [\n\\n          {\n\\n            ""planet_name"": ""Obelisk"",\r\n            ""moons"": [\n\\n              {""moon_name"": ""Calliope""},\r\n              {""moon_name"": ""Thalassa""}\\n            ]\\n          },\\n          {\n\\n            ""planet_name"": ""Helion"",\r\n            ""moons"": [{\n\\n              ""moon_name"": ""Nyx""\\n            }]\\n          }\\n        ]\\n      ",,
KIVI-2,170547,XML to JSON,T-conversion,XML,JSON,fp16_only,regressed,regressed,1,0,1.0,0.0,-1.0,1.0,0.0,-1.0,end_code,end_code,255,244,invalid_leading_token,Expecting value: line 1 column 1 (char 0),"\{\n  ""museum"": {\n    ""name"": ""Imaginary Oddities Museum"",\n    ""exhibits"": [\n      {\n        ""title"": ""Time-Traveling Teapots"",\n        ""artifacts"": [\n          {\n            ""artifactName"": ""Victorian Steam Kettle"",\n            ""yearDiscovered"": 1897\n          },\n          {\n            ""artifactName"": ""Quantum Mug"",\n            ""yearDiscovered"": 2042\n          }\n        ]\n      },\n      {\n        ""title"": ""Invisible Instruments"",\n        ""artifacts"": [\n          {\n            ""artifactName"": ""S",,
KIVI-2,180504,YAML to JSON,T-conversion,YAML,JSON,fp16_only,regressed,regressed,1,0,1.0,0.0,-1.0,1.0,0.0,-1.0,end_code,end_code,424,670,invalid_leading_token,Expecting value: line 1 column 1 (char 0),"\\n{\n\t""planet_name"": ""Zephyros"",\r\n\n\t""discovery"": {\n\t\t""year"": 2194,\n\t\t""telescope"": ""StellarScope X9"",\r\n\n\t\t""team"": [\n\t\t\t{\n\t\t\t\t""name"": ""Dr. Mira Chen"",\r\n\n\t\t\t\t""role"": ""Lead Astronomer""\\n\n\t\t\t},\\n\n\t\t\t{\n\t\t\t""name"": ""Prof. Luca Santori"",\r\n\n\t\t\t\t""role"": ""Data Analyst""\\n\n\t\t\t},\\n\n\t\t\t{\n\t\t\t\t""name"": ""Aisha Patel"",\r\n\n\t\t\t\t""role"": ""Robotics Engineer""\\n\n\t\t\t}\\n\n\t\t],\\n\n\t},\\n\n\t""physical_characteristics"": {\n\t\t""mass"": 2.3e25,\n\t\t""radius"": 9500,",,
KIVI-2,180506,YAML to JSON,T-conversion,YAML,JSON,fp16_only,regressed,regressed,1,0,1.0,0.0,-1.0,1.0,0.0,-1.0,end_code,end_code,474,473,invalid_leading_token,Expecting value: line 1 column 1 (char 0),"\\n{\n""planetName"": ""Zephyron"",\n\n""discovery"": {\n  ""year"": 2178,\n  ""method"": ""Gravitational Microlensing"",\n  ""team"": [\n    {""name"": ""Dr. Lin Wei""},\n    {""name"": ""Prof. Amina Sato""},\n    {""name"": ""Capt. Rilo Drax""}\n  ]\n},\n\n""orbitalParameters"": {\n  ""semiMajorAxis"": 1.7,\n  ""eccentricity"": 0.22,\n  ""inclination"": 13.5\n},\n\n""moons"": [\n  {\n    ""name"": ""Aeris\"",\n    ""diameter_km"": 3200,\n    ""composition"": ""Silicate""\n  },\n  {\n    ""name"": ""Lumin\"",\n    ""diameter_km"": 1450,\n    ""com",,
KIVI-2,180508,YAML to JSON,T-conversion,YAML,JSON,fp16_only,regressed,regressed,1,0,1.0,0.0,-1.0,1.0,0.0,-1.0,end_code,end_code,454,480,invalid_leading_token,Expecting value: line 1 column 1 (char 0),"\\n{\n  ""space_station"": {\n    ""name"": ""Nebula Outpost"",\rn    ""location"": {\n      ""orbit"": ""L2 Lagrange Point"",\rn      ""coordinates"": {\n        ""latitude"": 12.34,\n        ""longitude"": 56.78\n      }\n    },\n    ""modules"": [\n      {\n        ""module_name"": ""Aurora Lab"",\rn        ""purpose"": ""Astrobiology Research"",\rn        ""crew_capacity"": 6,\n        ""experiments"": [\n          {\n            ""experiment_name"": ""Microbe Growth"",\rn            ""status"": ""ongoing""\n          },\n          {\n ",,
KIVI-2,180509,YAML to JSON,T-conversion,YAML,JSON,fp16_only,regressed,regressed,1,0,0.96,0.0,-0.96,0.95,0.0,-0.95,end_code,end_code,351,360,invalid_leading_token,Expecting value: line 1 column 1 (char 0),"\{""planet_name"": ""Zephyra"",\\n  ""system"": {\\n    ""star"": ""Solara"",\\n    ""distance_from_star"": 1.4,\\n    ""orbital_period_days"": 412,\\n  },\\n  ""inhabitants"": {\\n    ""species"": ""Aerilith"",\\n    ""count"": 45000000,\\n    ""technologies"": [ ""Wind Harps"", ""Cloud Cities"", ""Skywriting Drones"" ]\\n  },\\n  ""landmarks"": [\\n    {\\n      ""name"": ""Whispering Peaks"",\\n      ""type"": ""Mountain Range"",\\n      ""history"": ""Ancient site of Aerilith council gatherings.""\\n    },\\n    {\\n      ""name"": ""Luminous Lake"",\\n    ",,
KIVI-2,180510,YAML to JSON,T-conversion,YAML,JSON,fp16_only,regressed,regressed,1,0,1.0,0.0,-1.0,1.0,0.0,-1.0,end_code,eos,399,470,missing_begin_marker,"missing_begin_marker, missing_end_marker","<|JSON\n{\n ""planet"": {\n ""name"": ""Zephyros"",\rn  ""atmosphere"": {\n ""composition"": [\n {""element"": ""nitrogen""}, {\n ""element"": ""argon""}, {\n ""element"": ""xenon""\n ],\n ""pressure"": 0.8,\n ""layers"": [\n {\n ""name"": ""Tropos"",\rn   ""altitude_range"": {\n ""min"": 0,\n ""max"": 15000\n },\n ""features"": []\n },\n {\n ""name"": ""Stratos"",\rn   ""altitude_range"": {\n ""min"": 15000,\n ""max"": 50000\n },\n ""features"": []\n }\n ],\n ""moons"": [\n {\n ""name"": ""Galea"",\rn   ""diameter_km"": 3120,\n ""features"": [\n {\n ""name"":",,
KIVI-2,180512,YAML to JSON,T-conversion,YAML,JSON,fp16_only,regressed,regressed,1,0,1.0,0.0,-1.0,1.0,0.0,-1.0,end_code,end_code,425,291,invalid_leading_token,Expecting value: line 1 column 1 (char 0),"\{""planet_name"": ""Zephyra-9"", ""system"": {""star_name"": ""Solara"", ""distance_from_earth_ly"": 1420, ""planets"": [{""name"": ""Zephyra-9a"", ""type"": ""terrestrial"", ""moons"": [{""name"": ""Lunara""}, {""name"": ""Thalassa""}]}, {""name"": ""Zephyra-9b"", ""type"": ""gas_giant"", ""moons"": [{""name"": ""Borealis""}]}]}, ""flora"": {""dominant_species"": {""species_name"": ""Aetherbloom"", ""characteristics"": {""color"": ""iridescent blue"", ""height_m"": 2.5}}}, ""fauna"": [{""name"": ""Skyrunner"", ""diet"": ""herbivore""}, {""name"": ""Shadowfang"", ""diet",,
KIVI-2,180513,YAML to JSON,T-conversion,YAML,JSON,fp16_only,regressed,regressed,1,0,1.0,0.0,-1.0,1.0,0.0,-1.0,end_code,end_code,355,371,missing_begin_marker,missing_begin_marker,"<|BEGIN_CODE\\n{\n  ""planet"": {\n    ""name"": ""Zephyria"",\n    ""atmosphere"": {\n      ""composition"": [\n        { ""element"": ""nitrogen"" },\n        { ""element"": ""argon"" },\n        { ""element"": ""xenon"", ""isTrace"": true }\n      ],\n      ""pressure"": 0.6\n    },\n    ""moons"": [\n      { ""name"": ""Borealis"" },\n      { ""name"": ""Caligo"" }\n    ],\n    ""discovery"": {\n      ""year"": 2378,\n      ""discoverer"": ""Dr. Lian Song"",\n      ""telescope"": ""Eventide Array""\n    },\n    ""rings"": {\n      ""count"": 2,\n      ""materials"": ",,
KIVI-2,180516,YAML to JSON,T-conversion,YAML,JSON,fp16_only,regressed,regressed,1,0,1.0,0.0,-1.0,1.0,0.0,-1.0,end_code,end_code,480,441,invalid_leading_token,Expecting value: line 1 column 1 (char 0),"\\n{\n  ""galactic_zoo"": {\n    ""name"": ""Nebula Fauna Reserve"",\r\n      ""location"": {\n        ""sector"": ""Andromeda-5"",\r\n        ""planet"": ""Xylon"",\r\n        ""coordinates"": {\n          ""x"": 1024.7,\n          ""y"": -58.2,\n          ""z"": 300.0\n        }\n      },\n      ""opening_year"": 3125,\n      ""visitor_stats"": {\n        ""annual_visitors"": 1200000,\n        ""highest_traffic_day"": ""Stellar Equinox""\n      },\n      ""habitats"": [\n        {\n          ""name"": ""Crystal Caverns"",\rn          ""specie",,
KIVI-2,180519,YAML to JSON,T-conversion,YAML,JSON,fp16_only,regressed,regressed,1,0,1.0,0.0,-1.0,1.0,0.0,-1.0,end_code,end_code,525,579,missing_begin_marker,missing_begin_marker,"<|BEGIN_CODE\\n{\n  ""galactic_zoo"": {\n    ""name"": ""Nebula Menagerie"",\n    ""location"": ""Andromeda Sector 5"",\n    ""established"": ""1972-07-16"",\n    ""director"": ""Dr. Vira Quell"",\n    ""species_catalog"": [\n      {\n        ""species_name"": ""Quasar Lynx"",\n        ""origin_planet"": ""Xyphos Prime"",\n        ""diet"": ""Stellar plankton"",\n        ""enclosure"": {\n          ""Aurora Dome 3""\n        },\n        ""notable_traits"": [\n          {\n            ""bioluminescent_fur"": true\n          },\n          {\n            ""t",,
KIVI-2,180520,YAML to JSON,T-conversion,YAML,JSON,fp16_only,regressed,regressed,1,0,1.0,0.0,-1.0,1.0,0.0,-1.0,end_code,end_code,431,622,invalid_leading_token,Expecting value: line 1 column 1 (char 0),"\\n{\n\t""name"": ""Zephyron\"",\n\n\t\""galactic_coordinates\"": {\n\t\t\""x\"": 2842.5,\n\t\t\""y\"": -192.4,\n\t\t\""z\"": 883.9,\n\t},\n\n\t\""atmosphere\"": {\n\t\t\""composition\"": [\""nitrogen\"", \""argon\"", \""trace_methane\""],\n\t\t\""pressure\"": 1.3,\n\t\t\""temperature\"": -54\n\t},\n\n\t\""inhabitants\"": {\n\t\t\""species\"": \""Aerolith\"",\n\t\t\""population\"": 3500000,\n\t\t\""languages\"": [\n\t\t\t{\""name\"": \""Zephyric\""},\n\t\t\t{\""name\"": \""Old Aerolith\""}\n\t\t]\n\t},\n\n\t\""flora\"": [\n\t\t{\""name\"": \""s",,
KIVI-2,180522,YAML to JSON,T-conversion,YAML,JSON,fp16_only,regressed,regressed,1,0,1.0,0.0,-1.0,1.0,0.0,-1.0,end_code,end_code,546,565,missing_begin_marker,missing_begin_marker,"<|BEGIN_CODE\n{\n ""galactic_zoo"": {\n  ""name"": ""Stellar Menagerie\"",\n  ""location"": {\n    ""sector"": ""Orion Arm\"",\n    ""planet"": ""Zyphora Prime\"",\n    ""galaxy"": ""Andromeda""\n  },\n  ""opening_year"": 3124,\n  ""species_catalog"": [\n    {\n      ""species_name"": ""Luminoctopus\"",\n      ""classification"": ""Cephalopod\"",\n      ""habitat"": ""Bio-luminescent Lakes\"",\n      ""diet"": ""Phototrophic\"",\n      ""average_lifespan"": 60\n    },\n    {\n      ""species_name"": ""Nebulon Lynx\"",\n      ""classification",,
KIVI-2,180524,YAML to JSON,T-conversion,YAML,JSON,fp16_only,regressed,regressed,1,0,1.0,0.0,-1.0,1.0,0.0,-1.0,end_code,eos,385,317,missing_end_marker,missing_end_marker,"\{""\n""planet_name"": ""Xylophar"",\n""discovery"": {\n""year"": 2147,\n""method"": ""Quantum Spectroscopy"",\n""team"": [\n{\n""name"": ""Dr. Lira Voss"",\n""role"": ""Astrobiologist""\n},\n{\n""name"": ""Prof. Tano Rill"",\n""role"": ""Exoplanetary Chemist""\n}\n]\n},\n""atmosphere"": {\n""composition"": [\n{\n""gas"": ""Xenon"",\n""percentage"": 62\n},\n{\n""gas"": ""Oxygen"",\n""percentage"": 27\n}\n],\n""pressure"": 1.8\n},\n""moons"": [\n{\n""name"": ""Zirra"",\n""diameter_km"": 3200,\n""has_rings"": false\n},\n{\n""name"": ""Plenth"",\n""diameter_km"": 800,\n""has_rings"": true\n}\n],\n""surfac",,
KIVI-2,180526,YAML to JSON,T-conversion,YAML,JSON,fp16_only,regressed,regressed,1,0,1.0,0.0,-1.0,1.0,0.0,-1.0,end_code,end_code,417,427,literal_escaped_layout_outside_string,Expecting value: line 1 column 1 (char 0),"\n{\n  ""expedition"": {\n    ""name"": ""Voyager Alpha"",\rn    ""launch_date"": ""2087-11-15"",\rn    ""crew_members"": [\n      ""Dr. Linh Tran"",\rn      ""Captain Omar Reyes"",\rn      ""Engineer Zoe Patel""\n    ],\n    ""destination"": {\n      ""planet"": ""Proxima b"",\rn      ""coordinates"": {\n        ""x"": 4.23,\n        ""y"": -1.09,\n        ""z"": 0.56\n      }\n    },\n    ""cargo"": {\n      ""supplies"": {\n        ""food"": ""Freeze-dried meals"",\rn        ""water"": ""Recycled H2O""\n      },\n      ""equipment"": [\n      ",,
KIVI-2,180527,YAML to JSON,T-conversion,YAML,JSON,fp16_only,regressed,regressed,1,0,1.0,0.0,-1.0,1.0,0.0,-1.0,end_code,end_code,537,530,invalid_leading_token,Expecting value: line 1 column 1 (char 0),"\\n{\\n  ""space_station"": {\\n    ""name"": ""Celestial Haven"",\r\n    ""location"": {\\n      ""planet"": ""Europa"",\r\n      ""orbit_altitude_km"": 210\\n    },\\n    ""crew_members"": [{\\n        ""name"": ""Dr. Lira Kwon"",\r\n        ""role"": ""Commander"",\r\n        ""species"": ""Human""\r\n      },{\\n        ""name"": ""Zyr'kall"",\r\n        ""role"": ""Engineer"",\r\n        ""species"": ""Xelorian""\r\n      },{\\n        ""name"": ""Mia Patel"",\r\n        ""role"": ""Botanist"",\r\n        ""species"": ""Human""\r\n      }\\n    ],\\n    ""laboratories"": [{\\n",,
KIVI-2,180529,YAML to JSON,T-conversion,YAML,JSON,fp16_only,regressed,regressed,1,0,1.0,0.0,-1.0,1.0,0.0,-1.0,end_code,eos,512,642,missing_begin_marker,"missing_begin_marker, missing_end_marker","<|JSON\n{\n  ""planet_name"": ""Zephyra\"",\n  \""system\"": {\n    \""star_name\"": \""Helion\"",\n    \""distance_from_earth_ly\"": 240.5,\n    \""discovery\"": {\n      \""mission\"": \""Odyssey Probe\"",\n      \""year\"": 2178,\n      \""equipment\"": \""Quantum Telescope\""\n    }\n  },\n  \""climate\"": {\n    \""average_temperature_c\"": -12,\n    \""atmosphere\"": {\n      \""composition\"": [\""nitrogen\"", \""argon\"", \""xenon\""],\n      \""pressure_atm\"": 0.8\n    }\n  },\n  \""inhabitants\"": {\n    \""species_list\"": [\n",,
KIVI-2,180532,YAML to JSON,T-conversion,YAML,JSON,fp16_only,regressed,regressed,1,0,1.0,0.0,-1.0,1.0,0.0,-1.0,end_code,end_code,423,455,invalid_leading_token,Expecting value: line 1 column 1 (char 0),"\\n{""spaceStation"": {\\n  ""name"": ""Nebula Outpost"",\\n  ""location"": {\\n    ""orbit"": ""Mars"",\\n    ""coordinates"": {\\n      ""latitude"": 12.34,\\n      ""longitude"": 56.78\\n    }\\n  },\\n  ""crew"": [{\\n    ""name"": ""Zara Quill"",\\n    ""role"": ""Commander"",\\n    ""species"": ""Human"",\\n    ""favoriteSnacks"": [""Dried Mango"", ""Space Pretzels""],\\n    ""status"": {} // Add status if needed\\n  },{\\n    ""name"": ""Gribnax"",\\n    ""role"": ""Science Officer"",\\n    ""species"": ""Xel'Naga"",\\n    ""favoriteSnacks"": [""Jelly Cubes"", ""M",,
KIVI-2,180533,YAML to JSON,T-conversion,YAML,JSON,fp16_only,regressed,regressed,1,0,1.0,0.0,-1.0,1.0,0.0,-1.0,end_code,end_code,350,339,invalid_leading_token,Expecting value: line 1 column 1 (char 0),"\{""planet_name"": ""Zephyros"",\\n  ""system"": {\\n    ""star"": ""Solara"",\\n    ""distance_from_star_au"": 0.95,\\n    ""moons"": [{\\n      ""name"": ""Luminis"",\r\n      ""diameter_km"": 3200,\\n      ""has_atmosphere"": true\\n    }, {\\n      ""name"": ""Umbra"",\r\n      ""diameter_km"": 1800,\\n      ""has_atmosphere"": false\\n    }]\\n  },\\n  ""surface"": {\\n    ""temperature_c"": 24,\\n    ""gravity_m_s2"": 9.8,\\n    ""terrain_types"": [""crystalline forests"", ""floating archipelagos"", ""iridescent plains""],\\n    ""water_presence"": ""abun",,
KIVI-2,180534,YAML to JSON,T-conversion,YAML,JSON,fp16_only,regressed,regressed,1,0,1.0,0.0,-1.0,1.0,0.0,-1.0,end_code,eos,436,465,missing_end_marker,missing_end_marker,"\{\n  ""planet"": {\n    ""name"": ""Zephyron"",\n    ""atmosphere"": {\n      ""composition"": ""Oxygen-Nitrogen-Argon"",\n      ""pressure"": 1.2,\n      ""layers"": [\n        {\n          ""name"": ""Troposphere"",\n          ""altitude_range_km"": [0, 15]\n        },\n        {\n          ""name"": ""Stratosphere"",\n          ""altitude_range_km"": [15, 50]\n        }\n      ]\n    },\n    ""moons"": [\n      {\n        ""name"": ""Lira"",\n        ""diameter_km"": 3200,\n        ""features"": {\n          ""ice_geysers"": true,\n          ""subsurface",,
KIVI-2,180535,YAML to JSON,T-conversion,YAML,JSON,fp16_only,regressed,regressed,1,0,1.0,0.0,-1.0,1.0,0.0,-1.0,end_code,end_code,413,408,invalid_leading_token,Expecting value: line 1 column 1 (char 0),"\\n{\n""planetName"": ""Zephyra"",\n""system"": {\n""starName"": ""Solara Prime"",\n""distanceFromEarth"": ""3200 light-years"",\n""discovery"": {\n""year"": 1987,\n""method"": ""Gravitational Microlensing""\n}\n},\n""atmosphere"": {\n""composition"": [ ""Nitrogen"", ""Xenon"", ""Oxygen"" ],\n""pressure"": 1.2,\n""layers"": [\n{\n""name"": ""Troposphere"",\n""altitudeRange"": { ""min"": 0, ""max"": 12 },\n},\n{\n""name"": ""Stratosphere"",\n""altitudeRange"": { ""min"": 12, ""max"": 50 }\n}\n]\n},\n""surface"": {\n""features"": [\n{\n""type"": ""Floating Mou",,
KIVI-2,180537,YAML to JSON,T-conversion,YAML,JSON,fp16_only,regressed,regressed,1,0,1.0,0.0,-1.0,1.0,0.0,-1.0,end_code,end_code,501,509,missing_begin_marker,missing_begin_marker,"<|BEGIN_CODE\n{\n  ""galactic_museum"": {\n    ""name"": ""Celestial Wonders Museum\"",\n    \""location\"": {\n      \""planet\"": \""Xylox Prime\"",\n      \""galaxy\"": \""Andromeda\""\n    },\n    \""established\"": 3124,\n    \""curator\"": {\n      \""name\"": \""Dr. Zephra Qul\"",\n      \""species\"": \""Quorian\"",\n      \""years_of_service\"": 42\n    },\n    \""exhibits\"": [\n      {\n        \""title\"": \""Stellar Fossils\"",\n        \""origin\"": \""Nebulae Sector 7\"",\n        \""artifact_count\"": 128,\n        \""int",,
KIVI-2,180540,YAML to JSON,T-conversion,YAML,JSON,fp16_only,regressed,regressed,1,0,1.0,0.0,-1.0,1.0,0.0,-1.0,end_code,end_code,574,933,invalid_leading_token,Expecting value: line 1 column 1 (char 0),"\\n{\n\t""planet_name"": ""Zephyria"",\r\n\t""atmosphere"": {\n\t\t""composition"": {\n\t\t\t""oxygen"": 18,\n\t\t\t""nitrogen"": 76,\n\t\t\t""argon"": 3,\n\t\t\t""xenon"": 1,\n\t\t\t""trace_gases"": [\n\t\t\t\t{""neon"": {}},\n\t\t\t\t{""krypton"": {}}\n\t\t\t]\n\t},\n\t""pressure"": 0.92,\n\t""layers"": [\n\t\t{\n\t\t\t""name"": ""Troposphere"",\rn\t\t\t""altitude_range_km"": [0, 14],\n\t\t\t\t""dominant_gas"": ""nitrogen""\n\t\t},\n\t\t{\n\t\t\t""name"": ""Stratosphere"",\rn\t\t\t""altitude_range_km"": [14, 50],\n\t\t\t\t""dominant_gas"": ",,
KIVI-2,180544,YAML to JSON,T-conversion,YAML,JSON,fp16_only,regressed,regressed,1,0,1.0,0.0,-1.0,1.0,0.0,-1.0,end_code,eos,367,371,missing_begin_marker,"missing_begin_marker, missing_end_marker","<|JSON\n{\n  ""spaceship"": {\n    ""name"": ""Starblazer Infinity\"",\n    ""model"": ""ZX-9000\"",\n    ""crew"": {\n      ""captain"": ""Zara Quell\"",\n      ""pilot"": ""Lio Tran\"",\n      ""engineers"": [\n        {\n          ""name"": ""Jex Vorn\"",\n          ""specialty"": ""propulsion\""\n        },\n        {\n          ""name"": ""Rina Sol\"",\n          ""specialty"": ""life support\""\n        }\n      ]\n    },\n    ""missions"": [{\n      ""mission_name"": ""Nebula Run\"",\n      ""destination"": ""Andromeda Outpost\"",\n   ",,
KIVI-2,180545,YAML to JSON,T-conversion,YAML,JSON,fp16_only,regressed,regressed,1,0,1.0,0.0,-1.0,1.0,0.0,-1.0,end_code,end_code,441,416,invalid_leading_token,Expecting value: line 1 column 1 (char 0),"\\n{\n""aliens"": {\n""Qorvaxian"": {\n""name"": ""Qorvaxian"",\n""characteristics"": {\n""height_meters"": 2.4,\n""num_limbs"": 6,\n""skin_color"": ""iridescent teal"",\n""special_abilities"": [\n{""name"": ""telepathy""},{\n""name"": ""bioluminescence""},{\n""name"": ""molecular manipulation""\n}\n],\n""height_meters"": 2.4\n},\n""home_planet"": ""Zenthra-7"",\n""galactic_id"": ""ZX7-203-ALPHA"",\n""first_contact"": {\n""year"": 2086,\n""location"": ""Lagrange Point 4"",\n""human_ambassadors"": [{""name"": ""Dr. Mina Patel""},{""name"": ""Captain Jorge",,
KIVI-2,180546,YAML to JSON,T-conversion,YAML,JSON,fp16_only,regressed,regressed,1,0,1.0,0.0,-1.0,1.0,0.0,-1.0,end_code,end_code,491,539,invalid_leading_token,Expecting value: line 1 column 1 (char 0),"\\n{\n  ""planet"": {\n    ""name"": ""Zygoth Prime"",\rn    ""atmosphere"": {\n      ""composition"": [""Nitrogen"", ""Argon"", ""Xenon""],\n      ""pressure"": 1.4\n    },\n    ""continents"": [\n      {\n        ""name"": ""Eldoria"",\rn        ""area"": 32000000,\n        ""major_cities"": [\n          {\n            ""city_name"": ""Luminaris"",\rn            ""population"": 12000000,\n            ""landmarks"": [""Crystal Spire"", ""Floating Gardens""]\n          },\n          {\n            ""city_name"": ""Virelia"",\rn            ""pop",,
KIVI-2,180547,YAML to JSON,T-conversion,YAML,JSON,fp16_only,regressed,regressed,1,0,1.0,0.0,-1.0,1.0,0.0,-1.0,end_code,eos,476,574,missing_begin_marker,"missing_begin_marker, missing_end_marker","<|Begin_Code|>\n{\n  ""space_station"": {\n    ""name"": ""Celestial Haven\"",\n    \""location\"": {\n      \""planet\"": \""Europa\"",\n      \""coordinates\"": {\n        \""latitude\"": 67.89,\n        \""longitude\"": -45.12\n      }\n    },\n    \""modules\"": [\n      {\n        \""module_name\"": \""Habitat Alpha\"",\n        \""purpose\"": \""Living Quarters\"",\n        \""crew\"": [\n          {\n            \""name\"": \""Dr. Lira Voss\"",\n            \""role\"": \""Commander\"",\n            \""schedule\"": [\n          ",,
KIVI-2,180548,YAML to JSON,T-conversion,YAML,JSON,fp16_only,regressed,regressed,1,0,1.0,0.0,-1.0,1.0,0.0,-1.0,end_code,end_code,500,414,invalid_leading_token,Expecting value: line 1 column 1 (char 0),"\{""galactic_zoo"": {\""name\"": \""Andromeda Galactic Zoo\"",\""location\"": \""Sector 9, Andromeda Spiral Arm\"",\""founded\"": 2487,\""director\"": \""Dr. Xyla Quarn\"",\""species_catalog\"": [{\""species_name\"": \""Nebulon Panther\"",\""planet_of_origin\"": \""Nebulon-5\"",\""diet\"": \""Carnivore\"",\""enclosure\"": {\""CryoDome A\"": {}},\""population\"": 6,\""notable_individuals\"": [{\""name\"": \""Shadowpounce\"",\""achievement\"": \""First Nebulon Panther born in captivity\""},{\""name\"": \""Stardust\"",\""achievement\"": \""Oldest liv",,
KIVI-2,180549,YAML to JSON,T-conversion,YAML,JSON,fp16_only,regressed,regressed,1,0,1.0,0.0,-1.0,1.0,0.0,-1.0,end_code,end_code,324,312,missing_begin_marker,missing_begin_marker,"<|BEGIN_CODE\n{\n  ""spaceship"": {\n    ""name"": ""Starhopper"",\n    ""model"": ""XJ-42"",\n    ""crew"": {\n      ""captain"": ""Zara Lin"",\n      ""pilot"": ""Jax Orion"",\n      ""engineer"": ""Miko Ren""\n    },\n    ""cargo"": [\n      {\n        ""type"": ""Quantum Crystals"",\n        ""weight_kg"": 500,\n        ""destination"": ""Proxima Outpost""\n      },\n      {\n        ""type"": ""Alien Artifacts"",\n        ""weight_kg"": 120,\n        ""destination"": ""Vega Station""\n      }\n    ],\n    ""logbook"": [\n      {\n        ""stardate"": 4523.5,\n   ",,
KIVI-2,051816,JSON to YAML,T-conversion,JSON,YAML,fp16_only,regressed,regressed,1,0,1.0,0.0,-1.0,1.0,0.0,-1.0,end_code,end_code,201,219,indentation_or_mapping_syntax,"mapping values are not allowed here   in ""<unicode string>"", line 3, column 7:       name: Zephyria\           ^",\\nplanet:\\n  name: Zephyria\\n  orbital_period_days: 412\\n  moons: 3\\n  atmosphere:\\n    composition: - Nitrogen\\n                 - Argon\\n                 - Helium\\n    pressure_kpa: 85.2\\n  rings:\\n    exists: true\\n    particles:\\n      - ice\\n      - silicate\\n      - carbon dust\\n  surface_features:\\n    - crystal_forests\\n    - floating_mountains\\n    - lava_seas\\n  inhabitants:\\n    - species: Aetherians\\n      population: 1200000\\n      sentient: true\\n    - species: Glintbeetles\\n      ,,
KIVI-2,051817,JSON to YAML,T-conversion,JSON,YAML,fp16_only,regressed,regressed,1,0,1.0,0.0,-1.0,1.0,0.0,-1.0,end_code,end_code,242,218,indentation_or_mapping_syntax,"mapping values are not allowed here   in ""<unicode string>"", line 2, column 10:     spaceship:              ^",\\nspaceship:\n  name: Starhopper X-7\n  model: ZX-Alpha\n  crew:\n    captain: Astra Nova\n    first_officer: Rex Volaris\n    engineers:\n    - name: Lira Quell\n      specialty: Warp Core\n    - name: Dax Orion\n      specialty: Shields\n  cargo:\n    - type: Quantum Crystals\n      weight_kg: 1500\n    - type: Alien Artifacts\n      weight_kg: 300\n  systems:\n    navigation:\n      status: Online\n    life_support:\n      oxygen_level: 98\n      status: Optimal\n  mission:\n    objective: Survey Exoplanet\n    dest,,
KIVI-2,051821,JSON to YAML,T-conversion,JSON,YAML,fp16_only,regressed,regressed,1,0,1.0,0.0,-1.0,1.0,0.0,-1.0,end_code,end_code,327,614,indentation_or_mapping_syntax,"mapping values are not allowed here   in ""<unicode string>"", line 2, column 12:     planet_name: Zyphora Prime                ^",\\nplanet_name: Zyphora Prime\nsystem:\n  star_name: Helion-7\n  distance_from_earth: 423.7\n  planets:\n  - name: Zyphora Prime\n    moons: 2\n    surface_features:\n    - type: Crystal Forest\n      description: >\n        A vast region covered in luminescent crystalline trees.\n    - type: Floating Lakes\n      description: Bodies of water suspended above the ground by magnetic fields.\n    inhabitants:\n      species: Aelith\n      population: 12000000\n      languages:\n      - Zyphorian\n      - Trade Common,,
KIVI-2,051825,JSON to YAML,T-conversion,JSON,YAML,fp16_only,regressed,regressed,1,0,1.0,0.0,-1.0,1.0,0.0,-1.0,end_code,end_code,215,194,missing_begin_marker,missing_begin_marker,<pre><code>\n---\nspaceship:\n  name: Nebula Voyager\n  model: XK-9000\n  crew:\n    captain: Zara Quill\n    officers:\n    - name: Lio Tran\n      role: First Officer\n    - name: Mira Solis\n      role: Chief Engineer\n  stats:\n    speed: 0.8c\n    range: 1200 light-years\n    armament:\n      lasers: 6\n      torpedoes: 12\n  missions:\n    - name: Andromeda Survey\n      success: true\n    - name: Nebula Rescue\n      success: false\n  docking_ports: 4\n  hull_integrity: 97.5\n</code></pre,,
KIVI-2,051826,JSON to YAML,T-conversion,JSON,YAML,fp16_only,regressed,regressed,1,0,1.0,0.0,-1.0,1.0,0.0,-1.0,end_code,end_code,257,278,indentation_or_mapping_syntax,"mapping values are not allowed here   in ""<unicode string>"", line 3, column 7:       name: Andromeda Fantastica\           ^",\\ngalaxy:\\n  name: Andromeda Fantastica\\n  type: Spiral\\n  distance_light_years: 25400000\\n  discovery:\\n    year: 964\\n    by: Abd al-Rahman al-Sufi\\n  stars:\\n    count: 1000000000000\\n    types:\\n      - Red Dwarf\\n      - Yellow Dwarf\\n      - Blue Giant\\n      - White Dwarf\\n  black_holes:\\n    supermassive:\\n      mass_solar: 140000000\\n      spin: 0.98\\n    stellar:\\n      - mass_solar: 12\\n        location: Sector 3-G\\n      - mass_solar: 8\\n        location: Sector 7-Q\\n  notable_events,,
KIVI-2,051836,JSON to YAML,T-conversion,JSON,YAML,fp16_only,regressed,regressed,1,0,1.0,0.0,-1.0,1.0,0.0,-1.0,end_code,end_code,346,313,missing_begin_marker,missing_begin_marker,<pre><code>\ngalacticZoo:\n  name: Nebula Fauna Reserve\n  location:\n    planet: Xylo-7\n    sector: Andromeda-Delta\n    coordinates:\n      x: 4829.2\n      y: -237.8\n  zookeepers:\n    - name: Zara Quell\n      species: Andromedan\n      yearsOfService: 12\n    - name: Tiko Marv\n      species: Terran\n      yearsOfService: 5\n  openToPublic: true\n  foundingYear: 2492\n  exhibits:\n    - creatureName: Luminoct\n      originPlanet: Gliese Prime\n      diet: Phototrophic\n      habitat:\n        type: Bioluminesce,,
KIVI-2,051845,JSON to YAML,T-conversion,JSON,YAML,fp16_only,regressed,regressed,1,0,1.0,0.0,-1.0,1.0,0.0,-1.0,end_code,end_code,253,278,indentation_or_mapping_syntax,"mapping values are not allowed here   in ""<unicode string>"", line 3, column 7:       name: Zyphora\           ^",\\nplanet:\\n  name: Zyphora\\n  type: Gas Giant\\n  discovery:\\n    year: 2129\\n    method: Gravitational Microlensing\\n  moons:\\n    - Orbis\\n    - Calyx\\n    - Virella\\n  atmosphere:\\n    composition:\\n      - Hydrogen\\n      - Helium\\n      - Methane\\n    pressure: 95.4\\n    layers:\\n      - name: Troposphere\\n        altitude_km: 0\\n      - name: Stratosphere\\n        altitude_km: 250\\n  surface:\\n    features:\\n      - type: Storm\\n        description: Perpetual crimson cyclone\\n      - type: ,,
KIVI-2,051846,JSON to YAML,T-conversion,JSON,YAML,fp16_only,regressed,regressed,1,0,1.0,0.0,-1.0,1.0,0.0,-1.0,end_code,end_code,292,332,missing_begin_marker,missing_begin_marker,<pre><code>\n---\nspaceship:\n  name: Nebula Voyager\n  model: XJ-9000\n  crew:\n    captain: Lira Solis\n    pilot: Jax Harrow\n    engineers:\n      - name: Quin Vega\n        specialty: Propulsion\n      - name: Mira Tann\n        specialty: Life Support\n  missions:\n    - destination: Proxima Centauri b\n      status: Completed\n      cargo:\n        - Research Drones\n        - Mineral Samples\n    - destination: TRAPPIST-1e\n      status: In Progress\n      cargo:\n        - Terraforming Equipment\n  specs:\n   ,,
KIVI-2,051848,JSON to YAML,T-conversion,JSON,YAML,fp16_only,regressed,regressed,1,0,1.0,0.0,-1.0,1.0,0.0,-1.0,end_code,end_code,254,254,missing_begin_marker,missing_begin_marker,<pre><code>spaceship:\n  name: Starlight Voyager\n  model: XJ-9000\n  year_built: 2087\n  crew:\n    captain: Luna Vega\n    officers:\n      - name: Rex Dalton\n        role: First Officer\n      - name: Mira Yao\n        role: Science Officer\n    engineers:\n      - name: Finn Harper\n        specialty: Propulsion\n      - name: Zoey Lin\n        specialty: Life Support\n  specs:\n    length_meters: 120.5\n    weight_tons: 9500\n    fuel_type: Antimatter\n    max_speed_kmh: 2500000\n  missions:\n    - mission_name,,
KIVI-2,021732,CSV to XML,T-conversion,CSV,XML,fp16_only,regressed,unchanged,1,0,0.2,0.0,-0.2,0.0,0.0,0.0,end_code,end_code,385,620,invalid_token,"not well-formed (invalid token): line 1, column 0",\<ship>\<id\> \<id\>\<name\> \<name\>\<specifications>\< captain>\< captain\_name\> \< captain\_rank\> \< captain\_species\>\<crew>\<crew\_1>\<crew\_1\_name\> \<crew\_1\_role\>\<crew\_1\_species\>\<crew\_2\>\<crew\_2\_name\> \<crew\_2\_role\>\<crew\_2\_species\>\</crew>\<missions>\<mission\_1\>\<mission\_1\_name\>\<mission\_1\_destination\>\<mission\_1\_success\>\<mission\_2\>\<mission\_2\_name\>\<mission\_2\_destination\>\<mission\_2\_success\>\</mission\>\</specifications>\<spec\_length\_meter,,
KIVI-2,171812,XML to YAML,T-conversion,XML,YAML,fp16_only,regressed,regressed,1,0,1.0,0.0,-1.0,1.0,0.0,-1.0,end_code,end_code,83,81,missing_begin_marker,missing_begin_marker,<|BEGIN_CODE\nplanet:\n  name: Glimmeron\n  creatures:\n    - species: Glowfox\n      habitat: Mossy Caves\n    - species: Skyfin\n      habitat: Floating Lakes\n  minerals:\n    - Lumite\n    - Starcrystal,,
KIVI-2,181712,YAML to XML,T-conversion,YAML,XML,fp16_only,regressed,regressed,1,0,0.38,0.0,-0.38,0.2222222222222222,0.0,-0.2222222222222222,end_code,eos,472,477,missing_begin_marker,"missing_begin_marker, missing_end_marker","<|XML version=""1.0"" encoding=""UTF-8""?>\n<spaceStation>\n  <name>Nebula Outpost</name>\n  <location>\n    <planet name=""Gliese 581g"">\n      <coordinates>\n        <latitude>-16.3</latitude>\n        <longitude>42.7</longitude>\n      </coordinates>\n    </planet>\n  </location>\n  <crewMembers>\n    <crewMember type=""Commander"">\n      <name>Zira Quarn</name>\n      <species>Human</species>\n      <role>Commander</role>\n    </crewMember>\n    <crewMember type=""Botanist"">\n      <name>Lox Vrell</name>\n      <spec",,
KIVI-2,100501,TOML to JSON,T-conversion,TOML,JSON,fp16_only,regressed,regressed,1,0,1.0,0.0,-1.0,1.0,0.0,-1.0,end_code,eos,369,437,missing_begin_marker,"missing_begin_marker, missing_end_marker","<code>\{""\\n  ""planet"": {\\n    ""name"": ""Zyphora"",\r\n    ""atmosphere"": {\\n      ""composition"": [""\\n        {\\n          'gas': 'Argon'\\n        },\\n        {\\n          'gas': 'Methane'\\n        },\\n        {\\n          'gas': 'Oxygen'\\n        }\\n      ""],\\n      ""pressure"": 2.3\\n    },\\n    ""atmosphereLayers"": [{\\n      ""name"": ""Troposphere"",\r\n      ""altitudeRange"": {""\\n        ""minAltitudeKm"": 0,\\n        ""maxAltitudeKm"": 15\\n      ""}\\n    }, {\\n      ""name"": ""Stratosphere"",\r\n      ""altitudeRang",,
KIVI-2,100505,TOML to JSON,T-conversion,TOML,JSON,fp16_only,regressed,regressed,1,0,1.0,0.0,-1.0,1.0,0.0,-1.0,end_code,end_code,464,488,invalid_leading_token,Expecting value: line 1 column 1 (char 0),"\{""\\n  ""space_station"": {\\n    ""name"": ""Aurora Outpost"",\\n    ""operational_status"": ""Active"",\\n    ""mascot"": ""Cosmo the Astro-Cat"",\\n    ""location"": {\\n      ""planet"": ""Ganymede"",\\n      ""coordinates"": {\\n        ""latitude"": 12.4567,\\n        ""longitude"": 98.7654\\n      }\\n    },\\n    ""crew"": [\r\n      ""Dr. Vega"",\r\n      ""Lt. Orion"",\r\n      ""Engineer Nova"",\r\n      ""Chef Luna""\r\n    ],\\n    ""modules"": [\r\n      {\\n        ""name"": ""Habitat Ring"",\r\n        ""purpose"": ""Living Quarters"",\r\n        ""statu",,
KIVI-2,100507,TOML to JSON,T-conversion,TOML,JSON,fp16_only,regressed,regressed,1,0,1.0,0.0,-1.0,1.0,0.0,-1.0,end_code,end_code,631,383,missing_begin_marker,missing_begin_marker,"<|BEGIN_CODE\n{\n  ""planet"": {\n    ""name"": ""Zephyria"",\n    ""type"": ""Gas Giant"",\n    ""discovery_year"": 2178,\n    ""moons"": [""Aurelia"", ""Boreas"", ""Calyx""],\n    ""atmosphere"": {\n      ""composition"": [""Hydrogen"", ""Helium"", ""Methane""],\n      ""pressure"": 95.2,\n      ""layers"": [\n        {\n          ""name"": ""Troposphere"",\n          ""altitude_range"": {\n            ""min"": 0,\n            ""max"": 50\n          }\n        },\n        {\n          ""name"": ""Stratosphere"",\n          ""altitude_range"": {\n            ""min""",,
KIVI-2,100509,TOML to JSON,T-conversion,TOML,JSON,fp16_only,regressed,regressed,1,0,1.0,0.0,-1.0,1.0,0.0,-1.0,end_code,end_code,396,380,missing_begin_marker,missing_begin_marker,"<|BEGIN_CODE\\n{\n  ""galaxy"": {\n    ""name"": ""Epsilon Aurigae Spiral"",\n    ""type"": ""Spiral"",\n    ""distance_mly"": 35000,\n    ""stars_count"": 120000000000,\n    ""notable_features"": [\n      ""dual core"",\n      ""gamma ray halo"",\n      ""ancient star cluster""\n    ],\n    ""discovery"": {\n      ""year"": 2301,\n      ""telescope"": ""DeepSpace Array V"",\n      ""team"": [\n        ""Dr. H. Moreno"",\n        ""Prof. K. Singh"",\n        ""Ada Luo""\n      ]\n    },\n    ""planets"": [\n      {\n        ""name"": ""Aurion"",\n        ""type"":",,
KIVI-2,100513,TOML to JSON,T-conversion,TOML,JSON,fp16_only,regressed,unchanged,1,0,0.2,0.0,-0.2,0.0,0.0,0.0,end_code,end_code,371,352,missing_begin_marker,missing_begin_marker,"<|BEGIN_CODE\\n{\n""galactic_resort"": {\n""name"": ""Nebula Vista"",\n""operational_since"": 3021,\n""rating"": 4.8,\n""location"": {\n""planet"": ""Auroria"",\n""sector"": ""Zeta-5"",\n""galaxy"": ""Andromeda""\n},\n""amenities"": [""Zero-G Pool"", ""Quantum Spa"", ""Holo-Theater"", ""Stellar Observatory""],\n""transport_options"": [""Teleportation Pad"", ""Shuttle Dock"", ""Wormhole Access""],\n""rooms"": [{\n""type"": ""Celestial Suite"",\n""view"": ""Supernova"",\n""features"": [""Anti-gravity bed"", ""Panoramic Dome"", ""Personal AI Concierge""]\n},",,
KIVI-2,100539,TOML to JSON,T-conversion,TOML,JSON,fp16_only,regressed,regressed,1,0,1.0,0.0,-1.0,1.0,0.0,-1.0,end_code,end_code,561,497,missing_begin_marker,missing_begin_marker,"<|BEGIN_CODE\n{\n  ""space_station"": {\n    ""name"": ""Celestial Haven"",\n    ""operational_since"": 2087,\n    ""is_docked"": true,\n    ""location"": {\n      ""planet"": ""Europa""\n    },\n    ""location"": {\n      ""coordinates"": {\n        ""latitude"": 12.3456,\n        ""longitude"": 78.9101\n      }\n    },\n    ""crew_members"": [\n      {\n        ""name"": ""Dr. Lira Moonsong"",\n        ""role"": ""Commander"",\n        ""species"": ""Human""\n      },\n      {\n        ""name"": ""Xel'Rath"",\n        ""role"": ""Engineer"",\n        ""species"": ",,
KIVI-2,100540,TOML to JSON,T-conversion,TOML,JSON,fp16_only,regressed,unchanged,1,0,0.2,0.0,-0.2,0.0,0.0,0.0,end_code,end_code,535,404,missing_begin_marker,missing_begin_marker,"<|BEGIN_CODE\n{\n  ""galactic_zoo"": {\n    ""name"": ""Stellar Menagerie"",\n    ""opening_year"": 3045,\n    ""curator"": ""Dr. Zynox Quark"",\n    ""location"": {\n      ""planet"": ""Nebulon-5"",\n      ""sector"": ""Gamma Quadrant""\n    },\n    ""species_list"": [\n      {\n        ""name"": ""Solarian Panther"",\n        ""origin"": ""Helios Cluster"",\n        ""diet"": ""Photonivore"",\n        ""enclosure"": {\n          ""id"": 101,\n          ""habitat_type"": ""Radiant Savannah""\n        }\n      },\n      {\n        ""name"": ""Cryo Marmoset"",\n   ",,
KIVI-2,021801,CSV to YAML,T-conversion,CSV,YAML,fp16_only,regressed,regressed,1,0,1.0,0.0,-1.0,1.0,0.0,-1.0,end_code,end_code,190,189,missing_begin_marker,missing_begin_marker,<|BEGIN_CODE\\nmission_name: Odyssey Alpha\nlaunch:\n  date: 2042-07-16\n  location:\n    site: Cape Canaveral\n    country: USA\ncrew:\n  - name: Dr. Jane Foster\n    role: Commander\n    experience_years: 12\n  - name: Alexei Ivanov\n    role: Pilot\n    experience_years: 7\npayload:\n  cargo: Satellite\n  weight_kg: 1200\n  experiments:\n  - title: Crystal Growth\n    field: Materials Science\n  - title: Photosynthesis in Microgravity\n    field: Biology\nduration_days: 180\nstatus: Completed,,
KIVI-2,021802,CSV to YAML,T-conversion,CSV,YAML,fp16_only,regressed,regressed,1,0,1.0,0.0,-1.0,1.0,0.0,-1.0,end_code,eos,255,302,missing_begin_marker,"missing_begin_marker, missing_end_marker",<|BEGIN_CODE\n\nMuseumName: Museum of Imaginary History\nlocation:\n  city: Wonderville\n  country: Fantasia\nestablished_year: 1899\ncurators:\n  - name: Dr. Luna Sparks\n    specialty: Ancient Robotics\n    years_experience: 12\n  - name: Prof. Orion Vale\n    specialty: Time Travel Artifacts\n    years_experience: 8\ncurators_count: 2\nexhibits:\n  - title: Clockwork Pharaoh\n    year: 1923\n    artifacts:\\n                  - Gears\n    - Golden Mask\n    - Sand Vial\n  - title: The Lost Sym,,
KIVI-2,021805,CSV to YAML,T-conversion,CSV,YAML,fp16_only,regressed,unchanged,1,0,0.2,0.0,-0.2,0.0,0.0,0.0,end_code,end_code,260,354,missing_begin_marker,missing_begin_marker,<|BEGIN_CODE\nplanet_name: Gliese 581g\nsystem:\n  star_name: Gliese 581\n  star_type: Red Dwarf\n  distance_from_earth: 20.3\ndiscovery:\n  year: 2010\n  method: Radial Velocity\n  teams:\n    - name: Dr. L. Vogt\n      role: Lead Scientist\n    - name: Dr. S. Butler\n      role: Data Analyst\nmoons:\n  - moon:\n      moon_name: Zarmina\n      diameter_km: 3500\n    - moon:\n      moon_name: Phobos\n      diameter_km: 2200\natmosphere:\n  composition:\n    - Nitrogen\n    - Oxygen\natmosphere_pressure: 1.2 atm\nsurface:,,
KIVI-2,021806,CSV to YAML,T-conversion,CSV,YAML,fp16_only,regressed,regressed,1,0,1.0,0.0,-1.0,1.0,0.0,-1.0,end_code,end_code,183,195,indentation_or_mapping_syntax,"mapping values are not allowed here   in ""<unicode string>"", line 2, column 10:     spaceship:              ^",\\nspaceship:\n name: Star Voyager\n model: EX-2000\n crew:\n - name: spaceship.crew.captain\n   role: Captain\n   - name: Jane Starfield\n   - role: First Officer\n   - name: Leo Quantum\n   role: Officer\n   - name: Max Nebula\n   role: Science Officer\n specs:\n length_m: 120\n mass_tons: 5000\n engines:\n - type: Ion Drive\n   thrust_kn: 4500\n engines:\n - type: Plasma Drive\n   thrust_kn: 3200\n missions:\n - name: Alpha Centauri Survey\n   success: true\n - name: Europa Supply\n   success: false,,
KIVI-2,021808,CSV to YAML,T-conversion,CSV,YAML,fp16_only,regressed,regressed,1,0,1.0,0.0,-1.0,1.0,0.0,-1.0,end_code,eos,208,205,missing_begin_marker,"missing_begin_marker, missing_end_marker",<|BEGIN_CODE\\nevent_name: Jazz Night\ndate: 2024-09-15\nlocation:\n  venue: Blue Note\n  city: New York\n  country: USA\nperformers:\n  - name: Ella Fitzgerald\n    instrument: Vocals\n    setlist:\n    - Summertime\n    - Misty\n  - name: Miles Davis\n    instrument: Trumpet\n    setlist:\n    - So What\n    - Freddie Freeloader\nschedule:\n  doors_open: 19:00\n  show_start: 20:00\n  show_end: 23:00\ntickets:\n  price: 75\n  sections:\n  - name: Balcony\n    available: 30\n  - name: Orchestra\n    available: 12\n|END_CODE,,
KIVI-2,021810,CSV to YAML,T-conversion,CSV,YAML,fp16_only,regressed,regressed,1,0,0.92,0.0,-0.92,0.9047619047619048,0.0,-0.9047619047619048,end_code,eos,249,285,missing_begin_marker,"missing_begin_marker, missing_end_marker",<|YAML\n\nexpedition:\n  name: Polar Aurora Quest\n  year: 2022\n  region: Arctic\n  leader: Dr. Linnea Frost\n  team_members:\n    - Alexei\n    - Mina\n    - Samir\n  equipment:\n    - type: Tent\n      quantity: 1\n      specs:\n        weight_kg: 2.3\n        brand: NorthFace\n    - type: Snowmobile\n      quantity: 1\n      specs:\n        weight_kg: 350\n        brand: Yamaha\n  objectives:\n    - Photograph auroras\n    - Collect ice core samples\n  milestones:\n  - name: Base Camp Establ,,
KIVI-2,021811,CSV to YAML,T-conversion,CSV,YAML,fp16_only,regressed,regressed,1,0,1.0,0.0,-1.0,1.0,0.0,-1.0,end_code,end_code,163,416,missing_begin_marker,missing_begin_marker,"<|BEGIN_CODE\\nplanet:\n  name: Zephyra\n  type: Gas Giant\n  moons:\n    - name: Calliope\n      diameter_km: 1200\n      composition: Ice and Rock\n    - name: Thalia\n      diameter_km: 900\n      composition: Rock and Metal\n  atmosphere:\n    primary_gases: [Hydrogen, Helium]\n    pressure_atm: 2.5\n    temperature_c: -160\n  discovery:\n    discovery_date: 2201-03-14\n    discovered_by: Dr. Lyra Mendez\n  planets: []\n\n  planet_1:\n    name: Zephyra\n    type: Gas Giant\n    moons:\n      - name: Calliope\n      ",,
KIVI-2,021814,CSV to YAML,T-conversion,CSV,YAML,fp16_only,regressed,regressed,1,0,0.93,0.0,-0.93,0.9090909090909091,0.0,-0.9090909090909091,end_code,end_code,167,200,indentation_or_mapping_syntax,"mapping values are not allowed here   in ""<unicode string>"", line 2, column 7:     galaxy: \           ^",\\ngalaxy: \\n  name: Andromeda \\n  type: Spiral \\n  distance_mly: 2530 \\n  constellation: Pegasus \\n  discovery: \\n    year: 964 \\n    astronomer: Abd al-Rahman al-Sufi \\n  planets: \\n  - name: Zyphron \\n    type: Gas Giant \\n    surface_features: \\n      - Storms \\n      - Crystals \\n    moons: 18 \\n    rings: yes \\n  - name: Elyra \\n    type: Terrestrial \\n    surface_features: \\n      - Canyons \\n      - Lakes \\n    moons: 2 \\n    rings: false \,,
KIVI-2,021819,CSV to YAML,T-conversion,CSV,YAML,fp16_only,regressed,unchanged,1,0,0.2,0.0,-0.2,0.0,0.0,0.0,end_code,end_code,358,335,indentation_or_mapping_syntax,"mapping values are not allowed here   in ""<unicode string>"", line 2, column 7:     planet: Xenon Prime           ^",\\nplanet: Xenon Prime\nname: Xenon Prime\nstar:\n name: Arcturus\n distance_from_earth: 22.5\n discovery:\n year: 2187\n method: Transit\n telescope: OrbitalEye\n moons:\n - name: Phobos\n size:\n diameter_km: 12.4\n has_atmosphere: False\n - name: Deimos\n size:\n diameter_km: 8.2\n has_atmosphere: True\n atmosphere:\n composition:\n - Nitrogen\n - Oxygen\n pressure_atm: 0.9\n temperature:\n temperature_C: 23\n has_liquid_water: True\n\nplanet: Auroria\nname: Auroria\nstar:\n name: Betelgeuse\n discovery:\n year: 2290\n method,,
KIVI-2,021821,CSV to YAML,T-conversion,CSV,YAML,fp16_only,regressed,unchanged,1,0,0.2,0.0,-0.2,0.0,0.0,0.0,end_code,eos,557,368,missing_begin_marker,"missing_begin_marker, missing_end_marker","<|BEGIN_CODE\nplanet:\n  name: Zyphora\n  star:\n    name: Helion\n    distance_from_earth_ly: 1200\n    discovery_date: 2150-07-12\n  atmosphere:\n    composition: ""Oxygen;Nitrogen;Argon""\n    pressure_kpa: 101\n    temperature_c: 22\n  moons:\n    - name: Phobos\n      diameter_km: 12\n      has_rings: False\n      liquid_water_percent: null\n    - name: Deimos\n      diameter_km: 6\n      has_rings: True\n      liquid_water_percent: null\n  topography: Mountainous\n  liquid_water_percent: null\n :\nname: Xelthar\nst",,
KIVI-2,021824,CSV to YAML,T-conversion,CSV,YAML,fp16_only,regressed,regressed,1,0,0.53,0.0,-0.53,0.4117647058823529,0.0,-0.4117647058823529,end_code,end_code,409,580,indentation_or_mapping_syntax,"mapping values are not allowed here   in ""<unicode string>"", line 2, column 9:     - planet:             ^","\\n- planet:\n  name: planet_name\n  star:\n    name: system.star_name\n    properties:\n      distance_from_earth_ly: system.distance_from_earth_ly, ly\n  planets:\n    - name: system.planets[0].name\n      type: system.planets[0].type\n      properties:\n        moons: system.planets[0].moons\n        atmosphere:\n          composition: system.planets[0].atmosphere.composition\n          pressure: system.planets[0].atmosphere.pressure\n        rings:\n          has_rings: system.planets[0].rings.has_rings\n   ",,
KIVI-2,021825,CSV to YAML,T-conversion,CSV,YAML,fp16_only,regressed,regressed,1,0,1.0,0.0,-1.0,1.0,0.0,-1.0,end_code,eos,189,305,missing_begin_marker,"missing_begin_marker, missing_end_marker",<|BEGIN_YAML|\n\nexpedition:\n  name: Voyager Alpha\n  year: 2124\n  leader: Dr. Mira Chen\n  destination:\n    planet: Mars\n    region: Valles Marineris\n  crew:\n    - name: Samir Patel\n      role: Pilot\n      specialties:\\n                  - Navigation\\n                  - EVA\n    - name: Lila Torres\n      role: Engineer\n      specialties:\\n                  - Robotics\\n                  - Repair\n  equipment:\n    - type: Rover\n      details:\\n                        power_source: So,,
KIVI-2,021834,CSV to YAML,T-conversion,CSV,YAML,fp16_only,regressed,unchanged,1,0,0.2,0.0,-0.2,0.0,0.0,0.0,end_code,end_code,350,396,indentation_or_mapping_syntax,"mapping values are not allowed here   in ""<unicode string>"", line 2, column 6:     robot: \          ^",\\nrobot: \\n  id: RX-102 \\n  specs: \\n    height_cm: 180 \\n    weight_kg: 95 \\n    power_source: Lithium-Ion \\n    sensors: \\n      - type: Battery \\n      - type: Infrared \\n      - type: Lidar \\n    sensors_ranges: \\n      - min: 100 \\n      - min: 30 \\n      - min: 50 \\n  maintenance: \\n    last_service_date: 2024-03-14 \\n    technician: Alex K. \\n    parts_replaced: \\n      - Arm \\n      - Sensor \\n      - MSN-001 \\n      - MSN-002 \\n  missions: \\n    mission_id: null \\n    location: Warehous,,
KIVI-2,021835,CSV to YAML,T-conversion,CSV,YAML,fp16_only,regressed,regressed,1,0,0.93,0.0,-0.93,0.9166666666666666,0.0,-0.9166666666666666,end_code,end_code,190,210,indentation_or_mapping_syntax,"mapping values are not allowed here   in ""<unicode string>"", line 2, column 7:     galaxy: \           ^",\\ngalaxy: \\n  name: Andromeda \\n  type: Spiral \\n  distance_lightyears: 2537000 \\n  constellation: Andromeda \\n  discovery: \\n    year: 964 \\n    discoverer: Abd al-Rahman al-Sufi \\n    telescope: Optical Telescope \\nstars: \\n  - name: Sirius \\n    type: Main Sequence \\n    planets: \\n      - name: Proxima b \\n        has_life: False \\n        moons: 2 \\n  - name: Betelgeuse \\n    type: Red Supergiant \\n    planets: \\n      - name: Kepler-22b \\n        has_life: True \\n        moons: 1 \,,
KIVI-2,021837,CSV to YAML,T-conversion,CSV,YAML,fp16_only,regressed,regressed,1,0,0.55,0.0,-0.55,0.4375,0.0,-0.4375,end_code,eos,187,220,missing_begin_marker,"missing_begin_marker, missing_end_marker","<|BEGIN_CODE\nplanet:\n  name: Aurelia\n  system:\n    star:\n      name: Gliese 581\n    distance_from_earth_ly: 20.3\n    discovery:\n      year: 2042\n      method: Transit\n      astronomers:\n        - name: Dr. Vega\n          nationality: Martian\n        - name: Prof. Nyx\n          nationality: Venusian\n  atmosphere:\n    composition: [Nitrogen, Argon]\n    pressure_atm: 1.2\n  moons:\n    - name: Phobos II\n      diameter_km: 13\n    - name: Deimos II\n      diameter_km: 8\n\nAurelia:\n  name: Dr. Vega\n  nati",,
KIVI-2,021840,CSV to YAML,T-conversion,CSV,YAML,fp16_only,regressed,unchanged,1,0,0.2,0.0,-0.2,0.0,0.0,0.0,end_code,end_code,382,391,indentation_or_mapping_syntax,"mapping values are not allowed here   in ""<unicode string>"", line 2, column 7:     planet:           ^",\\nplanet:\n  name: Aurelia\n  orbital_data:\n    semi_major_axis: 1.2\n    eccentricity: 0.05\n    inclination: 3.2\n  atmosphere:\n    composition:\n      - name: Nitrogen\n        percentage: 78\n      - name: Oxygen\n        percentage: 21\n    pressure: 1.0\n  moons:\n    - name: Titania\n      diameter_km: 1577\n      discovery:\n        year: 1787\n    - name: Oberon\n      diameter_km: 1523\n      discovery:\n        year: 1787\n  surface:\n    mean_temperature_c: 14.5\n    has_liquid_water: true\n\n  - name: Bore,,
KIVI-2,021842,CSV to YAML,T-conversion,CSV,YAML,fp16_only,regressed,regressed,1,0,0.6,0.0,-0.6,0.5,0.0,-0.5,end_code,eos,319,569,missing_end_marker,missing_end_marker,"\\ngalaxy: \\n  name: Andromeda \\n  type: Spiral \\n  distance: \\n    value: 2.537 \\n    unit: Mly \\n  discovery: \\n    year: 964 \\n    telescope: Hooker Telescope \\n  stars: \\n  - name: Alpheratz \\n    magnitude: 2.06 \\n    spectral_type: G2V \\n  - name: Mirach \\n    magnitude: 2.07 \\n    spectral_type: M3III \\n  count: 1e12 \\n  notable_stars: \\n  - name: ""Alpheratz"" \\n    magnitude: 2.06 \\n    spectral_type: G2V \\n  - name: Mirach \\n    magnitude: 2.07 \\n    spectral_type: M3III \\n  black_holes: ",,
KIVI-2,021843,CSV to YAML,T-conversion,CSV,YAML,fp16_only,regressed,unchanged,1,0,0.2,0.0,-0.2,0.0,0.0,0.0,end_code,end_code,231,332,indentation_or_mapping_syntax,"mapping values are not allowed here   in ""<unicode string>"", line 2, column 7:     planet: &planet_1\           ^",\\nplanet: &planet_1\\n  name: Xylox\\n  galaxy: Andromeda\\n  discovery: &discovery_1\\n    year: 3054\\n    method: Gravitational Lensing\\n    team: &team_1\\n      - name: Dr. Zeff\\n        role: Lead Astronomer\\n    team: &team_2\\n      - name: Prof. Quill\\n        role: Astrobiologist\\n  moons: &moons\\n    - &moon_1\\n      name: Lunara\\n      diameter_km: 1450\\n    - &moon_2\\n      name: Phobos\\n      diameter_km: 900\\n  atmosphere: &atmosphere\\n    composition: &composition_1\\n      name: Nitroge,,
KIVI-2,101801,TOML to YAML,T-conversion,TOML,YAML,fp16_only,regressed,regressed,1,0,1.0,0.0,-1.0,1.0,0.0,-1.0,end_code,end_code,297,318,missing_begin_marker,missing_begin_marker,"<|BEGIN_CODE\\ngalaxy:\n  name: ""Andromeda""\n  type: ""Spiral""\n  distance_mly: 2.537\n  constellation: ""Andromeda""\n  has_supermassive_blackhole: true\n  notable_features:\n    - ""Double nucleus""\n    - ""Star-forming regions""\n    - ""Dust lanes""\n  discovery:\n    year: 964\n    discovered_by:\n      name: ""Abd al-Rahman al-Sufi""\n      title: ""Al-Sufi, Abd al-Rahman""\n    instruments:\n      - ""Naked eye""\n      - ""Optical telescope""\n  satellites:\n    - name: ""M32""\n      type: ""Dwarf elliptical""\n      distance_k",,
KIVI-2,101804,TOML to YAML,T-conversion,TOML,YAML,fp16_only,regressed,regressed,1,0,0.4,0.0,-0.4,0.25,0.0,-0.25,end_code,eos,213,245,missing_begin_marker,"missing_begin_marker, missing_end_marker","<|BEGIN_CODE\nplanet:\n name: ""Zyphora""\n galaxy: ""Andromeda""\n moons:\n  - Lunara\n  - Phobos\n  - Demos\n discovery:\n   year: 3125\n   astronomers:\n    - Dr. Elan Turov\n    - Prof. Mira Chen\n habitats:\n  - species: ""Glith""\n    population: 120000\n    biomes:\n    - ""crimson forest""\n    - ""crystal plains""\n  - species: ""Vortan""\n    population: 45000\n    biomes:\n    - ""acidic marsh""\n    - ""obsidian hills""\n resources:\n  minerals: 670000\n  water: 140000\n  energy: ""solar, geothermal""\n weather:\n   average_temp:",,
KIVI-2,101815,TOML to YAML,T-conversion,TOML,YAML,fp16_only,regressed,regressed,1,0,0.49,0.0,-0.49,0.35714285714285715,0.0,-0.35714285714285715,end_code,eos,223,250,missing_begin_marker,"missing_begin_marker, missing_end_marker","<|BEGIN_YAML\n---\nspace_station:\n  name: Aurora Outpost\n  location:\n    planet: Europa\n    orbit: Polar\n  status: active\n  modules:\n    - id: LAB-1\n      purpose: Biological Research\n      crew_capacity: 4\n      experiments:\n        - Hydroponics\n        - Microbial Growth\n    - id: ENG-2\n      purpose: Engineering\n      crew_capacity: 2\n      experiments:\n        - Material Stress\n        - Vacuum Tolerance\n  supply_schedule:\n    frequency_days: 60\n    last_delivery: ""2044-11-15""\n  crew_members:",,
KIVI-2,101818,TOML to YAML,T-conversion,TOML,YAML,fp16_only,regressed,regressed,1,0,1.0,0.0,-1.0,1.0,0.0,-1.0,end_code,eos,221,210,missing_begin_marker,"missing_begin_marker, missing_end_marker","<|BEGIN_CODE\nplanet:\n name: ""Zyphora""\n discovery_year: 2347\n moons:\n - Lunara\n - Ecliptix\n - Thalos\n atmosphere:\n  composition:\n  - argon\n  - xenon\n  - neon\n  pressure: 0.7\n missions:\n  - name: ""Voyager Omega""\n    year: 2350\n    success: true\n    crew:\n    - name: ""Dr. Nira Voss""\n      role: ""Commander""\n    - name: ""Eli Morn""\n      role: ""Engineer""\n  - name: ""Stellar Quest""\n    year: 2355\n    success: false\n    crew:\n    - name: ""Ravi Kint""\n      role: ""Pilot""\n<|END_CODE>",,
KIVI-2,101824,TOML to YAML,T-conversion,TOML,YAML,fp16_only,regressed,regressed,1,0,1.0,0.0,-1.0,1.0,0.0,-1.0,end_code,end_code,212,174,other_parser_error,"expected a single document in the stream   in ""<unicode string>"", line 1, column 1:     \     ^ but found another document   in ""<unicode string>"", line 2, column 1:     ---     ^",\\n---\nspaceship:\n name: Nebula Voyager\n model: XJ-9000\n status: operational\n launch_date: 2087-03-15\n crew:\n captain: Ari Vega\n pilot: Juno Lee\n engineers:\n - name: Rex Dalton\n specialty: Warp Core\n - name: Mira Chen\n specialty: Life Support\n cargo:\n - type: Plasma Cells\n quantity: 120\n - type: Alien Artifacts\n quantity: 5\n missions:\n - destination: Proxima Centauri b\n status: completed\n - destination: Gliese 581g\n status: in progress,,
KIVI-2,101827,TOML to YAML,T-conversion,TOML,YAML,fp16_only,regressed,regressed,1,0,1.0,0.0,-1.0,1.0,0.0,-1.0,end_code,end_code,233,212,other_parser_error,"expected a single document in the stream   in ""<unicode string>"", line 1, column 1:     \     ^ but found another document   in ""<unicode string>"", line 2, column 1:     ---     ^",\\n---\nspaceship:\n name:\n   Nebula Voyager\n crew:\n  - name: Juno Starling\n    role: captain\n  - name: Milo Quark\n    role: first_officer\n  engineers:\n  - name: Ari Vega\n    specialty: Warp Core\n  - name: Rin Kestrel\n    specialty: Life Support\n missions:\n  - destination: Proxima Centauri\n    year: 2124\n    success: true\n  - destination: TRAPPIST-1e\n    year: 2126\n    success: false\n specs:\n  length_meters: 120.5\n  mass_tons: 3200\n  propulsion:\n   type: Fusion Drive\n   thrust_kn: 9500\n---,,
KIVI-2,101828,TOML to YAML,T-conversion,TOML,YAML,fp16_only,regressed,regressed,1,0,1.0,0.0,-1.0,1.0,0.0,-1.0,end_code,eos,282,199,missing_begin_marker,"missing_begin_marker, missing_end_marker","<|BEGIN_CODE\\ngalaxy:\n name: Andromeda\n type: Spiral\n distance_mly: 2530000\n planets:\n - name: Xerion\n radius_km: 14250\n has_life: true\n moons:\n - name: Selene\n diameter_km: 3500\n - name: Nyx\n diameter_km: 2100\n - name: Virelia\n radius_km: 9800\n has_life: false\n moons:\n - name: Umbra\n diameter_km: 1200\n notable_events:\n - event: ""Supernova SN1885A""\n year: 1885\n - event: ""First Exoplanet Discovery""\n year: 2278\n|END_CODE>",,
KIVI-2,101833,TOML to YAML,T-conversion,TOML,YAML,fp16_only,regressed,regressed,1,0,1.0,0.0,-1.0,1.0,0.0,-1.0,end_code,end_code,257,279,missing_begin_marker,missing_begin_marker,"<|BEGIN_CODE\ngalactic_expedition:\n  mission_name: ""Nebula Venture""\n  launch_date: ""2423-07-16T09:30:00Z""\n  success_probability: 0.87\n  is_first_contact: true\n  crew:\n  - name: ""Dr. Zarnax""\n    species: ""Xyloidian""\n    role: ""Chief Scientist""\n  - name: ""Commander Yui""\n    species: ""Human""\n    role: ""Captain""\n  destination:\n    planet: ""Auroria-5""\n    galaxy: ""Andromeda""\n    coordinates:\n      x: 14023.7\n      y: -883.2\n      z: 420.0\n  cargo_manifest:\n  - item: ""Quantum Seedlings""\n    quantity: 1",,
KIVI-2,101837,TOML to YAML,T-conversion,TOML,YAML,fp16_only,regressed,regressed,1,0,1.0,0.0,-1.0,1.0,0.0,-1.0,end_code,end_code,267,301,other_parser_error,"expected a single document in the stream   in ""<unicode string>"", line 1, column 1:     \     ^ but found another document   in ""<unicode string>"", line 2, column 1:     ---     ^",\\n---\nspaceship:\n name: Celestial Wanderer\n model: XG-9000\n in_service: true\n crew:\n - name: Lira Sol\n role: captain\n - name: Mira Tann\n role: Chief Engineer\n   rank: Chief Engineer\n - name: Jax Vorn\n role: pilot\n - name: Mira Tann\n role: engineers\n   rank: Junior Engineer\n   name: Oren Pike\n engineers:\n - name: Mira Tann\n rank: Chief Engineer\n - name: Oren Pike\n rank: Junior Engineer\n cargo:\n - type: Quantum Batteries\n weight_kg: 1200\n - type: Alien Artifacts\n weight_kg: 500\n specs:\n  length_m:,,
KIVI-2,101842,TOML to YAML,T-conversion,TOML,YAML,fp16_only,regressed,regressed,1,0,0.62,0.0,-0.62,0.5294117647058824,0.0,-0.5294117647058824,end_code,end_code,273,359,literal_escaped_layout_outside_string,"while parsing a block mapping   in ""<unicode string>"", line 1, column 1:     \n\n---\n\nspace_station:\n  nam ...      ^ expected <block end>, but found '<scalar>'   in ""<unicode string>"", line 1, column 52:      ... ation:\n  name: ""Aurora Gateway""\n\n  location:\n    orbit: ""LEO ...                                           ^","\n\n---\n\nspace_station:\n  name: ""Aurora Gateway""\n\n  location:\n    orbit: ""LEO""\n    planet: ""Earth""\n\n  modules:\n  - id: ""M1""\n    purpose: ""Habitation""\n    crew: 6\n    status: ""active""\n   :\n    - id: ""M2""\n      purpose: ""Research""\n      crew: 4\n      status: ""active""\n    - id: ""M3""\n      purpose: ""Docking""\n      crew: 1\n      status: ""maintenance""\n\n  power_system:\n    type: ""solar""\n    output_kw: 120\n    backup: true\n\n  supplies:\n    oxygen:\n      level_percent: 87\n",,
KIVI-2,101844,TOML to YAML,T-conversion,TOML,YAML,fp16_only,regressed,regressed,1,0,0.34,0.0,-0.34,0.17647058823529413,0.0,-0.17647058823529413,end_code,end_code,188,231,literal_escaped_layout_outside_string,"while parsing a block mapping   in ""<unicode string>"", line 1, column 1:     \n\n--- \nspaceport:\n  name: ""C ...      ^ expected <block end>, but found '<scalar>'   in ""<unicode string>"", line 1, column 56:      ...  name: ""Celestial Gateway Alpha""\n  location:\n    planet: ""Mars ...                                           ^","\n\n--- \nspaceport:\n  name: ""Celestial Gateway Alpha""\n  location:\n    planet: ""Mars""\n    region: ""Valles Marineris""\n    coordinates:\n      latitude: -14.235\n      longitude: 75.123\n  launch_pads:\n  - id: ""A1""\n    status: ""active""\n    vehicles:\ [ ""Falcon X"", ""Red Dragon"" ]\n  - id: ""B2""\n    status: ""maintenance""\n    vehicles:\ [ ""Starhopper"", ""Orion"" ]\n  crew:\n    count: 42\n    roles:\ [ ""Commander"", ""Engineer"", ""Medical Officer"", ""Pilot"" ]\n  facilities:\n    mission_control: t",,
KIVI-2,101847,TOML to YAML,T-conversion,TOML,YAML,fp16_only,regressed,regressed,1,0,0.4,0.0,-0.4,0.25,0.0,-0.25,end_code,end_code,191,191,missing_begin_marker,missing_begin_marker,"<code>\\nplanet:\n name: ""Zyphora-7""\n type: ""Gas Giant""\n\n discovery:\n year: 2347\n method: ""Gravitational Microlensing""\n team:\n - Dr. Lira Voss\n - Prof. Kenji Ito\n - A.I. Explorer Delta\n\n orbit:\n semi_major_axis_au: 5.6\n eccentricity: 0.09\n period_days: 512.3\n\n moons:\n - Elyra\n - Corthis\n - Myra-2\n\n atmosphere:\n composition:\n - Hydrogen\n - Helium\n - Methane\n pressure_atm: 23.8\n temperature_c: -175\n</code>",,
