condition,task_id,task_name,category,input_type,output_type,parse_transition,score_transition,path_transition,fp16_parse,candidate_parse,fp16_score,candidate_score,score_delta,fp16_path_score,candidate_path_score,path_delta,fp16_stop_reason,candidate_stop_reason,fp16_generated_tokens,candidate_generated_tokens
KIVI-4,000500,Text to JSON,T-generation,Text,JSON,both_pass,unchanged,unchanged,1,1,1.0,1.0,0.0,1.0,1.0,0.0,end_code,end_code,384,384
KIVI-4,000501,Text to JSON,T-generation,Text,JSON,both_pass,unchanged,unchanged,1,1,1.0,1.0,0.0,1.0,1.0,0.0,end_code,end_code,377,379
KIVI-4,000502,Text to JSON,T-generation,Text,JSON,both_pass,unchanged,unchanged,1,1,0.68,0.68,0.0,0.6,0.6,0.0,end_code,end_code,264,263
KIVI-4,000503,Text to JSON,T-generation,Text,JSON,both_pass,regressed,regressed,1,1,0.79,0.2,-0.5900000000000001,0.7333333333333333,0.0,-0.7333333333333333,end_code,end_code,711,729
KIVI-4,000504,Text to JSON,T-generation,Text,JSON,both_pass,unchanged,unchanged,1,1,0.72,0.72,0.0,0.6470588235294118,0.6470588235294118,0.0,end_code,end_code,413,413
KIVI-4,000505,Text to JSON,T-generation,Text,JSON,both_pass,unchanged,unchanged,1,1,1.0,1.0,0.0,1.0,1.0,0.0,end_code,end_code,327,327
KIVI-4,000506,Text to JSON,T-generation,Text,JSON,both_pass,unchanged,unchanged,1,1,1.0,1.0,0.0,1.0,1.0,0.0,end_code,end_code,510,527
KIVI-4,000507,Text to JSON,T-generation,Text,JSON,both_pass,unchanged,unchanged,1,1,1.0,1.0,0.0,1.0,1.0,0.0,end_code,end_code,334,377
KIVI-4,000508,Text to JSON,T-generation,Text,JSON,both_pass,unchanged,unchanged,1,1,0.2,0.2,0.0,0.0,0.0,0.0,end_code,end_code,361,359
KIVI-4,000509,Text to JSON,T-generation,Text,JSON,both_pass,unchanged,unchanged,1,1,1.0,1.0,0.0,1.0,1.0,0.0,end_code,end_code,457,457
KIVI-4,000510,Text to JSON,T-generation,Text,JSON,both_pass,regressed,regressed,1,1,1.0,0.47,-0.53,1.0,0.3333333333333333,-0.6666666666666667,end_code,end_code,753,508
KIVI-4,000511,Text to JSON,T-generation,Text,JSON,both_pass,improved,improved,1,1,0.41,1.0,0.5900000000000001,0.26666666666666666,1.0,0.7333333333333334,end_code,end_code,469,461
KIVI-4,000512,Text to JSON,T-generation,Text,JSON,both_pass,unchanged,unchanged,1,1,0.95,0.95,0.0,0.9375,0.9375,0.0,end_code,end_code,342,340
KIVI-4,000513,Text to JSON,T-generation,Text,JSON,both_pass,unchanged,unchanged,1,1,0.29,0.29,0.0,0.11764705882352941,0.11764705882352941,0.0,end_code,end_code,437,457
KIVI-4,000514,Text to JSON,T-generation,Text,JSON,both_pass,unchanged,unchanged,1,1,1.0,1.0,0.0,1.0,1.0,0.0,end_code,end_code,371,372
KIVI-4,000515,Text to JSON,T-generation,Text,JSON,both_pass,unchanged,unchanged,1,1,1.0,1.0,0.0,1.0,1.0,0.0,end_code,end_code,360,364
KIVI-4,000516,Text to JSON,T-generation,Text,JSON,both_pass,unchanged,unchanged,1,1,1.0,1.0,0.0,1.0,1.0,0.0,end_code,end_code,532,534
KIVI-4,000517,Text to JSON,T-generation,Text,JSON,both_pass,unchanged,unchanged,1,1,1.0,1.0,0.0,1.0,1.0,0.0,end_code,end_code,322,324
KIVI-4,000518,Text to JSON,T-generation,Text,JSON,both_pass,unchanged,unchanged,1,1,1.0,1.0,0.0,1.0,1.0,0.0,end_code,end_code,389,365
KIVI-4,000519,Text to JSON,T-generation,Text,JSON,both_pass,unchanged,unchanged,1,1,1.0,1.0,0.0,1.0,1.0,0.0,end_code,end_code,382,382
KIVI-4,000520,Text to JSON,T-generation,Text,JSON,both_pass,regressed,regressed,1,1,1.0,0.75,-0.25,1.0,0.6875,-0.3125,end_code,end_code,347,341
KIVI-4,000521,Text to JSON,T-generation,Text,JSON,both_pass,unchanged,unchanged,1,1,1.0,1.0,0.0,1.0,1.0,0.0,end_code,end_code,353,353
KIVI-4,000522,Text to JSON,T-generation,Text,JSON,both_pass,unchanged,unchanged,1,1,1.0,1.0,0.0,1.0,1.0,0.0,end_code,end_code,435,432
KIVI-4,000523,Text to JSON,T-generation,Text,JSON,both_pass,unchanged,unchanged,1,1,1.0,1.0,0.0,1.0,1.0,0.0,end_code,end_code,263,268
KIVI-4,000524,Text to JSON,T-generation,Text,JSON,both_pass,unchanged,unchanged,1,1,0.41,0.41,0.0,0.26666666666666666,0.26666666666666666,0.0,end_code,end_code,331,331
KIVI-4,000525,Text to JSON,T-generation,Text,JSON,both_pass,unchanged,unchanged,1,1,0.86,0.86,0.0,0.8235294117647058,0.8235294117647058,0.0,end_code,end_code,333,333
KIVI-4,000526,Text to JSON,T-generation,Text,JSON,both_pass,unchanged,unchanged,1,1,1.0,1.0,0.0,1.0,1.0,0.0,end_code,end_code,284,284
KIVI-4,000527,Text to JSON,T-generation,Text,JSON,both_pass,unchanged,unchanged,1,1,1.0,1.0,0.0,1.0,1.0,0.0,end_code,end_code,330,329
KIVI-4,000528,Text to JSON,T-generation,Text,JSON,both_pass,unchanged,unchanged,1,1,0.84,0.84,0.0,0.8,0.8,0.0,end_code,end_code,319,309
KIVI-4,000529,Text to JSON,T-generation,Text,JSON,both_pass,unchanged,unchanged,1,1,1.0,1.0,0.0,1.0,1.0,0.0,end_code,end_code,323,332
KIVI-4,000530,Text to JSON,T-generation,Text,JSON,both_pass,unchanged,unchanged,1,1,1.0,1.0,0.0,1.0,1.0,0.0,end_code,end_code,247,240
KIVI-4,000531,Text to JSON,T-generation,Text,JSON,both_pass,unchanged,unchanged,1,1,1.0,1.0,0.0,1.0,1.0,0.0,end_code,end_code,426,422
KIVI-4,000532,Text to JSON,T-generation,Text,JSON,both_pass,unchanged,unchanged,1,1,1.0,1.0,0.0,1.0,1.0,0.0,end_code,end_code,372,385
KIVI-4,000533,Text to JSON,T-generation,Text,JSON,both_pass,unchanged,unchanged,1,1,0.89,0.89,0.0,0.8666666666666667,0.8666666666666667,0.0,end_code,end_code,280,280
KIVI-4,000534,Text to JSON,T-generation,Text,JSON,both_pass,unchanged,unchanged,1,1,0.95,0.95,0.0,0.9333333333333333,0.9333333333333333,0.0,end_code,end_code,223,223
KIVI-4,000535,Text to JSON,T-generation,Text,JSON,both_pass,unchanged,unchanged,1,1,0.52,0.52,0.0,0.4,0.4,0.0,end_code,end_code,314,245
KIVI-4,000536,Text to JSON,T-generation,Text,JSON,both_pass,unchanged,unchanged,1,1,1.0,1.0,0.0,1.0,1.0,0.0,end_code,end_code,323,325
KIVI-4,000537,Text to JSON,T-generation,Text,JSON,both_pass,improved,improved,1,1,0.55,1.0,0.44999999999999996,0.4375,1.0,0.5625,end_code,end_code,382,354
KIVI-4,000538,Text to JSON,T-generation,Text,JSON,both_pass,unchanged,unchanged,1,1,0.68,0.68,0.0,0.6,0.6,0.0,end_code,end_code,292,288
KIVI-4,000539,Text to JSON,T-generation,Text,JSON,both_pass,unchanged,unchanged,1,1,1.0,1.0,0.0,1.0,1.0,0.0,end_code,end_code,428,418
KIVI-4,000540,Text to JSON,T-generation,Text,JSON,both_fail,unchanged,unchanged,0,0,0.0,0.0,0.0,0.0,0.0,0.0,end_code,end_code,599,617
KIVI-4,000541,Text to JSON,T-generation,Text,JSON,both_pass,regressed,regressed,1,1,1.0,0.9,-0.09999999999999998,1.0,0.875,-0.125,end_code,end_code,597,509
KIVI-4,000542,Text to JSON,T-generation,Text,JSON,both_pass,unchanged,unchanged,1,1,0.2,0.2,0.0,0.0,0.0,0.0,end_code,end_code,752,742
KIVI-4,000543,Text to JSON,T-generation,Text,JSON,both_pass,unchanged,unchanged,1,1,1.0,1.0,0.0,1.0,1.0,0.0,end_code,end_code,306,308
KIVI-4,000544,Text to JSON,T-generation,Text,JSON,both_pass,unchanged,unchanged,1,1,1.0,1.0,0.0,1.0,1.0,0.0,end_code,end_code,329,328
KIVI-4,000545,Text to JSON,T-generation,Text,JSON,both_pass,unchanged,unchanged,1,1,0.84,0.84,0.0,0.8,0.8,0.0,end_code,end_code,366,369
KIVI-4,000546,Text to JSON,T-generation,Text,JSON,both_pass,unchanged,unchanged,1,1,1.0,1.0,0.0,1.0,1.0,0.0,end_code,end_code,350,350
KIVI-4,000547,Text to JSON,T-generation,Text,JSON,both_pass,unchanged,unchanged,1,1,1.0,1.0,0.0,1.0,1.0,0.0,end_code,end_code,282,270
KIVI-4,000548,Text to JSON,T-generation,Text,JSON,both_pass,unchanged,unchanged,1,1,1.0,1.0,0.0,1.0,1.0,0.0,end_code,end_code,373,373
KIVI-4,000549,Text to JSON,T-generation,Text,JSON,both_pass,regressed,regressed,1,1,1.0,0.86,-0.14,1.0,0.8235294117647058,-0.17647058823529416,end_code,end_code,338,330
KIVI-4,000200,Text to CSV,T-generation,Text,CSV,both_pass,regressed,regressed,1,1,1.0,0.76,-0.24,1.0,0.7058823529411765,-0.2941176470588235,end_code,end_code,671,634
KIVI-4,000201,Text to CSV,T-generation,Text,CSV,both_pass,unchanged,unchanged,1,1,1.0,1.0,0.0,1.0,1.0,0.0,end_code,end_code,993,1077
KIVI-4,000202,Text to CSV,T-generation,Text,CSV,both_pass,unchanged,unchanged,1,1,0.58,0.58,0.0,0.47058823529411764,0.47058823529411764,0.0,end_code,end_code,177,246
KIVI-4,000203,Text to CSV,T-generation,Text,CSV,both_pass,unchanged,unchanged,1,1,0.95,0.95,0.0,0.9333333333333333,0.9333333333333333,0.0,end_code,end_code,304,207
KIVI-4,000204,Text to CSV,T-generation,Text,CSV,both_pass,unchanged,unchanged,1,1,0.2,0.2,0.0,0.0,0.0,0.0,end_code,end_code,237,232
KIVI-4,000205,Text to CSV,T-generation,Text,CSV,both_pass,unchanged,unchanged,1,1,1.0,1.0,0.0,1.0,1.0,0.0,end_code,end_code,377,377
KIVI-4,000206,Text to CSV,T-generation,Text,CSV,both_pass,unchanged,unchanged,1,1,0.89,0.89,0.0,0.8666666666666667,0.8666666666666667,0.0,end_code,end_code,329,316
KIVI-4,000207,Text to CSV,T-generation,Text,CSV,both_pass,regressed,regressed,1,1,1.0,0.96,-0.040000000000000036,1.0,0.9444444444444444,-0.05555555555555558,end_code,end_code,218,212
KIVI-4,000208,Text to CSV,T-generation,Text,CSV,both_pass,unchanged,unchanged,1,1,0.89,0.89,0.0,0.8666666666666667,0.8666666666666667,0.0,end_code,end_code,233,231
KIVI-4,000209,Text to CSV,T-generation,Text,CSV,both_pass,unchanged,unchanged,1,1,1.0,1.0,0.0,1.0,1.0,0.0,end_code,end_code,176,179
KIVI-4,000210,Text to CSV,T-generation,Text,CSV,both_pass,unchanged,unchanged,1,1,1.0,1.0,0.0,1.0,1.0,0.0,end_code,end_code,213,223
KIVI-4,000211,Text to CSV,T-generation,Text,CSV,both_pass,unchanged,unchanged,1,1,1.0,1.0,0.0,1.0,1.0,0.0,end_code,end_code,234,720
KIVI-4,000212,Text to CSV,T-generation,Text,CSV,both_pass,unchanged,unchanged,1,1,1.0,1.0,0.0,1.0,1.0,0.0,end_code,end_code,228,228
KIVI-4,000213,Text to CSV,T-generation,Text,CSV,both_pass,unchanged,unchanged,1,1,1.0,1.0,0.0,1.0,1.0,0.0,end_code,end_code,373,328
KIVI-4,000214,Text to CSV,T-generation,Text,CSV,both_pass,unchanged,unchanged,1,1,1.0,1.0,0.0,1.0,1.0,0.0,end_code,end_code,439,280
KIVI-4,000215,Text to CSV,T-generation,Text,CSV,both_pass,unchanged,unchanged,1,1,0.95,0.95,0.0,0.9333333333333333,0.9333333333333333,0.0,end_code,end_code,213,219
KIVI-4,000216,Text to CSV,T-generation,Text,CSV,both_pass,unchanged,unchanged,1,1,1.0,1.0,0.0,1.0,1.0,0.0,end_code,end_code,404,256
KIVI-4,000217,Text to CSV,T-generation,Text,CSV,both_pass,unchanged,unchanged,1,1,1.0,1.0,0.0,1.0,1.0,0.0,end_code,end_code,263,273
KIVI-4,000218,Text to CSV,T-generation,Text,CSV,both_pass,unchanged,unchanged,1,1,1.0,1.0,0.0,1.0,1.0,0.0,end_code,end_code,238,242
KIVI-4,000219,Text to CSV,T-generation,Text,CSV,both_pass,unchanged,unchanged,1,1,1.0,1.0,0.0,1.0,1.0,0.0,end_code,end_code,298,288
KIVI-4,000220,Text to CSV,T-generation,Text,CSV,both_pass,unchanged,unchanged,1,1,1.0,1.0,0.0,1.0,1.0,0.0,end_code,end_code,167,163
KIVI-4,000221,Text to CSV,T-generation,Text,CSV,both_pass,unchanged,unchanged,1,1,1.0,1.0,0.0,1.0,1.0,0.0,end_code,max_new_tokens,576,2048
KIVI-4,000222,Text to CSV,T-generation,Text,CSV,both_pass,unchanged,unchanged,1,1,1.0,1.0,0.0,1.0,1.0,0.0,end_code,end_code,335,297
KIVI-4,000223,Text to CSV,T-generation,Text,CSV,both_pass,unchanged,unchanged,1,1,0.2,0.2,0.0,0.0,0.0,0.0,end_code,end_code,283,291
KIVI-4,000224,Text to CSV,T-generation,Text,CSV,both_pass,unchanged,unchanged,1,1,1.0,1.0,0.0,1.0,1.0,0.0,end_code,end_code,307,309
KIVI-4,000225,Text to CSV,T-generation,Text,CSV,both_pass,unchanged,unchanged,1,1,0.29,0.29,0.0,0.11764705882352941,0.11764705882352941,0.0,end_code,end_code,214,203
KIVI-4,000226,Text to CSV,T-generation,Text,CSV,both_pass,unchanged,unchanged,1,1,1.0,1.0,0.0,1.0,1.0,0.0,end_code,end_code,229,229
KIVI-4,000227,Text to CSV,T-generation,Text,CSV,both_pass,unchanged,unchanged,1,1,0.2,0.2,0.0,0.0,0.0,0.0,end_code,end_code,153,153
KIVI-4,000228,Text to CSV,T-generation,Text,CSV,both_pass,unchanged,unchanged,1,1,1.0,1.0,0.0,1.0,1.0,0.0,end_code,end_code,204,204
KIVI-4,000229,Text to CSV,T-generation,Text,CSV,both_pass,unchanged,unchanged,1,1,1.0,1.0,0.0,1.0,1.0,0.0,end_code,end_code,436,509
KIVI-4,000230,Text to CSV,T-generation,Text,CSV,both_pass,unchanged,unchanged,1,1,1.0,1.0,0.0,1.0,1.0,0.0,end_code,end_code,411,315
KIVI-4,000231,Text to CSV,T-generation,Text,CSV,both_pass,unchanged,unchanged,1,1,1.0,1.0,0.0,1.0,1.0,0.0,end_code,end_code,286,199
KIVI-4,000232,Text to CSV,T-generation,Text,CSV,both_pass,unchanged,unchanged,1,1,1.0,1.0,0.0,1.0,1.0,0.0,end_code,end_code,300,300
KIVI-4,000233,Text to CSV,T-generation,Text,CSV,both_pass,unchanged,unchanged,1,1,1.0,1.0,0.0,1.0,1.0,0.0,end_code,max_new_tokens,446,2048
KIVI-4,000234,Text to CSV,T-generation,Text,CSV,both_pass,unchanged,unchanged,1,1,1.0,1.0,0.0,1.0,1.0,0.0,end_code,end_code,359,366
KIVI-4,000235,Text to CSV,T-generation,Text,CSV,both_pass,unchanged,unchanged,1,1,1.0,1.0,0.0,1.0,1.0,0.0,end_code,end_code,263,231
KIVI-4,000236,Text to CSV,T-generation,Text,CSV,both_pass,unchanged,unchanged,1,1,1.0,1.0,0.0,1.0,1.0,0.0,end_code,end_code,350,406
KIVI-4,000237,Text to CSV,T-generation,Text,CSV,both_pass,unchanged,unchanged,1,1,1.0,1.0,0.0,1.0,1.0,0.0,end_code,end_code,259,232
KIVI-4,000238,Text to CSV,T-generation,Text,CSV,both_pass,unchanged,unchanged,1,1,1.0,1.0,0.0,1.0,1.0,0.0,end_code,end_code,468,589
KIVI-4,000239,Text to CSV,T-generation,Text,CSV,both_pass,unchanged,unchanged,1,1,1.0,1.0,0.0,1.0,1.0,0.0,end_code,end_code,340,186
KIVI-4,000240,Text to CSV,T-generation,Text,CSV,both_pass,unchanged,unchanged,1,1,1.0,1.0,0.0,1.0,1.0,0.0,end_code,end_code,323,284
KIVI-4,000241,Text to CSV,T-generation,Text,CSV,both_pass,unchanged,unchanged,1,1,0.2,0.2,0.0,0.0,0.0,0.0,end_code,end_code,245,175
KIVI-4,000242,Text to CSV,T-generation,Text,CSV,both_pass,unchanged,unchanged,1,1,1.0,1.0,0.0,1.0,1.0,0.0,end_code,end_code,209,210
KIVI-4,000243,Text to CSV,T-generation,Text,CSV,both_pass,unchanged,unchanged,1,1,1.0,1.0,0.0,1.0,1.0,0.0,end_code,end_code,320,239
KIVI-4,000244,Text to CSV,T-generation,Text,CSV,both_pass,regressed,regressed,1,1,1.0,0.2,-0.8,1.0,0.0,-1.0,end_code,end_code,450,393
KIVI-4,000245,Text to CSV,T-generation,Text,CSV,both_pass,unchanged,unchanged,1,1,1.0,1.0,0.0,1.0,1.0,0.0,end_code,end_code,315,1862
KIVI-4,000246,Text to CSV,T-generation,Text,CSV,both_pass,unchanged,unchanged,1,1,1.0,1.0,0.0,1.0,1.0,0.0,end_code,end_code,259,244
KIVI-4,000247,Text to CSV,T-generation,Text,CSV,both_pass,unchanged,unchanged,1,1,1.0,1.0,0.0,1.0,1.0,0.0,end_code,end_code,302,301
KIVI-4,000248,Text to CSV,T-generation,Text,CSV,both_pass,unchanged,unchanged,1,1,1.0,1.0,0.0,1.0,1.0,0.0,end_code,end_code,386,310
KIVI-4,000249,Text to CSV,T-generation,Text,CSV,both_pass,unchanged,unchanged,1,1,1.0,1.0,0.0,1.0,1.0,0.0,end_code,end_code,189,190
KIVI-4,001000,Text to TOML,T-generation,Text,TOML,both_fail,unchanged,unchanged,0,0,0.0,0.0,0.0,0.0,0.0,0.0,end_code,end_code,228,224
KIVI-4,001001,Text to TOML,T-generation,Text,TOML,both_fail,unchanged,unchanged,0,0,0.0,0.0,0.0,0.0,0.0,0.0,end_code,end_code,286,286
KIVI-4,001002,Text to TOML,T-generation,Text,TOML,both_fail,unchanged,unchanged,0,0,0.0,0.0,0.0,0.0,0.0,0.0,end_code,end_code,424,408
KIVI-4,001003,Text to TOML,T-generation,Text,TOML,both_fail,unchanged,unchanged,0,0,0.0,0.0,0.0,0.0,0.0,0.0,end_code,end_code,326,326
KIVI-4,001004,Text to TOML,T-generation,Text,TOML,both_fail,unchanged,unchanged,0,0,0.0,0.0,0.0,0.0,0.0,0.0,end_code,end_code,245,248
KIVI-4,001005,Text to TOML,T-generation,Text,TOML,both_fail,unchanged,unchanged,0,0,0.0,0.0,0.0,0.0,0.0,0.0,end_code,end_code,325,296
KIVI-4,001006,Text to TOML,T-generation,Text,TOML,both_fail,unchanged,unchanged,0,0,0.0,0.0,0.0,0.0,0.0,0.0,end_code,end_code,407,652
KIVI-4,001007,Text to TOML,T-generation,Text,TOML,both_pass,unchanged,unchanged,1,1,1.0,1.0,0.0,1.0,1.0,0.0,end_code,end_code,344,342
KIVI-4,001008,Text to TOML,T-generation,Text,TOML,both_fail,unchanged,unchanged,0,0,0.0,0.0,0.0,0.0,0.0,0.0,end_code,end_code,503,449
KIVI-4,001009,Text to TOML,T-generation,Text,TOML,both_pass,unchanged,unchanged,1,1,0.47,0.47,0.0,0.3333333333333333,0.3333333333333333,0.0,end_code,end_code,271,268
KIVI-4,001010,Text to TOML,T-generation,Text,TOML,both_pass,unchanged,unchanged,1,1,0.5,0.5,0.0,0.375,0.375,0.0,end_code,end_code,696,612
KIVI-4,001011,Text to TOML,T-generation,Text,TOML,both_fail,unchanged,unchanged,0,0,0.0,0.0,0.0,0.0,0.0,0.0,end_code,end_code,312,312
KIVI-4,001012,Text to TOML,T-generation,Text,TOML,both_fail,unchanged,unchanged,0,0,0.0,0.0,0.0,0.0,0.0,0.0,end_code,end_code,311,303
KIVI-4,001013,Text to TOML,T-generation,Text,TOML,both_fail,unchanged,unchanged,0,0,0.0,0.0,0.0,0.0,0.0,0.0,end_code,end_code,576,730
KIVI-4,001014,Text to TOML,T-generation,Text,TOML,both_fail,unchanged,unchanged,0,0,0.0,0.0,0.0,0.0,0.0,0.0,end_code,end_code,341,341
KIVI-4,001015,Text to TOML,T-generation,Text,TOML,both_fail,unchanged,unchanged,0,0,0.0,0.0,0.0,0.0,0.0,0.0,end_code,end_code,363,363
KIVI-4,001016,Text to TOML,T-generation,Text,TOML,both_fail,unchanged,unchanged,0,0,0.0,0.0,0.0,0.0,0.0,0.0,end_code,end_code,285,294
KIVI-4,001017,Text to TOML,T-generation,Text,TOML,both_fail,unchanged,unchanged,0,0,0.0,0.0,0.0,0.0,0.0,0.0,end_code,end_code,308,331
KIVI-4,001018,Text to TOML,T-generation,Text,TOML,both_fail,unchanged,unchanged,0,0,0.0,0.0,0.0,0.0,0.0,0.0,end_code,end_code,267,262
KIVI-4,001019,Text to TOML,T-generation,Text,TOML,both_fail,unchanged,unchanged,0,0,0.0,0.0,0.0,0.0,0.0,0.0,end_code,end_code,341,340
KIVI-4,001020,Text to TOML,T-generation,Text,TOML,both_fail,unchanged,unchanged,0,0,0.0,0.0,0.0,0.0,0.0,0.0,end_code,end_code,312,338
KIVI-4,001021,Text to TOML,T-generation,Text,TOML,both_fail,unchanged,unchanged,0,0,0.0,0.0,0.0,0.0,0.0,0.0,end_code,end_code,243,245
KIVI-4,001022,Text to TOML,T-generation,Text,TOML,both_fail,unchanged,unchanged,0,0,0.0,0.0,0.0,0.0,0.0,0.0,end_code,end_code,234,234
KIVI-4,001023,Text to TOML,T-generation,Text,TOML,both_fail,unchanged,unchanged,0,0,0.0,0.0,0.0,0.0,0.0,0.0,end_code,end_code,242,242
KIVI-4,001024,Text to TOML,T-generation,Text,TOML,both_fail,unchanged,unchanged,0,0,0.0,0.0,0.0,0.0,0.0,0.0,end_code,end_code,426,529
KIVI-4,001025,Text to TOML,T-generation,Text,TOML,both_fail,unchanged,unchanged,0,0,0.0,0.0,0.0,0.0,0.0,0.0,end_code,end_code,268,274
KIVI-4,001026,Text to TOML,T-generation,Text,TOML,both_fail,unchanged,unchanged,0,0,0.0,0.0,0.0,0.0,0.0,0.0,end_code,end_code,367,340
KIVI-4,001027,Text to TOML,T-generation,Text,TOML,both_fail,unchanged,unchanged,0,0,0.0,0.0,0.0,0.0,0.0,0.0,end_code,end_code,292,292
KIVI-4,001028,Text to TOML,T-generation,Text,TOML,both_fail,unchanged,unchanged,0,0,0.0,0.0,0.0,0.0,0.0,0.0,end_code,end_code,251,253
KIVI-4,001029,Text to TOML,T-generation,Text,TOML,both_fail,unchanged,unchanged,0,0,0.0,0.0,0.0,0.0,0.0,0.0,end_code,end_code,245,245
KIVI-4,001030,Text to TOML,T-generation,Text,TOML,both_fail,unchanged,unchanged,0,0,0.0,0.0,0.0,0.0,0.0,0.0,end_code,end_code,302,300
KIVI-4,001031,Text to TOML,T-generation,Text,TOML,both_fail,unchanged,unchanged,0,0,0.0,0.0,0.0,0.0,0.0,0.0,end_code,end_code,451,438
KIVI-4,001032,Text to TOML,T-generation,Text,TOML,both_fail,unchanged,unchanged,0,0,0.0,0.0,0.0,0.0,0.0,0.0,end_code,end_code,266,266
KIVI-4,001033,Text to TOML,T-generation,Text,TOML,both_fail,unchanged,unchanged,0,0,0.0,0.0,0.0,0.0,0.0,0.0,end_code,end_code,309,306
KIVI-4,001034,Text to TOML,T-generation,Text,TOML,both_fail,unchanged,unchanged,0,0,0.0,0.0,0.0,0.0,0.0,0.0,end_code,end_code,358,358
KIVI-4,001035,Text to TOML,T-generation,Text,TOML,both_pass,unchanged,unchanged,1,1,1.0,1.0,0.0,1.0,1.0,0.0,end_code,end_code,269,267
KIVI-4,001036,Text to TOML,T-generation,Text,TOML,both_fail,unchanged,unchanged,0,0,0.0,0.0,0.0,0.0,0.0,0.0,end_code,end_code,336,321
KIVI-4,001037,Text to TOML,T-generation,Text,TOML,both_fail,unchanged,unchanged,0,0,0.0,0.0,0.0,0.0,0.0,0.0,end_code,end_code,268,275
KIVI-4,001038,Text to TOML,T-generation,Text,TOML,both_fail,unchanged,unchanged,0,0,0.0,0.0,0.0,0.0,0.0,0.0,end_code,end_code,354,353
KIVI-4,001039,Text to TOML,T-generation,Text,TOML,both_fail,unchanged,unchanged,0,0,0.0,0.0,0.0,0.0,0.0,0.0,end_code,end_code,353,320
KIVI-4,001040,Text to TOML,T-generation,Text,TOML,both_fail,unchanged,unchanged,0,0,0.0,0.0,0.0,0.0,0.0,0.0,end_code,end_code,553,546
KIVI-4,001041,Text to TOML,T-generation,Text,TOML,both_fail,unchanged,unchanged,0,0,0.0,0.0,0.0,0.0,0.0,0.0,end_code,end_code,344,354
KIVI-4,001042,Text to TOML,T-generation,Text,TOML,both_fail,unchanged,unchanged,0,0,0.0,0.0,0.0,0.0,0.0,0.0,end_code,end_code,336,338
KIVI-4,001043,Text to TOML,T-generation,Text,TOML,both_fail,unchanged,unchanged,0,0,0.0,0.0,0.0,0.0,0.0,0.0,end_code,end_code,310,310
KIVI-4,001044,Text to TOML,T-generation,Text,TOML,both_fail,unchanged,unchanged,0,0,0.0,0.0,0.0,0.0,0.0,0.0,end_code,end_code,271,284
KIVI-4,001045,Text to TOML,T-generation,Text,TOML,both_fail,unchanged,unchanged,0,0,0.0,0.0,0.0,0.0,0.0,0.0,end_code,end_code,273,274
KIVI-4,001046,Text to TOML,T-generation,Text,TOML,both_fail,unchanged,unchanged,0,0,0.0,0.0,0.0,0.0,0.0,0.0,end_code,end_code,285,425
KIVI-4,001047,Text to TOML,T-generation,Text,TOML,both_fail,unchanged,unchanged,0,0,0.0,0.0,0.0,0.0,0.0,0.0,end_code,end_code,377,437
KIVI-4,001048,Text to TOML,T-generation,Text,TOML,both_fail,unchanged,unchanged,0,0,0.0,0.0,0.0,0.0,0.0,0.0,end_code,end_code,301,304
KIVI-4,001049,Text to TOML,T-generation,Text,TOML,both_fail,unchanged,unchanged,0,0,0.0,0.0,0.0,0.0,0.0,0.0,end_code,end_code,493,482
KIVI-4,001700,Text to XML,T-generation,Text,XML,both_pass,unchanged,unchanged,1,1,0.63,0.63,0.0,0.5333333333333333,0.5333333333333333,0.0,end_code,end_code,945,945
KIVI-4,001701,Text to XML,T-generation,Text,XML,both_pass,unchanged,unchanged,1,1,0.91,0.91,0.0,0.8888888888888888,0.8888888888888888,0.0,end_code,end_code,343,343
KIVI-4,001702,Text to XML,T-generation,Text,XML,both_pass,unchanged,unchanged,1,1,0.72,0.72,0.0,0.6470588235294118,0.6470588235294118,0.0,end_code,end_code,691,725
KIVI-4,001703,Text to XML,T-generation,Text,XML,both_pass,unchanged,unchanged,1,1,0.63,0.63,0.0,0.5333333333333333,0.5333333333333333,0.0,end_code,end_code,986,1003
KIVI-4,001704,Text to XML,T-generation,Text,XML,both_pass,unchanged,unchanged,1,1,0.84,0.84,0.0,0.8,0.8,0.0,end_code,end_code,1243,1242
KIVI-4,001705,Text to XML,T-generation,Text,XML,both_pass,unchanged,unchanged,1,1,0.7,0.7,0.0,0.625,0.625,0.0,end_code,end_code,549,556
KIVI-4,001706,Text to XML,T-generation,Text,XML,both_pass,improved,improved,1,1,0.5,0.55,0.050000000000000044,0.375,0.4375,0.0625,end_code,end_code,900,675
KIVI-4,001707,Text to XML,T-generation,Text,XML,both_pass,unchanged,unchanged,1,1,0.89,0.89,0.0,0.8666666666666667,0.8666666666666667,0.0,end_code,end_code,249,253
KIVI-4,001708,Text to XML,T-generation,Text,XML,both_pass,unchanged,unchanged,1,1,0.68,0.68,0.0,0.6,0.6,0.0,end_code,end_code,393,387
KIVI-4,001709,Text to XML,T-generation,Text,XML,both_pass,unchanged,unchanged,1,1,0.57,0.57,0.0,0.4666666666666667,0.4666666666666667,0.0,end_code,end_code,350,346
KIVI-4,001710,Text to XML,T-generation,Text,XML,both_pass,unchanged,unchanged,1,1,0.52,0.52,0.0,0.4,0.4,0.0,end_code,end_code,317,317
KIVI-4,001711,Text to XML,T-generation,Text,XML,both_pass,unchanged,unchanged,1,1,0.34,0.34,0.0,0.17647058823529413,0.17647058823529413,0.0,end_code,end_code,488,480
KIVI-4,001712,Text to XML,T-generation,Text,XML,both_pass,unchanged,unchanged,1,1,0.85,0.85,0.0,0.8125,0.8125,0.0,end_code,end_code,326,328
KIVI-4,001713,Text to XML,T-generation,Text,XML,both_pass,unchanged,unchanged,1,1,0.96,0.96,0.0,0.9444444444444444,0.9444444444444444,0.0,end_code,end_code,423,423
KIVI-4,001714,Text to XML,T-generation,Text,XML,both_pass,unchanged,unchanged,1,1,0.63,0.63,0.0,0.5333333333333333,0.5333333333333333,0.0,end_code,end_code,296,305
KIVI-4,001715,Text to XML,T-generation,Text,XML,both_pass,unchanged,unchanged,1,1,0.7,0.7,0.0,0.625,0.625,0.0,end_code,end_code,528,522
KIVI-4,001716,Text to XML,T-generation,Text,XML,both_fail,unchanged,unchanged,0,0,0.0,0.0,0.0,0.0,0.0,0.0,end_code,end_code,1015,951
KIVI-4,001717,Text to XML,T-generation,Text,XML,both_pass,unchanged,unchanged,1,1,0.91,0.91,0.0,0.8823529411764706,0.8823529411764706,0.0,end_code,end_code,783,890
KIVI-4,001718,Text to XML,T-generation,Text,XML,both_pass,unchanged,unchanged,1,1,0.73,0.73,0.0,0.6666666666666666,0.6666666666666666,0.0,end_code,end_code,496,420
KIVI-4,001719,Text to XML,T-generation,Text,XML,both_pass,improved,improved,1,1,0.68,0.89,0.20999999999999996,0.6,0.8666666666666667,0.2666666666666667,end_code,end_code,748,711
KIVI-4,001720,Text to XML,T-generation,Text,XML,both_pass,unchanged,unchanged,1,1,1.0,1.0,0.0,1.0,1.0,0.0,end_code,end_code,396,396
KIVI-4,001721,Text to XML,T-generation,Text,XML,both_pass,unchanged,unchanged,1,1,1.0,1.0,0.0,1.0,1.0,0.0,end_code,end_code,783,612
KIVI-4,001722,Text to XML,T-generation,Text,XML,both_pass,unchanged,unchanged,1,1,0.89,0.89,0.0,0.8666666666666667,0.8666666666666667,0.0,end_code,end_code,310,306
KIVI-4,001723,Text to XML,T-generation,Text,XML,both_pass,unchanged,unchanged,1,1,0.72,0.72,0.0,0.6470588235294118,0.6470588235294118,0.0,end_code,end_code,750,751
KIVI-4,001724,Text to XML,T-generation,Text,XML,both_pass,regressed,regressed,1,1,0.95,0.76,-0.18999999999999995,0.9411764705882353,0.7058823529411765,-0.23529411764705876,end_code,end_code,687,462
KIVI-4,001725,Text to XML,T-generation,Text,XML,both_pass,unchanged,unchanged,1,1,0.35,0.35,0.0,0.1875,0.1875,0.0,end_code,end_code,479,479
KIVI-4,001726,Text to XML,T-generation,Text,XML,both_pass,unchanged,unchanged,1,1,0.65,0.65,0.0,0.5625,0.5625,0.0,end_code,end_code,794,616
KIVI-4,001727,Text to XML,T-generation,Text,XML,both_pass,regressed,regressed,1,1,0.95,0.36,-0.59,0.9333333333333333,0.2,-0.7333333333333334,end_code,end_code,860,883
KIVI-4,001728,Text to XML,T-generation,Text,XML,both_pass,unchanged,unchanged,1,1,0.7,0.7,0.0,0.625,0.625,0.0,end_code,end_code,759,758
KIVI-4,001729,Text to XML,T-generation,Text,XML,both_pass,unchanged,unchanged,1,1,0.52,0.52,0.0,0.4,0.4,0.0,end_code,end_code,308,321
KIVI-4,001730,Text to XML,T-generation,Text,XML,both_pass,regressed,regressed,1,1,0.67,0.53,-0.14,0.5882352941176471,0.4117647058823529,-0.17647058823529416,end_code,end_code,780,830
KIVI-4,001731,Text to XML,T-generation,Text,XML,both_pass,unchanged,unchanged,1,1,0.72,0.72,0.0,0.6470588235294118,0.6470588235294118,0.0,end_code,end_code,858,872
KIVI-4,001732,Text to XML,T-generation,Text,XML,both_pass,unchanged,unchanged,1,1,1.0,1.0,0.0,1.0,1.0,0.0,end_code,end_code,714,806
KIVI-4,001733,Text to XML,T-generation,Text,XML,both_pass,unchanged,unchanged,1,1,0.57,0.57,0.0,0.4666666666666667,0.4666666666666667,0.0,end_code,end_code,374,451
KIVI-4,001734,Text to XML,T-generation,Text,XML,fp16_only,regressed,regressed,1,0,0.65,0.0,-0.65,0.5625,0.0,-0.5625,end_code,end_code,368,222
KIVI-4,001735,Text to XML,T-generation,Text,XML,both_pass,unchanged,unchanged,1,1,0.95,0.95,0.0,0.9375,0.9375,0.0,end_code,end_code,788,397
KIVI-4,001736,Text to XML,T-generation,Text,XML,both_pass,unchanged,unchanged,1,1,1.0,1.0,0.0,1.0,1.0,0.0,end_code,end_code,827,696
KIVI-4,001737,Text to XML,T-generation,Text,XML,both_pass,unchanged,unchanged,1,1,1.0,1.0,0.0,1.0,1.0,0.0,end_code,end_code,887,862
KIVI-4,001738,Text to XML,T-generation,Text,XML,both_pass,unchanged,unchanged,1,1,0.2,0.2,0.0,0.0,0.0,0.0,end_code,end_code,342,304
KIVI-4,001739,Text to XML,T-generation,Text,XML,both_pass,unchanged,unchanged,1,1,0.89,0.89,0.0,0.8666666666666667,0.8666666666666667,0.0,end_code,end_code,544,538
KIVI-4,001740,Text to XML,T-generation,Text,XML,both_pass,improved,improved,1,1,0.62,0.67,0.050000000000000044,0.5294117647058824,0.5882352941176471,0.05882352941176472,end_code,end_code,395,414
KIVI-4,001741,Text to XML,T-generation,Text,XML,both_pass,regressed,regressed,1,1,0.41,0.36,-0.04999999999999999,0.26666666666666666,0.2,-0.06666666666666665,end_code,end_code,247,230
KIVI-4,001742,Text to XML,T-generation,Text,XML,both_fail,unchanged,unchanged,0,0,0.0,0.0,0.0,0.0,0.0,0.0,end_code,end_code,356,351
KIVI-4,001743,Text to XML,T-generation,Text,XML,both_pass,unchanged,unchanged,1,1,0.3,0.3,0.0,0.125,0.125,0.0,end_code,end_code,595,465
KIVI-4,001744,Text to XML,T-generation,Text,XML,both_pass,unchanged,unchanged,1,1,0.25,0.25,0.0,0.06666666666666667,0.06666666666666667,0.0,end_code,end_code,260,230
KIVI-4,001745,Text to XML,T-generation,Text,XML,both_pass,unchanged,unchanged,1,1,0.57,0.57,0.0,0.4666666666666667,0.4666666666666667,0.0,end_code,end_code,1030,1022
KIVI-4,001746,Text to XML,T-generation,Text,XML,both_pass,regressed,regressed,1,1,0.95,0.36,-0.59,0.9333333333333333,0.2,-0.7333333333333334,end_code,end_code,586,400
KIVI-4,001747,Text to XML,T-generation,Text,XML,both_pass,unchanged,unchanged,1,1,0.2,0.2,0.0,0.0,0.0,0.0,end_code,end_code,334,316
KIVI-4,001748,Text to XML,T-generation,Text,XML,both_pass,unchanged,unchanged,1,1,0.68,0.68,0.0,0.6,0.6,0.0,end_code,end_code,733,733
KIVI-4,001749,Text to XML,T-generation,Text,XML,both_pass,unchanged,unchanged,1,1,0.39,0.39,0.0,0.23529411764705882,0.23529411764705882,0.0,end_code,end_code,257,254
KIVI-4,001800,Text to YAML,T-generation,Text,YAML,both_pass,unchanged,unchanged,1,1,1.0,1.0,0.0,1.0,1.0,0.0,end_code,end_code,255,274
KIVI-4,001801,Text to YAML,T-generation,Text,YAML,both_pass,unchanged,unchanged,1,1,1.0,1.0,0.0,1.0,1.0,0.0,end_code,end_code,343,349
KIVI-4,001802,Text to YAML,T-generation,Text,YAML,both_pass,unchanged,unchanged,1,1,1.0,1.0,0.0,1.0,1.0,0.0,end_code,end_code,271,274
KIVI-4,001803,Text to YAML,T-generation,Text,YAML,both_pass,unchanged,unchanged,1,1,1.0,1.0,0.0,1.0,1.0,0.0,end_code,end_code,351,346
KIVI-4,001804,Text to YAML,T-generation,Text,YAML,both_pass,unchanged,unchanged,1,1,0.41,0.41,0.0,0.26666666666666666,0.26666666666666666,0.0,end_code,end_code,301,301
KIVI-4,001805,Text to YAML,T-generation,Text,YAML,both_pass,improved,improved,1,1,0.41,1.0,0.5900000000000001,0.26666666666666666,1.0,0.7333333333333334,end_code,end_code,638,323
KIVI-4,001806,Text to YAML,T-generation,Text,YAML,both_pass,unchanged,unchanged,1,1,0.44,0.44,0.0,0.29411764705882354,0.29411764705882354,0.0,end_code,end_code,215,215
KIVI-4,001807,Text to YAML,T-generation,Text,YAML,both_pass,unchanged,unchanged,1,1,0.73,0.73,0.0,0.6666666666666666,0.6666666666666666,0.0,end_code,end_code,526,377
KIVI-4,001808,Text to YAML,T-generation,Text,YAML,both_pass,unchanged,unchanged,1,1,0.9,0.9,0.0,0.875,0.875,0.0,end_code,end_code,294,294
KIVI-4,001809,Text to YAML,T-generation,Text,YAML,both_pass,unchanged,unchanged,1,1,1.0,1.0,0.0,1.0,1.0,0.0,end_code,end_code,298,319
KIVI-4,001810,Text to YAML,T-generation,Text,YAML,candidate_only,improved,improved,0,1,0.0,0.36,0.36,0.0,0.2,0.2,end_code,end_code,392,391
KIVI-4,001811,Text to YAML,T-generation,Text,YAML,both_pass,unchanged,unchanged,1,1,1.0,1.0,0.0,1.0,1.0,0.0,end_code,end_code,336,287
KIVI-4,001812,Text to YAML,T-generation,Text,YAML,both_pass,unchanged,unchanged,1,1,0.89,0.89,0.0,0.8666666666666667,0.8666666666666667,0.0,end_code,end_code,251,281
KIVI-4,001813,Text to YAML,T-generation,Text,YAML,both_pass,unchanged,unchanged,1,1,1.0,1.0,0.0,1.0,1.0,0.0,end_code,end_code,472,431
KIVI-4,001814,Text to YAML,T-generation,Text,YAML,both_pass,unchanged,unchanged,1,1,0.95,0.95,0.0,0.9333333333333333,0.9333333333333333,0.0,end_code,end_code,259,244
KIVI-4,001815,Text to YAML,T-generation,Text,YAML,both_pass,unchanged,unchanged,1,1,1.0,1.0,0.0,1.0,1.0,0.0,end_code,end_code,198,200
KIVI-4,001816,Text to YAML,T-generation,Text,YAML,both_pass,unchanged,unchanged,1,1,1.0,1.0,0.0,1.0,1.0,0.0,end_code,end_code,255,256
KIVI-4,001817,Text to YAML,T-generation,Text,YAML,both_pass,unchanged,unchanged,1,1,0.76,0.76,0.0,0.7058823529411765,0.7058823529411765,0.0,end_code,end_code,221,228
KIVI-4,001818,Text to YAML,T-generation,Text,YAML,both_pass,unchanged,unchanged,1,1,1.0,1.0,0.0,1.0,1.0,0.0,end_code,end_code,802,656
KIVI-4,001819,Text to YAML,T-generation,Text,YAML,both_pass,unchanged,unchanged,1,1,1.0,1.0,0.0,1.0,1.0,0.0,end_code,end_code,411,423
KIVI-4,001820,Text to YAML,T-generation,Text,YAML,candidate_only,improved,improved,0,1,0.0,1.0,1.0,0.0,1.0,1.0,end_code,end_code,451,449
KIVI-4,001821,Text to YAML,T-generation,Text,YAML,both_pass,unchanged,unchanged,1,1,1.0,1.0,0.0,1.0,1.0,0.0,end_code,end_code,301,272
KIVI-4,001822,Text to YAML,T-generation,Text,YAML,both_pass,unchanged,unchanged,1,1,1.0,1.0,0.0,1.0,1.0,0.0,end_code,end_code,205,205
KIVI-4,001823,Text to YAML,T-generation,Text,YAML,both_pass,improved,improved,1,1,0.73,1.0,0.27,0.6666666666666666,1.0,0.33333333333333337,end_code,end_code,192,195
KIVI-4,001824,Text to YAML,T-generation,Text,YAML,both_pass,unchanged,unchanged,1,1,1.0,1.0,0.0,1.0,1.0,0.0,end_code,end_code,235,237
KIVI-4,001825,Text to YAML,T-generation,Text,YAML,both_pass,unchanged,unchanged,1,1,0.81,0.81,0.0,0.7647058823529411,0.7647058823529411,0.0,end_code,end_code,229,236
KIVI-4,001826,Text to YAML,T-generation,Text,YAML,both_pass,regressed,regressed,1,1,1.0,0.89,-0.10999999999999999,1.0,0.8666666666666667,-0.1333333333333333,end_code,end_code,255,252
KIVI-4,001827,Text to YAML,T-generation,Text,YAML,both_fail,unchanged,unchanged,0,0,0.0,0.0,0.0,0.0,0.0,0.0,end_code,end_code,409,363
KIVI-4,001828,Text to YAML,T-generation,Text,YAML,both_pass,unchanged,unchanged,1,1,0.95,0.95,0.0,0.9411764705882353,0.9411764705882353,0.0,end_code,end_code,326,346
KIVI-4,001829,Text to YAML,T-generation,Text,YAML,both_pass,unchanged,unchanged,1,1,0.36,0.36,0.0,0.2,0.2,0.0,end_code,end_code,574,734
KIVI-4,001830,Text to YAML,T-generation,Text,YAML,both_pass,unchanged,unchanged,1,1,1.0,1.0,0.0,1.0,1.0,0.0,end_code,end_code,228,224
KIVI-4,001831,Text to YAML,T-generation,Text,YAML,both_fail,unchanged,unchanged,0,0,0.0,0.0,0.0,0.0,0.0,0.0,end_code,end_code,346,346
KIVI-4,001832,Text to YAML,T-generation,Text,YAML,both_fail,unchanged,unchanged,0,0,0.0,0.0,0.0,0.0,0.0,0.0,end_code,end_code,241,301
KIVI-4,001833,Text to YAML,T-generation,Text,YAML,both_pass,unchanged,unchanged,1,1,1.0,1.0,0.0,1.0,1.0,0.0,end_code,end_code,224,229
KIVI-4,001834,Text to YAML,T-generation,Text,YAML,both_pass,unchanged,unchanged,1,1,1.0,1.0,0.0,1.0,1.0,0.0,end_code,end_code,246,245
KIVI-4,001835,Text to YAML,T-generation,Text,YAML,both_pass,unchanged,unchanged,1,1,1.0,1.0,0.0,1.0,1.0,0.0,end_code,end_code,305,298
KIVI-4,001836,Text to YAML,T-generation,Text,YAML,both_pass,unchanged,unchanged,1,1,1.0,1.0,0.0,1.0,1.0,0.0,end_code,end_code,304,308
KIVI-4,001837,Text to YAML,T-generation,Text,YAML,both_pass,unchanged,unchanged,1,1,1.0,1.0,0.0,1.0,1.0,0.0,end_code,end_code,259,260
KIVI-4,001838,Text to YAML,T-generation,Text,YAML,both_pass,unchanged,unchanged,1,1,1.0,1.0,0.0,1.0,1.0,0.0,end_code,end_code,318,308
KIVI-4,001839,Text to YAML,T-generation,Text,YAML,both_pass,unchanged,unchanged,1,1,1.0,1.0,0.0,1.0,1.0,0.0,end_code,end_code,282,288
KIVI-4,001840,Text to YAML,T-generation,Text,YAML,both_pass,unchanged,unchanged,1,1,1.0,1.0,0.0,1.0,1.0,0.0,end_code,end_code,227,225
KIVI-4,001841,Text to YAML,T-generation,Text,YAML,both_pass,improved,improved,1,1,0.89,1.0,0.10999999999999999,0.8666666666666667,1.0,0.1333333333333333,end_code,end_code,260,282
KIVI-4,001842,Text to YAML,T-generation,Text,YAML,both_pass,unchanged,unchanged,1,1,1.0,1.0,0.0,1.0,1.0,0.0,end_code,end_code,294,296
KIVI-4,001843,Text to YAML,T-generation,Text,YAML,both_pass,unchanged,unchanged,1,1,1.0,1.0,0.0,1.0,1.0,0.0,end_code,end_code,367,371
KIVI-4,001844,Text to YAML,T-generation,Text,YAML,both_pass,unchanged,unchanged,1,1,0.83,0.83,0.0,0.7894736842105263,0.7894736842105263,0.0,end_code,end_code,262,262
KIVI-4,001845,Text to YAML,T-generation,Text,YAML,both_fail,unchanged,unchanged,0,0,0.0,0.0,0.0,0.0,0.0,0.0,end_code,end_code,301,301
KIVI-4,001846,Text to YAML,T-generation,Text,YAML,both_pass,unchanged,unchanged,1,1,1.0,1.0,0.0,1.0,1.0,0.0,end_code,end_code,239,240
KIVI-4,001847,Text to YAML,T-generation,Text,YAML,both_pass,unchanged,unchanged,1,1,0.95,0.95,0.0,0.9333333333333333,0.9333333333333333,0.0,end_code,end_code,395,399
KIVI-4,001848,Text to YAML,T-generation,Text,YAML,both_pass,unchanged,unchanged,1,1,0.95,0.95,0.0,0.9333333333333333,0.9333333333333333,0.0,end_code,end_code,212,202
KIVI-4,001849,Text to YAML,T-generation,Text,YAML,both_pass,improved,improved,1,1,0.62,1.0,0.38,0.5294117647058824,1.0,0.47058823529411764,end_code,end_code,455,416
KIVI-4,020500,CSV to JSON,T-conversion,CSV,JSON,candidate_only,improved,unchanged,0,1,0.0,0.2,0.2,0.0,0.0,0.0,end_code,end_code,1003,597
KIVI-4,020501,CSV to JSON,T-conversion,CSV,JSON,candidate_only,improved,unchanged,0,1,0.0,0.2,0.2,0.0,0.0,0.0,end_code,end_code,510,257
KIVI-4,020502,CSV to JSON,T-conversion,CSV,JSON,both_fail,unchanged,unchanged,0,0,0.0,0.0,0.0,0.0,0.0,0.0,end_code,end_code,534,542
KIVI-4,020503,CSV to JSON,T-conversion,CSV,JSON,both_pass,unchanged,unchanged,1,1,0.2,0.2,0.0,0.0,0.0,0.0,end_code,end_code,492,630
KIVI-4,020504,CSV to JSON,T-conversion,CSV,JSON,candidate_only,improved,unchanged,0,1,0.0,0.2,0.2,0.0,0.0,0.0,end_code,end_code,420,594
KIVI-4,020505,CSV to JSON,T-conversion,CSV,JSON,both_fail,unchanged,unchanged,0,0,0.0,0.0,0.0,0.0,0.0,0.0,end_code,end_code,412,412
KIVI-4,020506,CSV to JSON,T-conversion,CSV,JSON,both_fail,unchanged,unchanged,0,0,0.0,0.0,0.0,0.0,0.0,0.0,max_new_tokens,end_code,2048,1798
KIVI-4,020507,CSV to JSON,T-conversion,CSV,JSON,both_fail,unchanged,unchanged,0,0,0.0,0.0,0.0,0.0,0.0,0.0,end_code,end_code,763,763
KIVI-4,020508,CSV to JSON,T-conversion,CSV,JSON,candidate_only,improved,improved,0,1,0.0,0.48,0.48,0.0,0.34782608695652173,0.34782608695652173,end_code,end_code,591,422
KIVI-4,020509,CSV to JSON,T-conversion,CSV,JSON,both_pass,unchanged,unchanged,1,1,0.2,0.2,0.0,0.0,0.0,0.0,end_code,end_code,321,338
KIVI-4,020510,CSV to JSON,T-conversion,CSV,JSON,fp16_only,regressed,unchanged,1,0,0.2,0.0,-0.2,0.0,0.0,0.0,end_code,end_code,368,362
KIVI-4,020511,CSV to JSON,T-conversion,CSV,JSON,both_fail,unchanged,unchanged,0,0,0.0,0.0,0.0,0.0,0.0,0.0,end_code,end_code,177,177
KIVI-4,020512,CSV to JSON,T-conversion,CSV,JSON,both_fail,unchanged,unchanged,0,0,0.0,0.0,0.0,0.0,0.0,0.0,end_code,end_code,283,283
KIVI-4,020513,CSV to JSON,T-conversion,CSV,JSON,both_fail,unchanged,unchanged,0,0,0.0,0.0,0.0,0.0,0.0,0.0,eos,end_code,509,328
KIVI-4,020514,CSV to JSON,T-conversion,CSV,JSON,both_fail,unchanged,unchanged,0,0,0.0,0.0,0.0,0.0,0.0,0.0,end_code,end_code,354,354
KIVI-4,020515,CSV to JSON,T-conversion,CSV,JSON,both_fail,unchanged,unchanged,0,0,0.0,0.0,0.0,0.0,0.0,0.0,end_code,end_code,353,353
KIVI-4,020516,CSV to JSON,T-conversion,CSV,JSON,fp16_only,regressed,unchanged,1,0,0.2,0.0,-0.2,0.0,0.0,0.0,end_code,end_code,636,1071
KIVI-4,020517,CSV to JSON,T-conversion,CSV,JSON,candidate_only,improved,unchanged,0,1,0.0,0.2,0.2,0.0,0.0,0.0,end_code,end_code,500,510
KIVI-4,020518,CSV to JSON,T-conversion,CSV,JSON,candidate_only,improved,unchanged,0,1,0.0,0.2,0.2,0.0,0.0,0.0,end_code,end_code,307,381
KIVI-4,020519,CSV to JSON,T-conversion,CSV,JSON,candidate_only,improved,unchanged,0,1,0.0,0.2,0.2,0.0,0.0,0.0,end_code,end_code,713,684
KIVI-4,020520,CSV to JSON,T-conversion,CSV,JSON,both_fail,unchanged,unchanged,0,0,0.0,0.0,0.0,0.0,0.0,0.0,end_code,end_code,322,322
KIVI-4,020521,CSV to JSON,T-conversion,CSV,JSON,both_pass,unchanged,unchanged,1,1,0.2,0.2,0.0,0.0,0.0,0.0,end_code,end_code,707,707
KIVI-4,020522,CSV to JSON,T-conversion,CSV,JSON,both_fail,unchanged,unchanged,0,0,0.0,0.0,0.0,0.0,0.0,0.0,end_code,end_code,296,236
KIVI-4,020523,CSV to JSON,T-conversion,CSV,JSON,both_pass,unchanged,unchanged,1,1,0.2,0.2,0.0,0.0,0.0,0.0,end_code,end_code,577,577
KIVI-4,020524,CSV to JSON,T-conversion,CSV,JSON,candidate_only,improved,unchanged,0,1,0.0,0.2,0.2,0.0,0.0,0.0,end_code,end_code,357,383
KIVI-4,020525,CSV to JSON,T-conversion,CSV,JSON,both_fail,unchanged,unchanged,0,0,0.0,0.0,0.0,0.0,0.0,0.0,end_code,end_code,621,315
KIVI-4,020526,CSV to JSON,T-conversion,CSV,JSON,both_fail,unchanged,unchanged,0,0,0.0,0.0,0.0,0.0,0.0,0.0,end_code,end_code,514,514
KIVI-4,020527,CSV to JSON,T-conversion,CSV,JSON,both_pass,unchanged,unchanged,1,1,0.2,0.2,0.0,0.0,0.0,0.0,end_code,end_code,483,483
KIVI-4,020528,CSV to JSON,T-conversion,CSV,JSON,candidate_only,improved,unchanged,0,1,0.0,0.2,0.2,0.0,0.0,0.0,end_code,end_code,247,296
KIVI-4,020529,CSV to JSON,T-conversion,CSV,JSON,both_fail,unchanged,unchanged,0,0,0.0,0.0,0.0,0.0,0.0,0.0,end_code,end_code,278,278
KIVI-4,020530,CSV to JSON,T-conversion,CSV,JSON,candidate_only,improved,unchanged,0,1,0.0,0.2,0.2,0.0,0.0,0.0,end_code,end_code,412,587
KIVI-4,020531,CSV to JSON,T-conversion,CSV,JSON,both_pass,unchanged,unchanged,1,1,0.2,0.2,0.0,0.0,0.0,0.0,end_code,end_code,627,627
KIVI-4,020532,CSV to JSON,T-conversion,CSV,JSON,both_pass,unchanged,unchanged,1,1,0.2,0.2,0.0,0.0,0.0,0.0,end_code,end_code,395,395
KIVI-4,020533,CSV to JSON,T-conversion,CSV,JSON,both_fail,unchanged,unchanged,0,0,0.0,0.0,0.0,0.0,0.0,0.0,end_code,eos,287,315
KIVI-4,020534,CSV to JSON,T-conversion,CSV,JSON,both_fail,unchanged,unchanged,0,0,0.0,0.0,0.0,0.0,0.0,0.0,end_code,end_code,963,963
KIVI-4,020535,CSV to JSON,T-conversion,CSV,JSON,both_fail,unchanged,unchanged,0,0,0.0,0.0,0.0,0.0,0.0,0.0,end_code,end_code,615,627
KIVI-4,020536,CSV to JSON,T-conversion,CSV,JSON,both_fail,unchanged,unchanged,0,0,0.0,0.0,0.0,0.0,0.0,0.0,end_code,end_code,263,243
KIVI-4,020537,CSV to JSON,T-conversion,CSV,JSON,candidate_only,improved,unchanged,0,1,0.0,0.2,0.2,0.0,0.0,0.0,end_code,end_code,477,717
KIVI-4,020538,CSV to JSON,T-conversion,CSV,JSON,both_fail,unchanged,unchanged,0,0,0.0,0.0,0.0,0.0,0.0,0.0,eos,eos,253,244
KIVI-4,020539,CSV to JSON,T-conversion,CSV,JSON,both_fail,unchanged,unchanged,0,0,0.0,0.0,0.0,0.0,0.0,0.0,end_code,end_code,260,262
KIVI-4,020540,CSV to JSON,T-conversion,CSV,JSON,candidate_only,improved,improved,0,1,0.0,1.0,1.0,0.0,1.0,1.0,end_code,end_code,272,334
KIVI-4,020541,CSV to JSON,T-conversion,CSV,JSON,fp16_only,regressed,unchanged,1,0,0.2,0.0,-0.2,0.0,0.0,0.0,end_code,end_code,588,626
KIVI-4,020542,CSV to JSON,T-conversion,CSV,JSON,candidate_only,improved,unchanged,0,1,0.0,0.2,0.2,0.0,0.0,0.0,end_code,end_code,506,613
KIVI-4,020543,CSV to JSON,T-conversion,CSV,JSON,candidate_only,improved,unchanged,0,1,0.0,0.2,0.2,0.0,0.0,0.0,end_code,end_code,267,540
KIVI-4,020544,CSV to JSON,T-conversion,CSV,JSON,both_fail,unchanged,unchanged,0,0,0.0,0.0,0.0,0.0,0.0,0.0,end_code,end_code,269,269
KIVI-4,020545,CSV to JSON,T-conversion,CSV,JSON,both_fail,unchanged,unchanged,0,0,0.0,0.0,0.0,0.0,0.0,0.0,end_code,end_code,588,582
KIVI-4,020546,CSV to JSON,T-conversion,CSV,JSON,both_fail,unchanged,unchanged,0,0,0.0,0.0,0.0,0.0,0.0,0.0,end_code,end_code,227,227
KIVI-4,020547,CSV to JSON,T-conversion,CSV,JSON,both_fail,unchanged,unchanged,0,0,0.0,0.0,0.0,0.0,0.0,0.0,end_code,end_code,378,378
KIVI-4,020548,CSV to JSON,T-conversion,CSV,JSON,both_pass,unchanged,unchanged,1,1,0.2,0.2,0.0,0.0,0.0,0.0,end_code,end_code,510,422
KIVI-4,020549,CSV to JSON,T-conversion,CSV,JSON,both_fail,unchanged,unchanged,0,0,0.0,0.0,0.0,0.0,0.0,0.0,end_code,end_code,430,430
KIVI-4,050200,JSON to CSV,T-conversion,JSON,CSV,both_pass,unchanged,unchanged,1,1,0.87,0.87,0.0,0.8333333333333334,0.8333333333333334,0.0,end_code,end_code,224,224
KIVI-4,050201,JSON to CSV,T-conversion,JSON,CSV,both_pass,unchanged,unchanged,1,1,0.89,0.89,0.0,0.8571428571428571,0.8571428571428571,0.0,end_code,end_code,260,260
KIVI-4,050202,JSON to CSV,T-conversion,JSON,CSV,both_pass,unchanged,unchanged,1,1,0.87,0.87,0.0,0.8333333333333334,0.8333333333333334,0.0,end_code,end_code,226,226
KIVI-4,050203,JSON to CSV,T-conversion,JSON,CSV,both_pass,unchanged,unchanged,1,1,0.87,0.87,0.0,0.8333333333333334,0.8333333333333334,0.0,end_code,end_code,254,254
KIVI-4,050204,JSON to CSV,T-conversion,JSON,CSV,both_pass,unchanged,unchanged,1,1,0.87,0.87,0.0,0.8333333333333334,0.8333333333333334,0.0,end_code,end_code,257,257
KIVI-4,050205,JSON to CSV,T-conversion,JSON,CSV,both_pass,unchanged,unchanged,1,1,0.87,0.87,0.0,0.8333333333333334,0.8333333333333334,0.0,end_code,end_code,241,241
KIVI-4,050206,JSON to CSV,T-conversion,JSON,CSV,both_pass,unchanged,unchanged,1,1,0.87,0.87,0.0,0.8333333333333334,0.8333333333333334,0.0,end_code,end_code,257,257
KIVI-4,050207,JSON to CSV,T-conversion,JSON,CSV,both_pass,unchanged,unchanged,1,1,0.87,0.87,0.0,0.8333333333333334,0.8333333333333334,0.0,end_code,end_code,241,241
KIVI-4,050208,JSON to CSV,T-conversion,JSON,CSV,both_pass,unchanged,unchanged,1,1,0.87,0.87,0.0,0.8333333333333334,0.8333333333333334,0.0,end_code,end_code,263,263
KIVI-4,050209,JSON to CSV,T-conversion,JSON,CSV,both_pass,unchanged,unchanged,1,1,0.87,0.87,0.0,0.8333333333333334,0.8333333333333334,0.0,end_code,end_code,243,243
KIVI-4,050210,JSON to CSV,T-conversion,JSON,CSV,both_pass,unchanged,unchanged,1,1,0.2,0.2,0.0,0.0,0.0,0.0,end_code,end_code,259,259
KIVI-4,050211,JSON to CSV,T-conversion,JSON,CSV,both_pass,regressed,regressed,1,1,0.87,0.73,-0.14,0.8333333333333334,0.6666666666666666,-0.16666666666666674,end_code,eos,231,240
KIVI-4,050212,JSON to CSV,T-conversion,JSON,CSV,both_pass,unchanged,unchanged,1,1,0.87,0.87,0.0,0.8333333333333334,0.8333333333333334,0.0,end_code,end_code,244,244
KIVI-4,050213,JSON to CSV,T-conversion,JSON,CSV,both_pass,unchanged,unchanged,1,1,0.87,0.87,0.0,0.8333333333333334,0.8333333333333334,0.0,end_code,end_code,264,264
KIVI-4,050214,JSON to CSV,T-conversion,JSON,CSV,both_pass,improved,improved,1,1,0.77,0.89,0.12,0.7142857142857143,0.8571428571428571,0.1428571428571428,end_code,end_code,287,280
KIVI-4,050215,JSON to CSV,T-conversion,JSON,CSV,both_pass,unchanged,unchanged,1,1,0.87,0.87,0.0,0.8333333333333334,0.8333333333333334,0.0,end_code,end_code,223,223
KIVI-4,050216,JSON to CSV,T-conversion,JSON,CSV,both_pass,unchanged,unchanged,1,1,0.87,0.87,0.0,0.8333333333333334,0.8333333333333334,0.0,end_code,end_code,255,255
KIVI-4,050217,JSON to CSV,T-conversion,JSON,CSV,both_pass,unchanged,unchanged,1,1,0.87,0.87,0.0,0.8333333333333334,0.8333333333333334,0.0,end_code,end_code,247,247
KIVI-4,050218,JSON to CSV,T-conversion,JSON,CSV,both_pass,unchanged,unchanged,1,1,0.89,0.89,0.0,0.8571428571428571,0.8571428571428571,0.0,end_code,end_code,275,275
KIVI-4,050219,JSON to CSV,T-conversion,JSON,CSV,both_pass,unchanged,unchanged,1,1,0.89,0.89,0.0,0.8571428571428571,0.8571428571428571,0.0,end_code,end_code,284,284
KIVI-4,050220,JSON to CSV,T-conversion,JSON,CSV,both_pass,unchanged,unchanged,1,1,0.73,0.73,0.0,0.6666666666666666,0.6666666666666666,0.0,end_code,end_code,266,266
KIVI-4,050221,JSON to CSV,T-conversion,JSON,CSV,both_pass,unchanged,unchanged,1,1,0.89,0.89,0.0,0.8571428571428571,0.8571428571428571,0.0,end_code,end_code,232,232
KIVI-4,050222,JSON to CSV,T-conversion,JSON,CSV,both_pass,unchanged,unchanged,1,1,0.87,0.87,0.0,0.8333333333333334,0.8333333333333334,0.0,end_code,end_code,241,241
KIVI-4,050223,JSON to CSV,T-conversion,JSON,CSV,both_pass,unchanged,unchanged,1,1,0.87,0.87,0.0,0.8333333333333334,0.8333333333333334,0.0,end_code,end_code,259,259
KIVI-4,050224,JSON to CSV,T-conversion,JSON,CSV,both_pass,unchanged,unchanged,1,1,0.73,0.73,0.0,0.6666666666666666,0.6666666666666666,0.0,end_code,end_code,258,258
KIVI-4,050225,JSON to CSV,T-conversion,JSON,CSV,both_pass,unchanged,unchanged,1,1,0.87,0.87,0.0,0.8333333333333334,0.8333333333333334,0.0,end_code,end_code,257,257
KIVI-4,050226,JSON to CSV,T-conversion,JSON,CSV,both_pass,unchanged,unchanged,1,1,0.89,0.89,0.0,0.8571428571428571,0.8571428571428571,0.0,end_code,end_code,293,293
KIVI-4,050227,JSON to CSV,T-conversion,JSON,CSV,both_pass,unchanged,unchanged,1,1,0.87,0.87,0.0,0.8333333333333334,0.8333333333333334,0.0,end_code,end_code,173,173
KIVI-4,050228,JSON to CSV,T-conversion,JSON,CSV,both_pass,unchanged,unchanged,1,1,0.87,0.87,0.0,0.8333333333333334,0.8333333333333334,0.0,end_code,end_code,254,254
KIVI-4,050229,JSON to CSV,T-conversion,JSON,CSV,both_pass,regressed,regressed,1,1,0.87,0.73,-0.14,0.8333333333333334,0.6666666666666666,-0.16666666666666674,end_code,eos,189,197
KIVI-4,050230,JSON to CSV,T-conversion,JSON,CSV,both_pass,unchanged,unchanged,1,1,0.87,0.87,0.0,0.8333333333333334,0.8333333333333334,0.0,end_code,end_code,247,247
KIVI-4,050231,JSON to CSV,T-conversion,JSON,CSV,both_pass,unchanged,unchanged,1,1,0.87,0.87,0.0,0.8333333333333334,0.8333333333333334,0.0,end_code,end_code,217,217
KIVI-4,050232,JSON to CSV,T-conversion,JSON,CSV,both_pass,unchanged,unchanged,1,1,0.2,0.2,0.0,0.0,0.0,0.0,end_code,end_code,246,246
KIVI-4,050233,JSON to CSV,T-conversion,JSON,CSV,both_pass,unchanged,unchanged,1,1,0.87,0.87,0.0,0.8333333333333334,0.8333333333333334,0.0,end_code,end_code,214,214
KIVI-4,050234,JSON to CSV,T-conversion,JSON,CSV,both_pass,unchanged,unchanged,1,1,0.2,0.2,0.0,0.0,0.0,0.0,end_code,end_code,228,228
KIVI-4,050235,JSON to CSV,T-conversion,JSON,CSV,both_pass,unchanged,unchanged,1,1,0.87,0.87,0.0,0.8333333333333334,0.8333333333333334,0.0,end_code,end_code,260,260
KIVI-4,050236,JSON to CSV,T-conversion,JSON,CSV,both_pass,unchanged,unchanged,1,1,0.87,0.87,0.0,0.8333333333333334,0.8333333333333334,0.0,end_code,end_code,255,255
KIVI-4,050237,JSON to CSV,T-conversion,JSON,CSV,both_pass,unchanged,unchanged,1,1,0.87,0.87,0.0,0.8333333333333334,0.8333333333333334,0.0,end_code,end_code,243,243
KIVI-4,050238,JSON to CSV,T-conversion,JSON,CSV,both_pass,unchanged,unchanged,1,1,0.73,0.73,0.0,0.6666666666666666,0.6666666666666666,0.0,end_code,end_code,280,280
KIVI-4,050239,JSON to CSV,T-conversion,JSON,CSV,both_pass,unchanged,unchanged,1,1,0.87,0.87,0.0,0.8333333333333334,0.8333333333333334,0.0,end_code,end_code,255,255
KIVI-4,050240,JSON to CSV,T-conversion,JSON,CSV,both_pass,unchanged,unchanged,1,1,0.87,0.87,0.0,0.8333333333333334,0.8333333333333334,0.0,end_code,end_code,252,252
KIVI-4,050241,JSON to CSV,T-conversion,JSON,CSV,both_pass,unchanged,unchanged,1,1,0.87,0.87,0.0,0.8333333333333334,0.8333333333333334,0.0,end_code,end_code,209,209
KIVI-4,050242,JSON to CSV,T-conversion,JSON,CSV,both_pass,unchanged,unchanged,1,1,0.87,0.87,0.0,0.8333333333333334,0.8333333333333334,0.0,end_code,end_code,234,234
KIVI-4,050243,JSON to CSV,T-conversion,JSON,CSV,both_pass,unchanged,unchanged,1,1,0.87,0.87,0.0,0.8333333333333334,0.8333333333333334,0.0,end_code,end_code,280,280
KIVI-4,050244,JSON to CSV,T-conversion,JSON,CSV,both_pass,unchanged,unchanged,1,1,0.89,0.89,0.0,0.8571428571428571,0.8571428571428571,0.0,end_code,end_code,285,285
KIVI-4,050245,JSON to CSV,T-conversion,JSON,CSV,both_pass,unchanged,unchanged,1,1,0.87,0.87,0.0,0.8333333333333334,0.8333333333333334,0.0,end_code,end_code,267,267
KIVI-4,050246,JSON to CSV,T-conversion,JSON,CSV,both_pass,unchanged,unchanged,1,1,0.87,0.87,0.0,0.8333333333333334,0.8333333333333334,0.0,end_code,end_code,282,282
KIVI-4,050247,JSON to CSV,T-conversion,JSON,CSV,both_pass,unchanged,unchanged,1,1,0.2,0.2,0.0,0.0,0.0,0.0,end_code,end_code,287,287
KIVI-4,050248,JSON to CSV,T-conversion,JSON,CSV,both_pass,unchanged,unchanged,1,1,0.73,0.73,0.0,0.6666666666666666,0.6666666666666666,0.0,end_code,end_code,270,270
KIVI-4,050249,JSON to CSV,T-conversion,JSON,CSV,both_pass,improved,improved,1,1,0.2,0.77,0.5700000000000001,0.0,0.7142857142857143,0.7142857142857143,end_code,end_code,269,269
KIVI-4,170500,XML to JSON,T-conversion,XML,JSON,both_pass,unchanged,unchanged,1,1,1.0,1.0,0.0,1.0,1.0,0.0,end_code,end_code,214,214
KIVI-4,170501,XML to JSON,T-conversion,XML,JSON,both_fail,unchanged,unchanged,0,0,0.0,0.0,0.0,0.0,0.0,0.0,end_code,end_code,412,412
KIVI-4,170502,XML to JSON,T-conversion,XML,JSON,both_fail,unchanged,unchanged,0,0,0.0,0.0,0.0,0.0,0.0,0.0,end_code,end_code,575,575
KIVI-4,170503,XML to JSON,T-conversion,XML,JSON,both_fail,unchanged,unchanged,0,0,0.0,0.0,0.0,0.0,0.0,0.0,end_code,end_code,257,257
KIVI-4,170504,XML to JSON,T-conversion,XML,JSON,both_fail,unchanged,unchanged,0,0,0.0,0.0,0.0,0.0,0.0,0.0,end_code,end_code,503,520
KIVI-4,170505,XML to JSON,T-conversion,XML,JSON,both_fail,unchanged,unchanged,0,0,0.0,0.0,0.0,0.0,0.0,0.0,end_code,end_code,422,422
KIVI-4,170506,XML to JSON,T-conversion,XML,JSON,fp16_only,regressed,regressed,1,0,1.0,0.0,-1.0,1.0,0.0,-1.0,end_code,end_code,294,312
KIVI-4,170507,XML to JSON,T-conversion,XML,JSON,both_fail,unchanged,unchanged,0,0,0.0,0.0,0.0,0.0,0.0,0.0,end_code,end_code,191,188
KIVI-4,170508,XML to JSON,T-conversion,XML,JSON,both_fail,unchanged,unchanged,0,0,0.0,0.0,0.0,0.0,0.0,0.0,end_code,end_code,280,280
KIVI-4,170509,XML to JSON,T-conversion,XML,JSON,both_pass,unchanged,unchanged,1,1,1.0,1.0,0.0,1.0,1.0,0.0,end_code,end_code,324,324
KIVI-4,170510,XML to JSON,T-conversion,XML,JSON,both_fail,unchanged,unchanged,0,0,0.0,0.0,0.0,0.0,0.0,0.0,end_code,end_code,276,276
KIVI-4,170511,XML to JSON,T-conversion,XML,JSON,both_fail,unchanged,unchanged,0,0,0.0,0.0,0.0,0.0,0.0,0.0,end_code,end_code,876,835
KIVI-4,170512,XML to JSON,T-conversion,XML,JSON,both_fail,unchanged,unchanged,0,0,0.0,0.0,0.0,0.0,0.0,0.0,end_code,end_code,214,214
KIVI-4,170513,XML to JSON,T-conversion,XML,JSON,both_pass,unchanged,unchanged,1,1,0.2,0.2,0.0,0.0,0.0,0.0,end_code,end_code,209,209
KIVI-4,170514,XML to JSON,T-conversion,XML,JSON,both_pass,unchanged,unchanged,1,1,0.8,0.8,0.0,0.75,0.75,0.0,end_code,end_code,242,242
KIVI-4,170515,XML to JSON,T-conversion,XML,JSON,both_fail,unchanged,unchanged,0,0,0.0,0.0,0.0,0.0,0.0,0.0,end_code,end_code,287,287
KIVI-4,170516,XML to JSON,T-conversion,XML,JSON,both_fail,unchanged,unchanged,0,0,0.0,0.0,0.0,0.0,0.0,0.0,end_code,end_code,219,177
KIVI-4,170517,XML to JSON,T-conversion,XML,JSON,fp16_only,regressed,regressed,1,0,1.0,0.0,-1.0,1.0,0.0,-1.0,end_code,end_code,260,475
KIVI-4,170518,XML to JSON,T-conversion,XML,JSON,both_fail,unchanged,unchanged,0,0,0.0,0.0,0.0,0.0,0.0,0.0,end_code,end_code,567,557
KIVI-4,170519,XML to JSON,T-conversion,XML,JSON,both_fail,unchanged,unchanged,0,0,0.0,0.0,0.0,0.0,0.0,0.0,end_code,end_code,258,465
KIVI-4,170520,XML to JSON,T-conversion,XML,JSON,both_fail,unchanged,unchanged,0,0,0.0,0.0,0.0,0.0,0.0,0.0,end_code,end_code,267,267
KIVI-4,170521,XML to JSON,T-conversion,XML,JSON,both_fail,unchanged,unchanged,0,0,0.0,0.0,0.0,0.0,0.0,0.0,end_code,end_code,259,259
KIVI-4,170522,XML to JSON,T-conversion,XML,JSON,candidate_only,improved,improved,0,1,0.0,1.0,1.0,0.0,1.0,1.0,end_code,end_code,495,204
KIVI-4,170523,XML to JSON,T-conversion,XML,JSON,both_fail,unchanged,unchanged,0,0,0.0,0.0,0.0,0.0,0.0,0.0,end_code,end_code,221,221
KIVI-4,170524,XML to JSON,T-conversion,XML,JSON,both_fail,unchanged,unchanged,0,0,0.0,0.0,0.0,0.0,0.0,0.0,end_code,end_code,729,710
KIVI-4,170525,XML to JSON,T-conversion,XML,JSON,candidate_only,improved,improved,0,1,0.0,1.0,1.0,0.0,1.0,1.0,end_code,end_code,169,207
KIVI-4,170526,XML to JSON,T-conversion,XML,JSON,both_pass,unchanged,unchanged,1,1,0.2,0.2,0.0,0.0,0.0,0.0,end_code,end_code,193,245
KIVI-4,170527,XML to JSON,T-conversion,XML,JSON,both_fail,unchanged,unchanged,0,0,0.0,0.0,0.0,0.0,0.0,0.0,end_code,end_code,216,216
KIVI-4,170528,XML to JSON,T-conversion,XML,JSON,fp16_only,regressed,regressed,1,0,1.0,0.0,-1.0,1.0,0.0,-1.0,end_code,end_code,179,215
KIVI-4,170529,XML to JSON,T-conversion,XML,JSON,both_fail,unchanged,unchanged,0,0,0.0,0.0,0.0,0.0,0.0,0.0,end_code,end_code,266,266
KIVI-4,170530,XML to JSON,T-conversion,XML,JSON,both_pass,unchanged,unchanged,1,1,1.0,1.0,0.0,1.0,1.0,0.0,end_code,end_code,228,228
KIVI-4,170531,XML to JSON,T-conversion,XML,JSON,both_pass,unchanged,unchanged,1,1,1.0,1.0,0.0,1.0,1.0,0.0,end_code,end_code,205,257
KIVI-4,170532,XML to JSON,T-conversion,XML,JSON,both_pass,unchanged,unchanged,1,1,1.0,1.0,0.0,1.0,1.0,0.0,end_code,end_code,237,237
KIVI-4,170533,XML to JSON,T-conversion,XML,JSON,both_fail,unchanged,unchanged,0,0,0.0,0.0,0.0,0.0,0.0,0.0,end_code,end_code,384,378
KIVI-4,170534,XML to JSON,T-conversion,XML,JSON,both_fail,unchanged,unchanged,0,0,0.0,0.0,0.0,0.0,0.0,0.0,end_code,end_code,222,222
KIVI-4,170535,XML to JSON,T-conversion,XML,JSON,both_pass,unchanged,unchanged,1,1,1.0,1.0,0.0,1.0,1.0,0.0,end_code,end_code,337,337
KIVI-4,170536,XML to JSON,T-conversion,XML,JSON,both_pass,unchanged,unchanged,1,1,1.0,1.0,0.0,1.0,1.0,0.0,end_code,end_code,339,339
KIVI-4,170537,XML to JSON,T-conversion,XML,JSON,candidate_only,improved,improved,0,1,0.0,1.0,1.0,0.0,1.0,1.0,end_code,end_code,474,211
KIVI-4,170538,XML to JSON,T-conversion,XML,JSON,candidate_only,improved,improved,0,1,0.0,1.0,1.0,0.0,1.0,1.0,end_code,end_code,939,363
KIVI-4,170539,XML to JSON,T-conversion,XML,JSON,both_fail,unchanged,unchanged,0,0,0.0,0.0,0.0,0.0,0.0,0.0,end_code,end_code,275,275
KIVI-4,170540,XML to JSON,T-conversion,XML,JSON,both_fail,unchanged,unchanged,0,0,0.0,0.0,0.0,0.0,0.0,0.0,end_code,end_code,487,487
KIVI-4,170541,XML to JSON,T-conversion,XML,JSON,both_fail,unchanged,unchanged,0,0,0.0,0.0,0.0,0.0,0.0,0.0,end_code,end_code,474,476
KIVI-4,170542,XML to JSON,T-conversion,XML,JSON,both_pass,unchanged,unchanged,1,1,0.2,0.2,0.0,0.0,0.0,0.0,end_code,end_code,125,125
KIVI-4,170543,XML to JSON,T-conversion,XML,JSON,both_fail,unchanged,unchanged,0,0,0.0,0.0,0.0,0.0,0.0,0.0,end_code,end_code,470,470
KIVI-4,170544,XML to JSON,T-conversion,XML,JSON,both_pass,unchanged,unchanged,1,1,1.0,1.0,0.0,1.0,1.0,0.0,end_code,end_code,211,211
KIVI-4,170545,XML to JSON,T-conversion,XML,JSON,candidate_only,improved,improved,0,1,0.0,1.0,1.0,0.0,1.0,1.0,end_code,end_code,185,155
KIVI-4,170546,XML to JSON,T-conversion,XML,JSON,both_fail,unchanged,unchanged,0,0,0.0,0.0,0.0,0.0,0.0,0.0,end_code,end_code,281,281
KIVI-4,170547,XML to JSON,T-conversion,XML,JSON,fp16_only,regressed,regressed,1,0,1.0,0.0,-1.0,1.0,0.0,-1.0,end_code,end_code,255,457
KIVI-4,170548,XML to JSON,T-conversion,XML,JSON,both_fail,unchanged,unchanged,0,0,0.0,0.0,0.0,0.0,0.0,0.0,end_code,end_code,255,255
KIVI-4,170549,XML to JSON,T-conversion,XML,JSON,both_fail,unchanged,unchanged,0,0,0.0,0.0,0.0,0.0,0.0,0.0,end_code,end_code,216,216
KIVI-4,051700,JSON to XML,T-conversion,JSON,XML,both_fail,unchanged,unchanged,0,0,0.0,0.0,0.0,0.0,0.0,0.0,end_code,end_code,253,253
KIVI-4,051701,JSON to XML,T-conversion,JSON,XML,both_fail,unchanged,unchanged,0,0,0.0,0.0,0.0,0.0,0.0,0.0,end_code,end_code,178,192
KIVI-4,051702,JSON to XML,T-conversion,JSON,XML,both_fail,unchanged,unchanged,0,0,0.0,0.0,0.0,0.0,0.0,0.0,end_code,end_code,228,228
KIVI-4,051703,JSON to XML,T-conversion,JSON,XML,both_fail,unchanged,unchanged,0,0,0.0,0.0,0.0,0.0,0.0,0.0,end_code,end_code,267,300
KIVI-4,051704,JSON to XML,T-conversion,JSON,XML,both_fail,unchanged,unchanged,0,0,0.0,0.0,0.0,0.0,0.0,0.0,end_code,end_code,195,195
KIVI-4,051705,JSON to XML,T-conversion,JSON,XML,both_fail,unchanged,unchanged,0,0,0.0,0.0,0.0,0.0,0.0,0.0,end_code,end_code,258,258
KIVI-4,051706,JSON to XML,T-conversion,JSON,XML,both_fail,unchanged,unchanged,0,0,0.0,0.0,0.0,0.0,0.0,0.0,end_code,end_code,216,216
KIVI-4,051707,JSON to XML,T-conversion,JSON,XML,both_fail,unchanged,unchanged,0,0,0.0,0.0,0.0,0.0,0.0,0.0,end_code,end_code,342,342
KIVI-4,051708,JSON to XML,T-conversion,JSON,XML,both_fail,unchanged,unchanged,0,0,0.0,0.0,0.0,0.0,0.0,0.0,end_code,end_code,286,286
KIVI-4,051709,JSON to XML,T-conversion,JSON,XML,both_fail,unchanged,unchanged,0,0,0.0,0.0,0.0,0.0,0.0,0.0,end_code,end_code,268,259
KIVI-4,051710,JSON to XML,T-conversion,JSON,XML,both_fail,unchanged,unchanged,0,0,0.0,0.0,0.0,0.0,0.0,0.0,end_code,end_code,198,198
KIVI-4,051711,JSON to XML,T-conversion,JSON,XML,both_fail,unchanged,unchanged,0,0,0.0,0.0,0.0,0.0,0.0,0.0,end_code,end_code,190,232
KIVI-4,051712,JSON to XML,T-conversion,JSON,XML,both_fail,unchanged,unchanged,0,0,0.0,0.0,0.0,0.0,0.0,0.0,end_code,end_code,416,332
KIVI-4,051713,JSON to XML,T-conversion,JSON,XML,both_fail,unchanged,unchanged,0,0,0.0,0.0,0.0,0.0,0.0,0.0,end_code,end_code,718,286
KIVI-4,051714,JSON to XML,T-conversion,JSON,XML,both_fail,unchanged,unchanged,0,0,0.0,0.0,0.0,0.0,0.0,0.0,end_code,end_code,247,247
KIVI-4,051715,JSON to XML,T-conversion,JSON,XML,both_fail,unchanged,unchanged,0,0,0.0,0.0,0.0,0.0,0.0,0.0,end_code,end_code,252,252
KIVI-4,051716,JSON to XML,T-conversion,JSON,XML,both_fail,unchanged,unchanged,0,0,0.0,0.0,0.0,0.0,0.0,0.0,end_code,end_code,254,254
KIVI-4,051717,JSON to XML,T-conversion,JSON,XML,both_fail,unchanged,unchanged,0,0,0.0,0.0,0.0,0.0,0.0,0.0,end_code,end_code,151,146
KIVI-4,051718,JSON to XML,T-conversion,JSON,XML,both_fail,unchanged,unchanged,0,0,0.0,0.0,0.0,0.0,0.0,0.0,end_code,end_code,227,348
KIVI-4,051719,JSON to XML,T-conversion,JSON,XML,both_fail,unchanged,unchanged,0,0,0.0,0.0,0.0,0.0,0.0,0.0,end_code,end_code,183,131
KIVI-4,051720,JSON to XML,T-conversion,JSON,XML,both_fail,unchanged,unchanged,0,0,0.0,0.0,0.0,0.0,0.0,0.0,end_code,end_code,258,295
KIVI-4,051721,JSON to XML,T-conversion,JSON,XML,both_fail,unchanged,unchanged,0,0,0.0,0.0,0.0,0.0,0.0,0.0,end_code,end_code,384,384
KIVI-4,051722,JSON to XML,T-conversion,JSON,XML,both_fail,unchanged,unchanged,0,0,0.0,0.0,0.0,0.0,0.0,0.0,end_code,end_code,152,192
KIVI-4,051723,JSON to XML,T-conversion,JSON,XML,both_fail,unchanged,unchanged,0,0,0.0,0.0,0.0,0.0,0.0,0.0,end_code,end_code,253,257
KIVI-4,051724,JSON to XML,T-conversion,JSON,XML,both_fail,unchanged,unchanged,0,0,0.0,0.0,0.0,0.0,0.0,0.0,end_code,end_code,183,183
KIVI-4,051725,JSON to XML,T-conversion,JSON,XML,both_fail,unchanged,unchanged,0,0,0.0,0.0,0.0,0.0,0.0,0.0,end_code,end_code,264,259
KIVI-4,051726,JSON to XML,T-conversion,JSON,XML,both_fail,unchanged,unchanged,0,0,0.0,0.0,0.0,0.0,0.0,0.0,end_code,end_code,183,128
KIVI-4,051727,JSON to XML,T-conversion,JSON,XML,both_fail,unchanged,unchanged,0,0,0.0,0.0,0.0,0.0,0.0,0.0,end_code,end_code,269,320
KIVI-4,051728,JSON to XML,T-conversion,JSON,XML,both_fail,unchanged,unchanged,0,0,0.0,0.0,0.0,0.0,0.0,0.0,end_code,end_code,216,216
KIVI-4,051729,JSON to XML,T-conversion,JSON,XML,both_fail,unchanged,unchanged,0,0,0.0,0.0,0.0,0.0,0.0,0.0,end_code,end_code,276,276
KIVI-4,051730,JSON to XML,T-conversion,JSON,XML,both_fail,unchanged,unchanged,0,0,0.0,0.0,0.0,0.0,0.0,0.0,end_code,end_code,224,250
KIVI-4,051731,JSON to XML,T-conversion,JSON,XML,both_fail,unchanged,unchanged,0,0,0.0,0.0,0.0,0.0,0.0,0.0,end_code,end_code,251,255
KIVI-4,051732,JSON to XML,T-conversion,JSON,XML,both_fail,unchanged,unchanged,0,0,0.0,0.0,0.0,0.0,0.0,0.0,end_code,end_code,252,252
KIVI-4,051733,JSON to XML,T-conversion,JSON,XML,both_fail,unchanged,unchanged,0,0,0.0,0.0,0.0,0.0,0.0,0.0,end_code,end_code,148,148
KIVI-4,051734,JSON to XML,T-conversion,JSON,XML,both_fail,unchanged,unchanged,0,0,0.0,0.0,0.0,0.0,0.0,0.0,end_code,end_code,194,212
KIVI-4,051735,JSON to XML,T-conversion,JSON,XML,both_fail,unchanged,unchanged,0,0,0.0,0.0,0.0,0.0,0.0,0.0,end_code,end_code,187,138
KIVI-4,051736,JSON to XML,T-conversion,JSON,XML,both_fail,unchanged,unchanged,0,0,0.0,0.0,0.0,0.0,0.0,0.0,end_code,end_code,248,252
KIVI-4,051737,JSON to XML,T-conversion,JSON,XML,both_fail,unchanged,unchanged,0,0,0.0,0.0,0.0,0.0,0.0,0.0,end_code,end_code,214,214
KIVI-4,051738,JSON to XML,T-conversion,JSON,XML,both_fail,unchanged,unchanged,0,0,0.0,0.0,0.0,0.0,0.0,0.0,end_code,end_code,129,129
KIVI-4,051739,JSON to XML,T-conversion,JSON,XML,both_fail,unchanged,unchanged,0,0,0.0,0.0,0.0,0.0,0.0,0.0,end_code,end_code,145,132
KIVI-4,051740,JSON to XML,T-conversion,JSON,XML,both_fail,unchanged,unchanged,0,0,0.0,0.0,0.0,0.0,0.0,0.0,end_code,end_code,259,201
KIVI-4,051741,JSON to XML,T-conversion,JSON,XML,both_fail,unchanged,unchanged,0,0,0.0,0.0,0.0,0.0,0.0,0.0,end_code,end_code,196,196
KIVI-4,051742,JSON to XML,T-conversion,JSON,XML,both_fail,unchanged,unchanged,0,0,0.0,0.0,0.0,0.0,0.0,0.0,end_code,end_code,251,193
KIVI-4,051743,JSON to XML,T-conversion,JSON,XML,both_fail,unchanged,unchanged,0,0,0.0,0.0,0.0,0.0,0.0,0.0,end_code,end_code,184,184
KIVI-4,051744,JSON to XML,T-conversion,JSON,XML,both_fail,unchanged,unchanged,0,0,0.0,0.0,0.0,0.0,0.0,0.0,end_code,end_code,150,134
KIVI-4,051745,JSON to XML,T-conversion,JSON,XML,both_fail,unchanged,unchanged,0,0,0.0,0.0,0.0,0.0,0.0,0.0,end_code,end_code,217,166
KIVI-4,051746,JSON to XML,T-conversion,JSON,XML,both_fail,unchanged,unchanged,0,0,0.0,0.0,0.0,0.0,0.0,0.0,end_code,end_code,266,209
KIVI-4,051747,JSON to XML,T-conversion,JSON,XML,both_fail,unchanged,unchanged,0,0,0.0,0.0,0.0,0.0,0.0,0.0,end_code,end_code,385,385
KIVI-4,051748,JSON to XML,T-conversion,JSON,XML,both_fail,unchanged,unchanged,0,0,0.0,0.0,0.0,0.0,0.0,0.0,end_code,end_code,249,387
KIVI-4,051749,JSON to XML,T-conversion,JSON,XML,both_fail,unchanged,unchanged,0,0,0.0,0.0,0.0,0.0,0.0,0.0,end_code,end_code,151,114
KIVI-4,180500,YAML to JSON,T-conversion,YAML,JSON,both_pass,unchanged,unchanged,1,1,1.0,1.0,0.0,1.0,1.0,0.0,end_code,end_code,361,361
KIVI-4,180501,YAML to JSON,T-conversion,YAML,JSON,both_pass,unchanged,unchanged,1,1,1.0,1.0,0.0,1.0,1.0,0.0,end_code,end_code,625,625
KIVI-4,180502,YAML to JSON,T-conversion,YAML,JSON,both_pass,unchanged,unchanged,1,1,1.0,1.0,0.0,1.0,1.0,0.0,end_code,end_code,441,441
KIVI-4,180503,YAML to JSON,T-conversion,YAML,JSON,both_pass,unchanged,unchanged,1,1,1.0,1.0,0.0,1.0,1.0,0.0,end_code,end_code,292,292
KIVI-4,180504,YAML to JSON,T-conversion,YAML,JSON,both_pass,unchanged,unchanged,1,1,1.0,1.0,0.0,1.0,1.0,0.0,end_code,end_code,424,442
KIVI-4,180505,YAML to JSON,T-conversion,YAML,JSON,both_fail,unchanged,unchanged,0,0,0.0,0.0,0.0,0.0,0.0,0.0,end_code,end_code,408,408
KIVI-4,180506,YAML to JSON,T-conversion,YAML,JSON,both_pass,unchanged,unchanged,1,1,1.0,1.0,0.0,1.0,1.0,0.0,end_code,end_code,474,474
KIVI-4,180507,YAML to JSON,T-conversion,YAML,JSON,both_pass,unchanged,unchanged,1,1,1.0,1.0,0.0,1.0,1.0,0.0,end_code,end_code,405,409
KIVI-4,180508,YAML to JSON,T-conversion,YAML,JSON,both_pass,unchanged,unchanged,1,1,1.0,1.0,0.0,1.0,1.0,0.0,end_code,end_code,454,454
KIVI-4,180509,YAML to JSON,T-conversion,YAML,JSON,both_pass,unchanged,unchanged,1,1,0.96,0.96,0.0,0.95,0.95,0.0,end_code,end_code,351,355
KIVI-4,180510,YAML to JSON,T-conversion,YAML,JSON,both_pass,unchanged,unchanged,1,1,1.0,1.0,0.0,1.0,1.0,0.0,end_code,end_code,399,399
KIVI-4,180511,YAML to JSON,T-conversion,YAML,JSON,both_pass,unchanged,unchanged,1,1,1.0,1.0,0.0,1.0,1.0,0.0,end_code,end_code,338,365
KIVI-4,180512,YAML to JSON,T-conversion,YAML,JSON,both_pass,unchanged,unchanged,1,1,1.0,1.0,0.0,1.0,1.0,0.0,end_code,end_code,425,425
KIVI-4,180513,YAML to JSON,T-conversion,YAML,JSON,both_pass,unchanged,unchanged,1,1,1.0,1.0,0.0,1.0,1.0,0.0,end_code,end_code,355,342
KIVI-4,180514,YAML to JSON,T-conversion,YAML,JSON,both_pass,unchanged,unchanged,1,1,1.0,1.0,0.0,1.0,1.0,0.0,end_code,end_code,455,455
KIVI-4,180515,YAML to JSON,T-conversion,YAML,JSON,both_pass,unchanged,unchanged,1,1,1.0,1.0,0.0,1.0,1.0,0.0,end_code,end_code,455,455
KIVI-4,180516,YAML to JSON,T-conversion,YAML,JSON,both_pass,unchanged,unchanged,1,1,1.0,1.0,0.0,1.0,1.0,0.0,end_code,end_code,480,480
KIVI-4,180517,YAML to JSON,T-conversion,YAML,JSON,both_pass,unchanged,unchanged,1,1,1.0,1.0,0.0,1.0,1.0,0.0,end_code,end_code,398,436
KIVI-4,180518,YAML to JSON,T-conversion,YAML,JSON,both_pass,unchanged,unchanged,1,1,1.0,1.0,0.0,1.0,1.0,0.0,end_code,end_code,464,464
KIVI-4,180519,YAML to JSON,T-conversion,YAML,JSON,both_pass,unchanged,unchanged,1,1,1.0,1.0,0.0,1.0,1.0,0.0,end_code,end_code,525,485
KIVI-4,180520,YAML to JSON,T-conversion,YAML,JSON,both_pass,unchanged,unchanged,1,1,1.0,1.0,0.0,1.0,1.0,0.0,end_code,end_code,431,431
KIVI-4,180521,YAML to JSON,T-conversion,YAML,JSON,both_pass,unchanged,unchanged,1,1,1.0,1.0,0.0,1.0,1.0,0.0,end_code,end_code,449,449
KIVI-4,180522,YAML to JSON,T-conversion,YAML,JSON,both_pass,unchanged,unchanged,1,1,1.0,1.0,0.0,1.0,1.0,0.0,end_code,end_code,546,544
KIVI-4,180523,YAML to JSON,T-conversion,YAML,JSON,candidate_only,improved,improved,0,1,0.0,1.0,1.0,0.0,1.0,1.0,end_code,end_code,497,459
KIVI-4,180524,YAML to JSON,T-conversion,YAML,JSON,both_pass,unchanged,unchanged,1,1,1.0,1.0,0.0,1.0,1.0,0.0,end_code,end_code,385,385
KIVI-4,180525,YAML to JSON,T-conversion,YAML,JSON,both_pass,unchanged,unchanged,1,1,1.0,1.0,0.0,1.0,1.0,0.0,end_code,end_code,385,385
KIVI-4,180526,YAML to JSON,T-conversion,YAML,JSON,both_pass,unchanged,unchanged,1,1,1.0,1.0,0.0,1.0,1.0,0.0,end_code,end_code,417,416
KIVI-4,180527,YAML to JSON,T-conversion,YAML,JSON,both_pass,unchanged,unchanged,1,1,1.0,1.0,0.0,1.0,1.0,0.0,end_code,end_code,537,537
KIVI-4,180528,YAML to JSON,T-conversion,YAML,JSON,both_pass,unchanged,unchanged,1,1,0.84,0.84,0.0,0.8,0.8,0.0,end_code,end_code,368,344
KIVI-4,180529,YAML to JSON,T-conversion,YAML,JSON,both_pass,unchanged,unchanged,1,1,1.0,1.0,0.0,1.0,1.0,0.0,end_code,end_code,512,512
KIVI-4,180530,YAML to JSON,T-conversion,YAML,JSON,both_fail,unchanged,unchanged,0,0,0.0,0.0,0.0,0.0,0.0,0.0,end_code,end_code,564,564
KIVI-4,180531,YAML to JSON,T-conversion,YAML,JSON,both_pass,unchanged,unchanged,1,1,1.0,1.0,0.0,1.0,1.0,0.0,end_code,end_code,478,478
KIVI-4,180532,YAML to JSON,T-conversion,YAML,JSON,both_pass,unchanged,unchanged,1,1,1.0,1.0,0.0,1.0,1.0,0.0,end_code,end_code,423,422
KIVI-4,180533,YAML to JSON,T-conversion,YAML,JSON,both_pass,unchanged,unchanged,1,1,1.0,1.0,0.0,1.0,1.0,0.0,end_code,end_code,350,350
KIVI-4,180534,YAML to JSON,T-conversion,YAML,JSON,fp16_only,regressed,regressed,1,0,1.0,0.0,-1.0,1.0,0.0,-1.0,end_code,end_code,436,434
KIVI-4,180535,YAML to JSON,T-conversion,YAML,JSON,both_pass,unchanged,unchanged,1,1,1.0,1.0,0.0,1.0,1.0,0.0,end_code,end_code,413,413
KIVI-4,180536,YAML to JSON,T-conversion,YAML,JSON,both_fail,unchanged,unchanged,0,0,0.0,0.0,0.0,0.0,0.0,0.0,end_code,end_code,539,539
KIVI-4,180537,YAML to JSON,T-conversion,YAML,JSON,both_pass,unchanged,unchanged,1,1,1.0,1.0,0.0,1.0,1.0,0.0,end_code,end_code,501,501
KIVI-4,180538,YAML to JSON,T-conversion,YAML,JSON,both_pass,unchanged,unchanged,1,1,1.0,1.0,0.0,1.0,1.0,0.0,end_code,end_code,502,503
KIVI-4,180539,YAML to JSON,T-conversion,YAML,JSON,both_pass,unchanged,unchanged,1,1,1.0,1.0,0.0,1.0,1.0,0.0,end_code,end_code,396,396
KIVI-4,180540,YAML to JSON,T-conversion,YAML,JSON,both_pass,unchanged,unchanged,1,1,1.0,1.0,0.0,1.0,1.0,0.0,end_code,end_code,574,574
KIVI-4,180541,YAML to JSON,T-conversion,YAML,JSON,both_pass,unchanged,unchanged,1,1,1.0,1.0,0.0,1.0,1.0,0.0,end_code,end_code,501,485
KIVI-4,180542,YAML to JSON,T-conversion,YAML,JSON,both_pass,unchanged,unchanged,1,1,1.0,1.0,0.0,1.0,1.0,0.0,end_code,end_code,387,387
KIVI-4,180543,YAML to JSON,T-conversion,YAML,JSON,both_pass,unchanged,unchanged,1,1,1.0,1.0,0.0,1.0,1.0,0.0,end_code,end_code,433,434
KIVI-4,180544,YAML to JSON,T-conversion,YAML,JSON,both_pass,unchanged,unchanged,1,1,1.0,1.0,0.0,1.0,1.0,0.0,end_code,end_code,367,367
KIVI-4,180545,YAML to JSON,T-conversion,YAML,JSON,both_pass,unchanged,unchanged,1,1,1.0,1.0,0.0,1.0,1.0,0.0,end_code,end_code,441,440
KIVI-4,180546,YAML to JSON,T-conversion,YAML,JSON,both_pass,unchanged,unchanged,1,1,1.0,1.0,0.0,1.0,1.0,0.0,end_code,end_code,491,491
KIVI-4,180547,YAML to JSON,T-conversion,YAML,JSON,both_pass,unchanged,unchanged,1,1,1.0,1.0,0.0,1.0,1.0,0.0,end_code,end_code,476,476
KIVI-4,180548,YAML to JSON,T-conversion,YAML,JSON,both_pass,unchanged,unchanged,1,1,1.0,1.0,0.0,1.0,1.0,0.0,end_code,end_code,500,500
KIVI-4,180549,YAML to JSON,T-conversion,YAML,JSON,both_pass,unchanged,unchanged,1,1,1.0,1.0,0.0,1.0,1.0,0.0,end_code,end_code,324,324
KIVI-4,051800,JSON to YAML,T-conversion,JSON,YAML,both_pass,unchanged,unchanged,1,1,1.0,1.0,0.0,1.0,1.0,0.0,end_code,end_code,229,226
KIVI-4,051801,JSON to YAML,T-conversion,JSON,YAML,both_pass,unchanged,unchanged,1,1,1.0,1.0,0.0,1.0,1.0,0.0,end_code,end_code,231,231
KIVI-4,051802,JSON to YAML,T-conversion,JSON,YAML,both_pass,unchanged,unchanged,1,1,1.0,1.0,0.0,1.0,1.0,0.0,end_code,end_code,193,193
KIVI-4,051803,JSON to YAML,T-conversion,JSON,YAML,both_fail,unchanged,unchanged,0,0,0.0,0.0,0.0,0.0,0.0,0.0,end_code,end_code,389,433
KIVI-4,051804,JSON to YAML,T-conversion,JSON,YAML,both_pass,unchanged,unchanged,1,1,1.0,1.0,0.0,1.0,1.0,0.0,end_code,end_code,230,230
KIVI-4,051805,JSON to YAML,T-conversion,JSON,YAML,candidate_only,improved,improved,0,1,0.0,1.0,1.0,0.0,1.0,1.0,end_code,end_code,264,240
KIVI-4,051806,JSON to YAML,T-conversion,JSON,YAML,both_fail,unchanged,unchanged,0,0,0.0,0.0,0.0,0.0,0.0,0.0,end_code,end_code,274,274
KIVI-4,051807,JSON to YAML,T-conversion,JSON,YAML,both_pass,unchanged,unchanged,1,1,1.0,1.0,0.0,1.0,1.0,0.0,end_code,end_code,214,214
KIVI-4,051808,JSON to YAML,T-conversion,JSON,YAML,both_fail,unchanged,unchanged,0,0,0.0,0.0,0.0,0.0,0.0,0.0,end_code,end_code,386,403
KIVI-4,051809,JSON to YAML,T-conversion,JSON,YAML,both_pass,unchanged,unchanged,1,1,1.0,1.0,0.0,1.0,1.0,0.0,end_code,end_code,192,192
KIVI-4,051810,JSON to YAML,T-conversion,JSON,YAML,both_pass,unchanged,unchanged,1,1,1.0,1.0,0.0,1.0,1.0,0.0,end_code,end_code,244,244
KIVI-4,051811,JSON to YAML,T-conversion,JSON,YAML,candidate_only,improved,improved,0,1,0.0,1.0,1.0,0.0,1.0,1.0,end_code,end_code,303,238
KIVI-4,051812,JSON to YAML,T-conversion,JSON,YAML,both_fail,unchanged,unchanged,0,0,0.0,0.0,0.0,0.0,0.0,0.0,end_code,end_code,227,228
KIVI-4,051813,JSON to YAML,T-conversion,JSON,YAML,both_pass,unchanged,unchanged,1,1,1.0,1.0,0.0,1.0,1.0,0.0,end_code,end_code,228,228
KIVI-4,051814,JSON to YAML,T-conversion,JSON,YAML,both_pass,unchanged,unchanged,1,1,1.0,1.0,0.0,1.0,1.0,0.0,end_code,end_code,433,433
KIVI-4,051815,JSON to YAML,T-conversion,JSON,YAML,both_pass,unchanged,unchanged,1,1,1.0,1.0,0.0,1.0,1.0,0.0,end_code,end_code,293,293
KIVI-4,051816,JSON to YAML,T-conversion,JSON,YAML,both_pass,unchanged,unchanged,1,1,1.0,1.0,0.0,1.0,1.0,0.0,end_code,end_code,201,201
KIVI-4,051817,JSON to YAML,T-conversion,JSON,YAML,both_pass,unchanged,unchanged,1,1,1.0,1.0,0.0,1.0,1.0,0.0,end_code,end_code,242,242
KIVI-4,051818,JSON to YAML,T-conversion,JSON,YAML,both_pass,unchanged,unchanged,1,1,1.0,1.0,0.0,1.0,1.0,0.0,end_code,end_code,288,288
KIVI-4,051819,JSON to YAML,T-conversion,JSON,YAML,candidate_only,improved,improved,0,1,0.0,1.0,1.0,0.0,1.0,1.0,end_code,end_code,311,226
KIVI-4,051820,JSON to YAML,T-conversion,JSON,YAML,both_pass,unchanged,unchanged,1,1,1.0,1.0,0.0,1.0,1.0,0.0,end_code,end_code,214,214
KIVI-4,051821,JSON to YAML,T-conversion,JSON,YAML,both_pass,unchanged,unchanged,1,1,1.0,1.0,0.0,1.0,1.0,0.0,end_code,end_code,327,327
KIVI-4,051822,JSON to YAML,T-conversion,JSON,YAML,both_pass,unchanged,unchanged,1,1,1.0,1.0,0.0,1.0,1.0,0.0,end_code,end_code,266,266
KIVI-4,051823,JSON to YAML,T-conversion,JSON,YAML,both_fail,unchanged,unchanged,0,0,0.0,0.0,0.0,0.0,0.0,0.0,end_code,end_code,306,296
KIVI-4,051824,JSON to YAML,T-conversion,JSON,YAML,candidate_only,improved,improved,0,1,0.0,1.0,1.0,0.0,1.0,1.0,end_code,end_code,293,329
KIVI-4,051825,JSON to YAML,T-conversion,JSON,YAML,both_pass,unchanged,unchanged,1,1,1.0,1.0,0.0,1.0,1.0,0.0,end_code,end_code,215,191
KIVI-4,051826,JSON to YAML,T-conversion,JSON,YAML,fp16_only,regressed,regressed,1,0,1.0,0.0,-1.0,1.0,0.0,-1.0,end_code,end_code,257,279
KIVI-4,051827,JSON to YAML,T-conversion,JSON,YAML,both_fail,unchanged,unchanged,0,0,0.0,0.0,0.0,0.0,0.0,0.0,end_code,end_code,430,467
KIVI-4,051828,JSON to YAML,T-conversion,JSON,YAML,both_pass,unchanged,unchanged,1,1,1.0,1.0,0.0,1.0,1.0,0.0,end_code,end_code,227,227
KIVI-4,051829,JSON to YAML,T-conversion,JSON,YAML,both_pass,unchanged,unchanged,1,1,1.0,1.0,0.0,1.0,1.0,0.0,end_code,end_code,235,235
KIVI-4,051830,JSON to YAML,T-conversion,JSON,YAML,both_pass,unchanged,unchanged,1,1,1.0,1.0,0.0,1.0,1.0,0.0,end_code,end_code,245,245
KIVI-4,051831,JSON to YAML,T-conversion,JSON,YAML,both_pass,unchanged,unchanged,1,1,1.0,1.0,0.0,1.0,1.0,0.0,end_code,end_code,276,276
KIVI-4,051832,JSON to YAML,T-conversion,JSON,YAML,both_fail,unchanged,unchanged,0,0,0.0,0.0,0.0,0.0,0.0,0.0,end_code,end_code,263,263
KIVI-4,051833,JSON to YAML,T-conversion,JSON,YAML,candidate_only,improved,improved,0,1,0.0,1.0,1.0,0.0,1.0,1.0,end_code,end_code,311,247
KIVI-4,051834,JSON to YAML,T-conversion,JSON,YAML,both_fail,unchanged,unchanged,0,0,0.0,0.0,0.0,0.0,0.0,0.0,end_code,end_code,425,425
KIVI-4,051835,JSON to YAML,T-conversion,JSON,YAML,both_fail,unchanged,unchanged,0,0,0.0,0.0,0.0,0.0,0.0,0.0,end_code,end_code,316,316
KIVI-4,051836,JSON to YAML,T-conversion,JSON,YAML,both_pass,unchanged,unchanged,1,1,1.0,1.0,0.0,1.0,1.0,0.0,end_code,end_code,346,346
KIVI-4,051837,JSON to YAML,T-conversion,JSON,YAML,both_pass,unchanged,unchanged,1,1,1.0,1.0,0.0,1.0,1.0,0.0,end_code,end_code,252,252
KIVI-4,051838,JSON to YAML,T-conversion,JSON,YAML,both_pass,unchanged,unchanged,1,1,1.0,1.0,0.0,1.0,1.0,0.0,end_code,end_code,214,214
KIVI-4,051839,JSON to YAML,T-conversion,JSON,YAML,both_pass,unchanged,unchanged,1,1,1.0,1.0,0.0,1.0,1.0,0.0,end_code,end_code,207,207
KIVI-4,051840,JSON to YAML,T-conversion,JSON,YAML,both_fail,unchanged,unchanged,0,0,0.0,0.0,0.0,0.0,0.0,0.0,end_code,end_code,242,242
KIVI-4,051841,JSON to YAML,T-conversion,JSON,YAML,both_pass,unchanged,unchanged,1,1,1.0,1.0,0.0,1.0,1.0,0.0,end_code,end_code,223,223
KIVI-4,051842,JSON to YAML,T-conversion,JSON,YAML,both_pass,unchanged,unchanged,1,1,1.0,1.0,0.0,1.0,1.0,0.0,end_code,end_code,227,227
KIVI-4,051843,JSON to YAML,T-conversion,JSON,YAML,both_pass,unchanged,unchanged,1,1,1.0,1.0,0.0,1.0,1.0,0.0,end_code,end_code,263,263
KIVI-4,051844,JSON to YAML,T-conversion,JSON,YAML,both_fail,unchanged,unchanged,0,0,0.0,0.0,0.0,0.0,0.0,0.0,end_code,end_code,394,402
KIVI-4,051845,JSON to YAML,T-conversion,JSON,YAML,both_pass,unchanged,unchanged,1,1,1.0,1.0,0.0,1.0,1.0,0.0,end_code,end_code,253,253
KIVI-4,051846,JSON to YAML,T-conversion,JSON,YAML,both_pass,unchanged,unchanged,1,1,1.0,1.0,0.0,1.0,1.0,0.0,end_code,end_code,292,292
KIVI-4,051847,JSON to YAML,T-conversion,JSON,YAML,candidate_only,improved,improved,0,1,0.0,1.0,1.0,0.0,1.0,1.0,end_code,end_code,417,347
KIVI-4,051848,JSON to YAML,T-conversion,JSON,YAML,both_pass,unchanged,unchanged,1,1,1.0,1.0,0.0,1.0,1.0,0.0,end_code,end_code,254,254
KIVI-4,051849,JSON to YAML,T-conversion,JSON,YAML,both_pass,unchanged,unchanged,1,1,1.0,1.0,0.0,1.0,1.0,0.0,end_code,end_code,260,260
KIVI-4,170200,XML to CSV,T-conversion,XML,CSV,both_pass,unchanged,unchanged,1,1,0.87,0.87,0.0,0.8333333333333334,0.8333333333333334,0.0,end_code,end_code,257,257
KIVI-4,170201,XML to CSV,T-conversion,XML,CSV,both_pass,unchanged,unchanged,1,1,0.87,0.87,0.0,0.8333333333333334,0.8333333333333334,0.0,end_code,end_code,207,207
KIVI-4,170202,XML to CSV,T-conversion,XML,CSV,both_pass,unchanged,unchanged,1,1,0.89,0.89,0.0,0.8571428571428571,0.8571428571428571,0.0,end_code,end_code,339,339
KIVI-4,170203,XML to CSV,T-conversion,XML,CSV,both_pass,unchanged,unchanged,1,1,0.87,0.87,0.0,0.8333333333333334,0.8333333333333334,0.0,end_code,end_code,247,247
KIVI-4,170204,XML to CSV,T-conversion,XML,CSV,both_pass,unchanged,unchanged,1,1,0.87,0.87,0.0,0.8333333333333334,0.8333333333333334,0.0,end_code,end_code,224,224
KIVI-4,170205,XML to CSV,T-conversion,XML,CSV,both_pass,unchanged,unchanged,1,1,0.87,0.87,0.0,0.8333333333333334,0.8333333333333334,0.0,end_code,end_code,259,259
KIVI-4,170206,XML to CSV,T-conversion,XML,CSV,both_pass,unchanged,unchanged,1,1,0.89,0.89,0.0,0.8571428571428571,0.8571428571428571,0.0,end_code,end_code,294,294
KIVI-4,170207,XML to CSV,T-conversion,XML,CSV,both_pass,unchanged,unchanged,1,1,0.87,0.87,0.0,0.8333333333333334,0.8333333333333334,0.0,end_code,end_code,202,202
KIVI-4,170208,XML to CSV,T-conversion,XML,CSV,both_pass,unchanged,unchanged,1,1,0.87,0.87,0.0,0.8333333333333334,0.8333333333333334,0.0,end_code,end_code,237,237
KIVI-4,170209,XML to CSV,T-conversion,XML,CSV,both_pass,unchanged,unchanged,1,1,0.87,0.87,0.0,0.8333333333333334,0.8333333333333334,0.0,end_code,end_code,227,227
KIVI-4,170210,XML to CSV,T-conversion,XML,CSV,both_pass,unchanged,unchanged,1,1,0.87,0.87,0.0,0.8333333333333334,0.8333333333333334,0.0,end_code,end_code,203,203
KIVI-4,170211,XML to CSV,T-conversion,XML,CSV,both_pass,unchanged,unchanged,1,1,0.87,0.87,0.0,0.8333333333333334,0.8333333333333334,0.0,end_code,end_code,260,260
KIVI-4,170212,XML to CSV,T-conversion,XML,CSV,both_pass,unchanged,unchanged,1,1,0.87,0.87,0.0,0.8333333333333334,0.8333333333333334,0.0,end_code,end_code,256,256
KIVI-4,170213,XML to CSV,T-conversion,XML,CSV,both_pass,unchanged,unchanged,1,1,0.87,0.87,0.0,0.8333333333333334,0.8333333333333334,0.0,end_code,end_code,278,278
KIVI-4,170214,XML to CSV,T-conversion,XML,CSV,both_pass,unchanged,unchanged,1,1,0.87,0.87,0.0,0.8333333333333334,0.8333333333333334,0.0,end_code,end_code,220,220
KIVI-4,170215,XML to CSV,T-conversion,XML,CSV,both_pass,unchanged,unchanged,1,1,0.87,0.87,0.0,0.8333333333333334,0.8333333333333334,0.0,end_code,end_code,245,245
KIVI-4,170216,XML to CSV,T-conversion,XML,CSV,both_pass,unchanged,unchanged,1,1,0.87,0.87,0.0,0.8333333333333334,0.8333333333333334,0.0,end_code,end_code,253,253
KIVI-4,170217,XML to CSV,T-conversion,XML,CSV,both_pass,improved,improved,1,1,0.73,0.87,0.14,0.6666666666666666,0.8333333333333334,0.16666666666666674,end_code,end_code,273,273
KIVI-4,170218,XML to CSV,T-conversion,XML,CSV,both_pass,unchanged,unchanged,1,1,0.87,0.87,0.0,0.8333333333333334,0.8333333333333334,0.0,end_code,end_code,255,255
KIVI-4,170219,XML to CSV,T-conversion,XML,CSV,both_pass,unchanged,unchanged,1,1,0.87,0.87,0.0,0.8333333333333334,0.8333333333333334,0.0,end_code,end_code,235,235
KIVI-4,170220,XML to CSV,T-conversion,XML,CSV,both_pass,unchanged,unchanged,1,1,0.87,0.87,0.0,0.8333333333333334,0.8333333333333334,0.0,end_code,end_code,250,250
KIVI-4,170221,XML to CSV,T-conversion,XML,CSV,both_pass,unchanged,unchanged,1,1,0.87,0.87,0.0,0.8333333333333334,0.8333333333333334,0.0,end_code,end_code,254,254
KIVI-4,170222,XML to CSV,T-conversion,XML,CSV,both_pass,unchanged,unchanged,1,1,0.87,0.87,0.0,0.8333333333333334,0.8333333333333334,0.0,end_code,end_code,225,225
KIVI-4,170223,XML to CSV,T-conversion,XML,CSV,both_pass,unchanged,unchanged,1,1,0.89,0.89,0.0,0.8571428571428571,0.8571428571428571,0.0,end_code,end_code,248,248
KIVI-4,170224,XML to CSV,T-conversion,XML,CSV,both_pass,unchanged,unchanged,1,1,0.87,0.87,0.0,0.8333333333333334,0.8333333333333334,0.0,end_code,end_code,234,234
KIVI-4,170225,XML to CSV,T-conversion,XML,CSV,both_pass,unchanged,unchanged,1,1,0.87,0.87,0.0,0.8333333333333334,0.8333333333333334,0.0,end_code,end_code,243,243
KIVI-4,170226,XML to CSV,T-conversion,XML,CSV,both_pass,unchanged,unchanged,1,1,0.33,0.33,0.0,0.16666666666666666,0.16666666666666666,0.0,end_code,end_code,252,252
KIVI-4,170227,XML to CSV,T-conversion,XML,CSV,both_pass,unchanged,unchanged,1,1,0.87,0.87,0.0,0.8333333333333334,0.8333333333333334,0.0,end_code,end_code,269,269
KIVI-4,170228,XML to CSV,T-conversion,XML,CSV,both_pass,unchanged,unchanged,1,1,0.87,0.87,0.0,0.8333333333333334,0.8333333333333334,0.0,end_code,end_code,236,236
KIVI-4,170229,XML to CSV,T-conversion,XML,CSV,both_pass,unchanged,unchanged,1,1,0.87,0.87,0.0,0.8333333333333334,0.8333333333333334,0.0,end_code,end_code,250,250
KIVI-4,170230,XML to CSV,T-conversion,XML,CSV,both_pass,unchanged,unchanged,1,1,0.33,0.33,0.0,0.16666666666666666,0.16666666666666666,0.0,end_code,end_code,259,259
KIVI-4,170231,XML to CSV,T-conversion,XML,CSV,both_pass,unchanged,unchanged,1,1,0.87,0.87,0.0,0.8333333333333334,0.8333333333333334,0.0,end_code,end_code,239,239
KIVI-4,170232,XML to CSV,T-conversion,XML,CSV,both_pass,unchanged,unchanged,1,1,0.87,0.87,0.0,0.8333333333333334,0.8333333333333334,0.0,end_code,end_code,213,213
KIVI-4,170233,XML to CSV,T-conversion,XML,CSV,both_pass,unchanged,unchanged,1,1,0.77,0.77,0.0,0.7142857142857143,0.7142857142857143,0.0,end_code,end_code,302,302
KIVI-4,170234,XML to CSV,T-conversion,XML,CSV,both_pass,unchanged,unchanged,1,1,0.87,0.87,0.0,0.8333333333333334,0.8333333333333334,0.0,end_code,end_code,225,225
KIVI-4,170235,XML to CSV,T-conversion,XML,CSV,both_pass,unchanged,unchanged,1,1,0.89,0.89,0.0,0.8571428571428571,0.8571428571428571,0.0,end_code,end_code,272,272
KIVI-4,170236,XML to CSV,T-conversion,XML,CSV,both_pass,unchanged,unchanged,1,1,0.87,0.87,0.0,0.8333333333333334,0.8333333333333334,0.0,end_code,end_code,216,216
KIVI-4,170237,XML to CSV,T-conversion,XML,CSV,both_pass,unchanged,unchanged,1,1,0.89,0.89,0.0,0.8571428571428571,0.8571428571428571,0.0,end_code,end_code,304,304
KIVI-4,170238,XML to CSV,T-conversion,XML,CSV,both_pass,unchanged,unchanged,1,1,0.33,0.33,0.0,0.16666666666666666,0.16666666666666666,0.0,end_code,end_code,467,467
KIVI-4,170239,XML to CSV,T-conversion,XML,CSV,both_pass,unchanged,unchanged,1,1,0.87,0.87,0.0,0.8333333333333334,0.8333333333333334,0.0,end_code,end_code,232,232
KIVI-4,170240,XML to CSV,T-conversion,XML,CSV,both_pass,unchanged,unchanged,1,1,0.89,0.89,0.0,0.8571428571428571,0.8571428571428571,0.0,end_code,end_code,260,260
KIVI-4,170241,XML to CSV,T-conversion,XML,CSV,both_pass,unchanged,unchanged,1,1,0.87,0.87,0.0,0.8333333333333334,0.8333333333333334,0.0,end_code,end_code,242,242
KIVI-4,170242,XML to CSV,T-conversion,XML,CSV,both_pass,unchanged,unchanged,1,1,0.87,0.87,0.0,0.8333333333333334,0.8333333333333334,0.0,end_code,end_code,212,212
KIVI-4,170243,XML to CSV,T-conversion,XML,CSV,both_pass,unchanged,unchanged,1,1,0.33,0.33,0.0,0.16666666666666666,0.16666666666666666,0.0,end_code,end_code,243,243
KIVI-4,170244,XML to CSV,T-conversion,XML,CSV,both_pass,unchanged,unchanged,1,1,0.87,0.87,0.0,0.8333333333333334,0.8333333333333334,0.0,end_code,end_code,223,223
KIVI-4,170245,XML to CSV,T-conversion,XML,CSV,both_pass,unchanged,unchanged,1,1,0.87,0.87,0.0,0.8333333333333334,0.8333333333333334,0.0,end_code,end_code,283,283
KIVI-4,170246,XML to CSV,T-conversion,XML,CSV,both_pass,unchanged,unchanged,1,1,0.89,0.89,0.0,0.8571428571428571,0.8571428571428571,0.0,end_code,end_code,269,269
KIVI-4,170247,XML to CSV,T-conversion,XML,CSV,both_pass,unchanged,unchanged,1,1,0.87,0.87,0.0,0.8333333333333334,0.8333333333333334,0.0,end_code,end_code,248,248
KIVI-4,170248,XML to CSV,T-conversion,XML,CSV,both_pass,unchanged,unchanged,1,1,0.87,0.87,0.0,0.8333333333333334,0.8333333333333334,0.0,end_code,end_code,257,257
KIVI-4,170249,XML to CSV,T-conversion,XML,CSV,both_pass,unchanged,unchanged,1,1,0.87,0.87,0.0,0.8333333333333334,0.8333333333333334,0.0,end_code,end_code,251,251
KIVI-4,021700,CSV to XML,T-conversion,CSV,XML,both_fail,unchanged,unchanged,0,0,0.0,0.0,0.0,0.0,0.0,0.0,end_code,end_code,457,402
KIVI-4,021701,CSV to XML,T-conversion,CSV,XML,both_fail,unchanged,unchanged,0,0,0.0,0.0,0.0,0.0,0.0,0.0,end_code,end_code,499,770
KIVI-4,021702,CSV to XML,T-conversion,CSV,XML,both_fail,unchanged,unchanged,0,0,0.0,0.0,0.0,0.0,0.0,0.0,end_code,end_code,539,486
KIVI-4,021703,CSV to XML,T-conversion,CSV,XML,both_fail,unchanged,unchanged,0,0,0.0,0.0,0.0,0.0,0.0,0.0,end_code,end_code,870,353
KIVI-4,021704,CSV to XML,T-conversion,CSV,XML,both_fail,unchanged,unchanged,0,0,0.0,0.0,0.0,0.0,0.0,0.0,end_code,end_code,683,735
KIVI-4,021705,CSV to XML,T-conversion,CSV,XML,both_fail,unchanged,unchanged,0,0,0.0,0.0,0.0,0.0,0.0,0.0,eos,end_code,413,397
KIVI-4,021706,CSV to XML,T-conversion,CSV,XML,both_fail,unchanged,unchanged,0,0,0.0,0.0,0.0,0.0,0.0,0.0,end_code,end_code,342,302
KIVI-4,021707,CSV to XML,T-conversion,CSV,XML,both_fail,unchanged,unchanged,0,0,0.0,0.0,0.0,0.0,0.0,0.0,end_code,end_code,640,701
KIVI-4,021708,CSV to XML,T-conversion,CSV,XML,both_fail,unchanged,unchanged,0,0,0.0,0.0,0.0,0.0,0.0,0.0,end_code,end_code,397,397
KIVI-4,021709,CSV to XML,T-conversion,CSV,XML,both_fail,unchanged,unchanged,0,0,0.0,0.0,0.0,0.0,0.0,0.0,end_code,end_code,1084,1080
KIVI-4,021710,CSV to XML,T-conversion,CSV,XML,both_fail,unchanged,unchanged,0,0,0.0,0.0,0.0,0.0,0.0,0.0,end_code,end_code,1591,765
KIVI-4,021711,CSV to XML,T-conversion,CSV,XML,both_fail,unchanged,unchanged,0,0,0.0,0.0,0.0,0.0,0.0,0.0,end_code,end_code,500,460
KIVI-4,021712,CSV to XML,T-conversion,CSV,XML,both_fail,unchanged,unchanged,0,0,0.0,0.0,0.0,0.0,0.0,0.0,end_code,end_code,605,363
KIVI-4,021713,CSV to XML,T-conversion,CSV,XML,both_fail,unchanged,unchanged,0,0,0.0,0.0,0.0,0.0,0.0,0.0,end_code,end_code,465,386
KIVI-4,021714,CSV to XML,T-conversion,CSV,XML,both_fail,unchanged,unchanged,0,0,0.0,0.0,0.0,0.0,0.0,0.0,end_code,end_code,236,386
KIVI-4,021715,CSV to XML,T-conversion,CSV,XML,both_fail,unchanged,unchanged,0,0,0.0,0.0,0.0,0.0,0.0,0.0,end_code,end_code,483,479
KIVI-4,021716,CSV to XML,T-conversion,CSV,XML,both_fail,unchanged,unchanged,0,0,0.0,0.0,0.0,0.0,0.0,0.0,end_code,end_code,858,858
KIVI-4,021717,CSV to XML,T-conversion,CSV,XML,both_fail,unchanged,unchanged,0,0,0.0,0.0,0.0,0.0,0.0,0.0,end_code,end_code,433,433
KIVI-4,021718,CSV to XML,T-conversion,CSV,XML,both_fail,unchanged,unchanged,0,0,0.0,0.0,0.0,0.0,0.0,0.0,end_code,end_code,751,866
KIVI-4,021719,CSV to XML,T-conversion,CSV,XML,both_fail,unchanged,unchanged,0,0,0.0,0.0,0.0,0.0,0.0,0.0,end_code,end_code,721,618
KIVI-4,021720,CSV to XML,T-conversion,CSV,XML,both_fail,unchanged,unchanged,0,0,0.0,0.0,0.0,0.0,0.0,0.0,end_code,end_code,537,523
KIVI-4,021721,CSV to XML,T-conversion,CSV,XML,both_fail,unchanged,unchanged,0,0,0.0,0.0,0.0,0.0,0.0,0.0,end_code,end_code,250,250
KIVI-4,021722,CSV to XML,T-conversion,CSV,XML,both_fail,unchanged,unchanged,0,0,0.0,0.0,0.0,0.0,0.0,0.0,end_code,end_code,926,588
KIVI-4,021723,CSV to XML,T-conversion,CSV,XML,both_fail,unchanged,unchanged,0,0,0.0,0.0,0.0,0.0,0.0,0.0,end_code,end_code,521,547
KIVI-4,021724,CSV to XML,T-conversion,CSV,XML,both_fail,unchanged,unchanged,0,0,0.0,0.0,0.0,0.0,0.0,0.0,end_code,end_code,284,284
KIVI-4,021725,CSV to XML,T-conversion,CSV,XML,both_fail,unchanged,unchanged,0,0,0.0,0.0,0.0,0.0,0.0,0.0,end_code,end_code,458,458
KIVI-4,021726,CSV to XML,T-conversion,CSV,XML,both_fail,unchanged,unchanged,0,0,0.0,0.0,0.0,0.0,0.0,0.0,end_code,end_code,424,402
KIVI-4,021727,CSV to XML,T-conversion,CSV,XML,both_fail,unchanged,unchanged,0,0,0.0,0.0,0.0,0.0,0.0,0.0,end_code,end_code,547,528
KIVI-4,021728,CSV to XML,T-conversion,CSV,XML,both_fail,unchanged,unchanged,0,0,0.0,0.0,0.0,0.0,0.0,0.0,end_code,end_code,439,434
KIVI-4,021729,CSV to XML,T-conversion,CSV,XML,both_fail,unchanged,unchanged,0,0,0.0,0.0,0.0,0.0,0.0,0.0,end_code,end_code,359,269
KIVI-4,021730,CSV to XML,T-conversion,CSV,XML,both_fail,unchanged,unchanged,0,0,0.0,0.0,0.0,0.0,0.0,0.0,end_code,end_code,322,340
KIVI-4,021731,CSV to XML,T-conversion,CSV,XML,both_fail,unchanged,unchanged,0,0,0.0,0.0,0.0,0.0,0.0,0.0,end_code,end_code,1421,1433
KIVI-4,021732,CSV to XML,T-conversion,CSV,XML,both_pass,unchanged,unchanged,1,1,0.2,0.2,0.0,0.0,0.0,0.0,end_code,end_code,385,387
KIVI-4,021733,CSV to XML,T-conversion,CSV,XML,both_fail,unchanged,unchanged,0,0,0.0,0.0,0.0,0.0,0.0,0.0,end_code,end_code,355,304
KIVI-4,021734,CSV to XML,T-conversion,CSV,XML,both_fail,unchanged,unchanged,0,0,0.0,0.0,0.0,0.0,0.0,0.0,end_code,end_code,550,552
KIVI-4,021735,CSV to XML,T-conversion,CSV,XML,both_fail,unchanged,unchanged,0,0,0.0,0.0,0.0,0.0,0.0,0.0,end_code,end_code,403,415
KIVI-4,021736,CSV to XML,T-conversion,CSV,XML,both_fail,unchanged,unchanged,0,0,0.0,0.0,0.0,0.0,0.0,0.0,end_code,end_code,716,718
KIVI-4,021737,CSV to XML,T-conversion,CSV,XML,both_fail,unchanged,unchanged,0,0,0.0,0.0,0.0,0.0,0.0,0.0,end_code,end_code,351,457
KIVI-4,021738,CSV to XML,T-conversion,CSV,XML,both_fail,unchanged,unchanged,0,0,0.0,0.0,0.0,0.0,0.0,0.0,end_code,end_code,604,707
KIVI-4,021739,CSV to XML,T-conversion,CSV,XML,both_fail,unchanged,unchanged,0,0,0.0,0.0,0.0,0.0,0.0,0.0,end_code,end_code,528,626
KIVI-4,021740,CSV to XML,T-conversion,CSV,XML,both_fail,unchanged,unchanged,0,0,0.0,0.0,0.0,0.0,0.0,0.0,end_code,end_code,335,342
KIVI-4,021741,CSV to XML,T-conversion,CSV,XML,both_fail,unchanged,unchanged,0,0,0.0,0.0,0.0,0.0,0.0,0.0,end_code,end_code,428,428
KIVI-4,021742,CSV to XML,T-conversion,CSV,XML,both_fail,unchanged,unchanged,0,0,0.0,0.0,0.0,0.0,0.0,0.0,end_code,end_code,812,812
KIVI-4,021743,CSV to XML,T-conversion,CSV,XML,both_fail,unchanged,unchanged,0,0,0.0,0.0,0.0,0.0,0.0,0.0,end_code,end_code,378,378
KIVI-4,021744,CSV to XML,T-conversion,CSV,XML,both_fail,unchanged,unchanged,0,0,0.0,0.0,0.0,0.0,0.0,0.0,end_code,end_code,307,501
KIVI-4,021745,CSV to XML,T-conversion,CSV,XML,both_fail,unchanged,unchanged,0,0,0.0,0.0,0.0,0.0,0.0,0.0,end_code,end_code,529,901
KIVI-4,021746,CSV to XML,T-conversion,CSV,XML,both_fail,unchanged,unchanged,0,0,0.0,0.0,0.0,0.0,0.0,0.0,end_code,end_code,392,331
KIVI-4,021747,CSV to XML,T-conversion,CSV,XML,both_fail,unchanged,unchanged,0,0,0.0,0.0,0.0,0.0,0.0,0.0,end_code,end_code,383,383
KIVI-4,021748,CSV to XML,T-conversion,CSV,XML,both_fail,unchanged,unchanged,0,0,0.0,0.0,0.0,0.0,0.0,0.0,end_code,end_code,581,515
KIVI-4,021749,CSV to XML,T-conversion,CSV,XML,both_fail,unchanged,unchanged,0,0,0.0,0.0,0.0,0.0,0.0,0.0,end_code,end_code,332,263
KIVI-4,171800,XML to YAML,T-conversion,XML,YAML,both_fail,unchanged,unchanged,0,0,0.0,0.0,0.0,0.0,0.0,0.0,end_code,end_code,96,96
KIVI-4,171801,XML to YAML,T-conversion,XML,YAML,both_fail,unchanged,unchanged,0,0,0.0,0.0,0.0,0.0,0.0,0.0,end_code,end_code,121,121
KIVI-4,171802,XML to YAML,T-conversion,XML,YAML,both_fail,unchanged,unchanged,0,0,0.0,0.0,0.0,0.0,0.0,0.0,end_code,end_code,95,95
KIVI-4,171803,XML to YAML,T-conversion,XML,YAML,both_fail,unchanged,unchanged,0,0,0.0,0.0,0.0,0.0,0.0,0.0,end_code,end_code,104,104
KIVI-4,171804,XML to YAML,T-conversion,XML,YAML,both_fail,unchanged,unchanged,0,0,0.0,0.0,0.0,0.0,0.0,0.0,end_code,end_code,136,132
KIVI-4,171805,XML to YAML,T-conversion,XML,YAML,both_fail,unchanged,unchanged,0,0,0.0,0.0,0.0,0.0,0.0,0.0,end_code,end_code,116,116
KIVI-4,171806,XML to YAML,T-conversion,XML,YAML,both_fail,unchanged,unchanged,0,0,0.0,0.0,0.0,0.0,0.0,0.0,end_code,end_code,124,148
KIVI-4,171807,XML to YAML,T-conversion,XML,YAML,both_fail,unchanged,unchanged,0,0,0.0,0.0,0.0,0.0,0.0,0.0,end_code,end_code,130,147
KIVI-4,171808,XML to YAML,T-conversion,XML,YAML,both_fail,unchanged,unchanged,0,0,0.0,0.0,0.0,0.0,0.0,0.0,end_code,end_code,150,150
KIVI-4,171809,XML to YAML,T-conversion,XML,YAML,both_fail,unchanged,unchanged,0,0,0.0,0.0,0.0,0.0,0.0,0.0,end_code,end_code,110,110
KIVI-4,171810,XML to YAML,T-conversion,XML,YAML,both_fail,unchanged,unchanged,0,0,0.0,0.0,0.0,0.0,0.0,0.0,end_code,end_code,136,136
KIVI-4,171811,XML to YAML,T-conversion,XML,YAML,both_fail,unchanged,unchanged,0,0,0.0,0.0,0.0,0.0,0.0,0.0,end_code,end_code,176,176
KIVI-4,171812,XML to YAML,T-conversion,XML,YAML,both_pass,unchanged,unchanged,1,1,1.0,1.0,0.0,1.0,1.0,0.0,end_code,end_code,83,83
KIVI-4,171813,XML to YAML,T-conversion,XML,YAML,both_fail,unchanged,unchanged,0,0,0.0,0.0,0.0,0.0,0.0,0.0,end_code,end_code,103,108
KIVI-4,171814,XML to YAML,T-conversion,XML,YAML,both_fail,unchanged,unchanged,0,0,0.0,0.0,0.0,0.0,0.0,0.0,end_code,end_code,119,119
KIVI-4,171815,XML to YAML,T-conversion,XML,YAML,both_fail,unchanged,unchanged,0,0,0.0,0.0,0.0,0.0,0.0,0.0,end_code,end_code,108,108
KIVI-4,171816,XML to YAML,T-conversion,XML,YAML,both_fail,unchanged,unchanged,0,0,0.0,0.0,0.0,0.0,0.0,0.0,end_code,end_code,94,94
KIVI-4,171817,XML to YAML,T-conversion,XML,YAML,both_fail,unchanged,unchanged,0,0,0.0,0.0,0.0,0.0,0.0,0.0,end_code,end_code,140,140
KIVI-4,171818,XML to YAML,T-conversion,XML,YAML,both_fail,unchanged,unchanged,0,0,0.0,0.0,0.0,0.0,0.0,0.0,end_code,end_code,133,133
KIVI-4,171819,XML to YAML,T-conversion,XML,YAML,both_fail,unchanged,unchanged,0,0,0.0,0.0,0.0,0.0,0.0,0.0,end_code,end_code,131,131
KIVI-4,171820,XML to YAML,T-conversion,XML,YAML,both_fail,unchanged,unchanged,0,0,0.0,0.0,0.0,0.0,0.0,0.0,end_code,end_code,117,117
KIVI-4,171821,XML to YAML,T-conversion,XML,YAML,both_fail,unchanged,unchanged,0,0,0.0,0.0,0.0,0.0,0.0,0.0,end_code,end_code,93,93
KIVI-4,171822,XML to YAML,T-conversion,XML,YAML,both_fail,unchanged,unchanged,0,0,0.0,0.0,0.0,0.0,0.0,0.0,end_code,end_code,118,118
KIVI-4,171823,XML to YAML,T-conversion,XML,YAML,both_fail,unchanged,unchanged,0,0,0.0,0.0,0.0,0.0,0.0,0.0,end_code,end_code,119,119
KIVI-4,171824,XML to YAML,T-conversion,XML,YAML,both_fail,unchanged,unchanged,0,0,0.0,0.0,0.0,0.0,0.0,0.0,end_code,end_code,140,140
KIVI-4,171825,XML to YAML,T-conversion,XML,YAML,both_fail,unchanged,unchanged,0,0,0.0,0.0,0.0,0.0,0.0,0.0,end_code,end_code,101,101
KIVI-4,171826,XML to YAML,T-conversion,XML,YAML,both_fail,unchanged,unchanged,0,0,0.0,0.0,0.0,0.0,0.0,0.0,end_code,end_code,109,116
KIVI-4,171827,XML to YAML,T-conversion,XML,YAML,both_fail,unchanged,unchanged,0,0,0.0,0.0,0.0,0.0,0.0,0.0,end_code,end_code,113,113
KIVI-4,171828,XML to YAML,T-conversion,XML,YAML,both_fail,unchanged,unchanged,0,0,0.0,0.0,0.0,0.0,0.0,0.0,end_code,end_code,118,118
KIVI-4,171829,XML to YAML,T-conversion,XML,YAML,both_fail,unchanged,unchanged,0,0,0.0,0.0,0.0,0.0,0.0,0.0,end_code,end_code,122,122
KIVI-4,171830,XML to YAML,T-conversion,XML,YAML,both_fail,unchanged,unchanged,0,0,0.0,0.0,0.0,0.0,0.0,0.0,end_code,end_code,122,122
KIVI-4,171831,XML to YAML,T-conversion,XML,YAML,both_fail,unchanged,unchanged,0,0,0.0,0.0,0.0,0.0,0.0,0.0,end_code,end_code,116,116
KIVI-4,171832,XML to YAML,T-conversion,XML,YAML,both_fail,unchanged,unchanged,0,0,0.0,0.0,0.0,0.0,0.0,0.0,end_code,end_code,104,104
KIVI-4,171833,XML to YAML,T-conversion,XML,YAML,both_fail,unchanged,unchanged,0,0,0.0,0.0,0.0,0.0,0.0,0.0,end_code,end_code,93,87
KIVI-4,171834,XML to YAML,T-conversion,XML,YAML,both_fail,unchanged,unchanged,0,0,0.0,0.0,0.0,0.0,0.0,0.0,end_code,end_code,111,111
KIVI-4,171835,XML to YAML,T-conversion,XML,YAML,both_fail,unchanged,unchanged,0,0,0.0,0.0,0.0,0.0,0.0,0.0,end_code,end_code,107,99
KIVI-4,171836,XML to YAML,T-conversion,XML,YAML,both_fail,unchanged,unchanged,0,0,0.0,0.0,0.0,0.0,0.0,0.0,end_code,end_code,116,116
KIVI-4,171837,XML to YAML,T-conversion,XML,YAML,both_fail,unchanged,unchanged,0,0,0.0,0.0,0.0,0.0,0.0,0.0,end_code,end_code,174,174
KIVI-4,171838,XML to YAML,T-conversion,XML,YAML,both_fail,unchanged,unchanged,0,0,0.0,0.0,0.0,0.0,0.0,0.0,end_code,end_code,144,144
KIVI-4,171839,XML to YAML,T-conversion,XML,YAML,both_fail,unchanged,unchanged,0,0,0.0,0.0,0.0,0.0,0.0,0.0,end_code,end_code,106,106
KIVI-4,171840,XML to YAML,T-conversion,XML,YAML,both_fail,unchanged,unchanged,0,0,0.0,0.0,0.0,0.0,0.0,0.0,end_code,end_code,140,140
KIVI-4,171841,XML to YAML,T-conversion,XML,YAML,both_fail,unchanged,unchanged,0,0,0.0,0.0,0.0,0.0,0.0,0.0,end_code,end_code,113,113
KIVI-4,171842,XML to YAML,T-conversion,XML,YAML,both_fail,unchanged,unchanged,0,0,0.0,0.0,0.0,0.0,0.0,0.0,end_code,end_code,113,115
KIVI-4,171843,XML to YAML,T-conversion,XML,YAML,both_fail,unchanged,unchanged,0,0,0.0,0.0,0.0,0.0,0.0,0.0,end_code,end_code,149,138
KIVI-4,171844,XML to YAML,T-conversion,XML,YAML,both_pass,unchanged,unchanged,1,1,0.2,0.2,0.0,0.0,0.0,0.0,end_code,eos,102,93
KIVI-4,171845,XML to YAML,T-conversion,XML,YAML,both_fail,unchanged,unchanged,0,0,0.0,0.0,0.0,0.0,0.0,0.0,end_code,end_code,110,110
KIVI-4,171846,XML to YAML,T-conversion,XML,YAML,both_fail,unchanged,unchanged,0,0,0.0,0.0,0.0,0.0,0.0,0.0,end_code,end_code,148,148
KIVI-4,171847,XML to YAML,T-conversion,XML,YAML,both_fail,unchanged,unchanged,0,0,0.0,0.0,0.0,0.0,0.0,0.0,end_code,end_code,117,117
KIVI-4,171848,XML to YAML,T-conversion,XML,YAML,both_fail,unchanged,unchanged,0,0,0.0,0.0,0.0,0.0,0.0,0.0,end_code,end_code,115,111
KIVI-4,171849,XML to YAML,T-conversion,XML,YAML,both_fail,unchanged,unchanged,0,0,0.0,0.0,0.0,0.0,0.0,0.0,end_code,end_code,80,80
KIVI-4,181700,YAML to XML,T-conversion,YAML,XML,both_fail,unchanged,unchanged,0,0,0.0,0.0,0.0,0.0,0.0,0.0,end_code,end_code,276,284
KIVI-4,181701,YAML to XML,T-conversion,YAML,XML,both_fail,unchanged,unchanged,0,0,0.0,0.0,0.0,0.0,0.0,0.0,end_code,end_code,169,182
KIVI-4,181702,YAML to XML,T-conversion,YAML,XML,both_fail,unchanged,unchanged,0,0,0.0,0.0,0.0,0.0,0.0,0.0,end_code,end_code,211,197
KIVI-4,181703,YAML to XML,T-conversion,YAML,XML,candidate_only,improved,improved,0,1,0.0,0.5,0.5,0.0,0.375,0.375,end_code,end_code,318,339
KIVI-4,181704,YAML to XML,T-conversion,YAML,XML,both_fail,unchanged,unchanged,0,0,0.0,0.0,0.0,0.0,0.0,0.0,end_code,end_code,345,330
KIVI-4,181705,YAML to XML,T-conversion,YAML,XML,both_fail,unchanged,unchanged,0,0,0.0,0.0,0.0,0.0,0.0,0.0,end_code,end_code,324,315
KIVI-4,181706,YAML to XML,T-conversion,YAML,XML,both_fail,unchanged,unchanged,0,0,0.0,0.0,0.0,0.0,0.0,0.0,end_code,end_code,226,188
KIVI-4,181707,YAML to XML,T-conversion,YAML,XML,both_fail,unchanged,unchanged,0,0,0.0,0.0,0.0,0.0,0.0,0.0,end_code,end_code,188,188
KIVI-4,181708,YAML to XML,T-conversion,YAML,XML,both_fail,unchanged,unchanged,0,0,0.0,0.0,0.0,0.0,0.0,0.0,end_code,end_code,314,340
KIVI-4,181709,YAML to XML,T-conversion,YAML,XML,both_fail,unchanged,unchanged,0,0,0.0,0.0,0.0,0.0,0.0,0.0,end_code,end_code,316,347
KIVI-4,181710,YAML to XML,T-conversion,YAML,XML,both_pass,unchanged,unchanged,1,1,0.2,0.2,0.0,0.0,0.0,0.0,end_code,end_code,243,243
KIVI-4,181711,YAML to XML,T-conversion,YAML,XML,both_fail,unchanged,unchanged,0,0,0.0,0.0,0.0,0.0,0.0,0.0,end_code,end_code,346,230
KIVI-4,181712,YAML to XML,T-conversion,YAML,XML,both_pass,unchanged,unchanged,1,1,0.38,0.38,0.0,0.2222222222222222,0.2222222222222222,0.0,end_code,end_code,472,472
KIVI-4,181713,YAML to XML,T-conversion,YAML,XML,both_fail,unchanged,unchanged,0,0,0.0,0.0,0.0,0.0,0.0,0.0,end_code,end_code,320,318
KIVI-4,181714,YAML to XML,T-conversion,YAML,XML,both_fail,unchanged,unchanged,0,0,0.0,0.0,0.0,0.0,0.0,0.0,end_code,end_code,509,486
KIVI-4,181715,YAML to XML,T-conversion,YAML,XML,both_fail,unchanged,unchanged,0,0,0.0,0.0,0.0,0.0,0.0,0.0,end_code,end_code,276,278
KIVI-4,181716,YAML to XML,T-conversion,YAML,XML,both_fail,unchanged,unchanged,0,0,0.0,0.0,0.0,0.0,0.0,0.0,end_code,end_code,246,246
KIVI-4,181717,YAML to XML,T-conversion,YAML,XML,both_fail,unchanged,unchanged,0,0,0.0,0.0,0.0,0.0,0.0,0.0,end_code,end_code,191,191
KIVI-4,181718,YAML to XML,T-conversion,YAML,XML,both_pass,unchanged,unchanged,1,1,0.2,0.2,0.0,0.0,0.0,0.0,end_code,end_code,271,271
KIVI-4,181719,YAML to XML,T-conversion,YAML,XML,both_fail,unchanged,unchanged,0,0,0.0,0.0,0.0,0.0,0.0,0.0,end_code,end_code,403,309
KIVI-4,181720,YAML to XML,T-conversion,YAML,XML,both_fail,unchanged,unchanged,0,0,0.0,0.0,0.0,0.0,0.0,0.0,end_code,end_code,256,256
KIVI-4,181721,YAML to XML,T-conversion,YAML,XML,both_fail,unchanged,unchanged,0,0,0.0,0.0,0.0,0.0,0.0,0.0,end_code,end_code,223,235
KIVI-4,181722,YAML to XML,T-conversion,YAML,XML,both_fail,unchanged,unchanged,0,0,0.0,0.0,0.0,0.0,0.0,0.0,end_code,end_code,298,298
KIVI-4,181723,YAML to XML,T-conversion,YAML,XML,both_fail,unchanged,unchanged,0,0,0.0,0.0,0.0,0.0,0.0,0.0,end_code,end_code,267,242
KIVI-4,181724,YAML to XML,T-conversion,YAML,XML,both_fail,unchanged,unchanged,0,0,0.0,0.0,0.0,0.0,0.0,0.0,end_code,end_code,227,227
KIVI-4,181725,YAML to XML,T-conversion,YAML,XML,both_fail,unchanged,unchanged,0,0,0.0,0.0,0.0,0.0,0.0,0.0,end_code,end_code,175,255
KIVI-4,181726,YAML to XML,T-conversion,YAML,XML,both_fail,unchanged,unchanged,0,0,0.0,0.0,0.0,0.0,0.0,0.0,end_code,end_code,309,318
KIVI-4,181727,YAML to XML,T-conversion,YAML,XML,candidate_only,improved,improved,0,1,0.0,0.6,0.6,0.0,0.5,0.5,end_code,end_code,240,273
KIVI-4,181728,YAML to XML,T-conversion,YAML,XML,candidate_only,improved,improved,0,1,0.0,0.47,0.47,0.0,0.3333333333333333,0.3333333333333333,end_code,end_code,361,436
KIVI-4,181729,YAML to XML,T-conversion,YAML,XML,both_fail,unchanged,unchanged,0,0,0.0,0.0,0.0,0.0,0.0,0.0,end_code,end_code,226,226
KIVI-4,181730,YAML to XML,T-conversion,YAML,XML,both_fail,unchanged,unchanged,0,0,0.0,0.0,0.0,0.0,0.0,0.0,end_code,end_code,194,208
KIVI-4,181731,YAML to XML,T-conversion,YAML,XML,both_fail,unchanged,unchanged,0,0,0.0,0.0,0.0,0.0,0.0,0.0,end_code,end_code,542,325
KIVI-4,181732,YAML to XML,T-conversion,YAML,XML,both_fail,unchanged,unchanged,0,0,0.0,0.0,0.0,0.0,0.0,0.0,end_code,end_code,243,287
KIVI-4,181733,YAML to XML,T-conversion,YAML,XML,both_fail,unchanged,unchanged,0,0,0.0,0.0,0.0,0.0,0.0,0.0,end_code,end_code,284,269
KIVI-4,181734,YAML to XML,T-conversion,YAML,XML,both_fail,unchanged,unchanged,0,0,0.0,0.0,0.0,0.0,0.0,0.0,end_code,end_code,230,219
KIVI-4,181735,YAML to XML,T-conversion,YAML,XML,candidate_only,improved,improved,0,1,0.0,0.4,0.4,0.0,0.25,0.25,end_code,end_code,196,263
KIVI-4,181736,YAML to XML,T-conversion,YAML,XML,both_fail,unchanged,unchanged,0,0,0.0,0.0,0.0,0.0,0.0,0.0,end_code,end_code,211,219
KIVI-4,181737,YAML to XML,T-conversion,YAML,XML,both_fail,unchanged,unchanged,0,0,0.0,0.0,0.0,0.0,0.0,0.0,end_code,end_code,270,280
KIVI-4,181738,YAML to XML,T-conversion,YAML,XML,both_fail,unchanged,unchanged,0,0,0.0,0.0,0.0,0.0,0.0,0.0,end_code,end_code,213,201
KIVI-4,181739,YAML to XML,T-conversion,YAML,XML,candidate_only,improved,improved,0,1,0.0,0.54,0.54,0.0,0.42857142857142855,0.42857142857142855,end_code,end_code,259,297
KIVI-4,181740,YAML to XML,T-conversion,YAML,XML,both_fail,unchanged,unchanged,0,0,0.0,0.0,0.0,0.0,0.0,0.0,end_code,end_code,357,345
KIVI-4,181741,YAML to XML,T-conversion,YAML,XML,both_fail,unchanged,unchanged,0,0,0.0,0.0,0.0,0.0,0.0,0.0,end_code,end_code,144,148
KIVI-4,181742,YAML to XML,T-conversion,YAML,XML,both_fail,unchanged,unchanged,0,0,0.0,0.0,0.0,0.0,0.0,0.0,end_code,end_code,241,203
KIVI-4,181743,YAML to XML,T-conversion,YAML,XML,both_fail,unchanged,unchanged,0,0,0.0,0.0,0.0,0.0,0.0,0.0,end_code,end_code,289,290
KIVI-4,181744,YAML to XML,T-conversion,YAML,XML,both_fail,unchanged,unchanged,0,0,0.0,0.0,0.0,0.0,0.0,0.0,end_code,end_code,157,179
KIVI-4,181745,YAML to XML,T-conversion,YAML,XML,both_fail,unchanged,unchanged,0,0,0.0,0.0,0.0,0.0,0.0,0.0,end_code,end_code,354,279
KIVI-4,181746,YAML to XML,T-conversion,YAML,XML,both_fail,unchanged,unchanged,0,0,0.0,0.0,0.0,0.0,0.0,0.0,end_code,end_code,225,286
KIVI-4,181747,YAML to XML,T-conversion,YAML,XML,candidate_only,improved,improved,0,1,0.0,0.4,0.4,0.0,0.25,0.25,end_code,end_code,217,156
KIVI-4,181748,YAML to XML,T-conversion,YAML,XML,both_fail,unchanged,unchanged,0,0,0.0,0.0,0.0,0.0,0.0,0.0,end_code,end_code,425,644
KIVI-4,181749,YAML to XML,T-conversion,YAML,XML,both_fail,unchanged,unchanged,0,0,0.0,0.0,0.0,0.0,0.0,0.0,end_code,end_code,277,282
KIVI-4,180200,YAML to CSV,T-conversion,YAML,CSV,both_pass,unchanged,unchanged,1,1,0.2,0.2,0.0,0.0,0.0,0.0,end_code,end_code,276,276
KIVI-4,180201,YAML to CSV,T-conversion,YAML,CSV,both_pass,unchanged,unchanged,1,1,0.77,0.77,0.0,0.7142857142857143,0.7142857142857143,0.0,eos,end_code,265,263
KIVI-4,180202,YAML to CSV,T-conversion,YAML,CSV,both_pass,unchanged,unchanged,1,1,0.2,0.2,0.0,0.0,0.0,0.0,end_code,end_code,302,302
KIVI-4,180203,YAML to CSV,T-conversion,YAML,CSV,both_pass,unchanged,unchanged,1,1,0.2,0.2,0.0,0.0,0.0,0.0,end_code,end_code,201,205
KIVI-4,180204,YAML to CSV,T-conversion,YAML,CSV,both_pass,unchanged,unchanged,1,1,0.87,0.87,0.0,0.8333333333333334,0.8333333333333334,0.0,end_code,end_code,234,234
KIVI-4,180205,YAML to CSV,T-conversion,YAML,CSV,both_pass,unchanged,unchanged,1,1,0.2,0.2,0.0,0.0,0.0,0.0,eos,eos,247,253
KIVI-4,180206,YAML to CSV,T-conversion,YAML,CSV,both_pass,regressed,regressed,1,1,0.73,0.2,-0.53,0.6666666666666666,0.0,-0.6666666666666666,eos,end_code,290,278
KIVI-4,180207,YAML to CSV,T-conversion,YAML,CSV,both_pass,unchanged,unchanged,1,1,0.2,0.2,0.0,0.0,0.0,0.0,eos,end_code,225,223
KIVI-4,180208,YAML to CSV,T-conversion,YAML,CSV,both_pass,regressed,regressed,1,1,0.6,0.2,-0.39999999999999997,0.5,0.0,-0.5,eos,end_code,264,256
KIVI-4,180209,YAML to CSV,T-conversion,YAML,CSV,both_pass,unchanged,unchanged,1,1,0.73,0.73,0.0,0.6666666666666666,0.6666666666666666,0.0,end_code,end_code,232,232
KIVI-4,180210,YAML to CSV,T-conversion,YAML,CSV,both_pass,improved,improved,1,1,0.2,0.73,0.53,0.0,0.6666666666666666,0.6666666666666666,eos,end_code,249,249
KIVI-4,180211,YAML to CSV,T-conversion,YAML,CSV,both_pass,unchanged,unchanged,1,1,0.2,0.2,0.0,0.0,0.0,0.0,end_code,end_code,188,188
KIVI-4,180212,YAML to CSV,T-conversion,YAML,CSV,both_pass,unchanged,unchanged,1,1,0.2,0.2,0.0,0.0,0.0,0.0,eos,end_code,244,242
KIVI-4,180213,YAML to CSV,T-conversion,YAML,CSV,both_pass,improved,improved,1,1,0.2,0.73,0.53,0.0,0.6666666666666666,0.6666666666666666,end_code,end_code,268,250
KIVI-4,180214,YAML to CSV,T-conversion,YAML,CSV,both_pass,unchanged,unchanged,1,1,0.2,0.2,0.0,0.0,0.0,0.0,eos,eos,263,269
KIVI-4,180215,YAML to CSV,T-conversion,YAML,CSV,both_pass,unchanged,unchanged,1,1,0.2,0.2,0.0,0.0,0.0,0.0,end_code,end_code,237,243
KIVI-4,180216,YAML to CSV,T-conversion,YAML,CSV,both_pass,unchanged,unchanged,1,1,0.87,0.87,0.0,0.8333333333333334,0.8333333333333334,0.0,end_code,end_code,256,256
KIVI-4,180217,YAML to CSV,T-conversion,YAML,CSV,both_pass,unchanged,unchanged,1,1,0.73,0.73,0.0,0.6666666666666666,0.6666666666666666,0.0,eos,eos,233,233
KIVI-4,180218,YAML to CSV,T-conversion,YAML,CSV,both_pass,unchanged,unchanged,1,1,0.2,0.2,0.0,0.0,0.0,0.0,end_code,end_code,269,269
KIVI-4,180219,YAML to CSV,T-conversion,YAML,CSV,both_pass,unchanged,unchanged,1,1,0.2,0.2,0.0,0.0,0.0,0.0,eos,eos,282,282
KIVI-4,180220,YAML to CSV,T-conversion,YAML,CSV,both_pass,regressed,regressed,1,1,0.73,0.2,-0.53,0.6666666666666666,0.0,-0.6666666666666666,eos,end_code,250,238
KIVI-4,180221,YAML to CSV,T-conversion,YAML,CSV,both_pass,unchanged,unchanged,1,1,0.2,0.2,0.0,0.0,0.0,0.0,end_code,end_code,272,272
KIVI-4,180222,YAML to CSV,T-conversion,YAML,CSV,both_pass,unchanged,unchanged,1,1,0.2,0.2,0.0,0.0,0.0,0.0,end_code,end_code,255,255
KIVI-4,180223,YAML to CSV,T-conversion,YAML,CSV,both_pass,unchanged,unchanged,1,1,0.73,0.73,0.0,0.6666666666666666,0.6666666666666666,0.0,eos,eos,236,236
KIVI-4,180224,YAML to CSV,T-conversion,YAML,CSV,both_pass,unchanged,unchanged,1,1,0.2,0.2,0.0,0.0,0.0,0.0,end_code,end_code,209,209
KIVI-4,180225,YAML to CSV,T-conversion,YAML,CSV,both_pass,unchanged,unchanged,1,1,0.2,0.2,0.0,0.0,0.0,0.0,end_code,end_code,237,237
KIVI-4,180226,YAML to CSV,T-conversion,YAML,CSV,both_pass,regressed,regressed,1,1,0.73,0.2,-0.53,0.6666666666666666,0.0,-0.6666666666666666,eos,end_code,254,241
KIVI-4,180227,YAML to CSV,T-conversion,YAML,CSV,both_pass,unchanged,unchanged,1,1,0.2,0.2,0.0,0.0,0.0,0.0,end_code,end_code,271,271
KIVI-4,180228,YAML to CSV,T-conversion,YAML,CSV,both_pass,regressed,regressed,1,1,0.73,0.2,-0.53,0.6666666666666666,0.0,-0.6666666666666666,eos,eos,268,262
KIVI-4,180229,YAML to CSV,T-conversion,YAML,CSV,both_pass,unchanged,unchanged,1,1,0.2,0.2,0.0,0.0,0.0,0.0,end_code,end_code,265,265
KIVI-4,180230,YAML to CSV,T-conversion,YAML,CSV,both_pass,unchanged,unchanged,1,1,0.2,0.2,0.0,0.0,0.0,0.0,eos,eos,293,293
KIVI-4,180231,YAML to CSV,T-conversion,YAML,CSV,both_pass,unchanged,unchanged,1,1,0.2,0.2,0.0,0.0,0.0,0.0,eos,end_code,234,237
KIVI-4,180232,YAML to CSV,T-conversion,YAML,CSV,both_pass,unchanged,unchanged,1,1,0.2,0.2,0.0,0.0,0.0,0.0,eos,eos,278,278
KIVI-4,180233,YAML to CSV,T-conversion,YAML,CSV,both_pass,unchanged,unchanged,1,1,0.2,0.2,0.0,0.0,0.0,0.0,end_code,end_code,205,205
KIVI-4,180234,YAML to CSV,T-conversion,YAML,CSV,both_pass,regressed,regressed,1,1,0.33,0.2,-0.13,0.16666666666666666,0.0,-0.16666666666666666,end_code,end_code,254,263
KIVI-4,180235,YAML to CSV,T-conversion,YAML,CSV,both_pass,unchanged,unchanged,1,1,0.2,0.2,0.0,0.0,0.0,0.0,end_code,end_code,283,283
KIVI-4,180236,YAML to CSV,T-conversion,YAML,CSV,both_pass,unchanged,unchanged,1,1,0.2,0.2,0.0,0.0,0.0,0.0,eos,end_code,265,257
KIVI-4,180237,YAML to CSV,T-conversion,YAML,CSV,both_pass,improved,improved,1,1,0.73,0.87,0.14,0.6666666666666666,0.8333333333333334,0.16666666666666674,eos,end_code,265,263
KIVI-4,180238,YAML to CSV,T-conversion,YAML,CSV,both_pass,unchanged,unchanged,1,1,0.2,0.2,0.0,0.0,0.0,0.0,eos,eos,234,242
KIVI-4,180239,YAML to CSV,T-conversion,YAML,CSV,both_pass,unchanged,unchanged,1,1,0.2,0.2,0.0,0.0,0.0,0.0,eos,end_code,268,265
KIVI-4,180240,YAML to CSV,T-conversion,YAML,CSV,both_pass,unchanged,unchanged,1,1,0.2,0.2,0.0,0.0,0.0,0.0,end_code,end_code,292,292
KIVI-4,180241,YAML to CSV,T-conversion,YAML,CSV,both_pass,unchanged,unchanged,1,1,0.73,0.73,0.0,0.6666666666666666,0.6666666666666666,0.0,eos,eos,238,238
KIVI-4,180242,YAML to CSV,T-conversion,YAML,CSV,both_pass,unchanged,unchanged,1,1,0.87,0.87,0.0,0.8333333333333334,0.8333333333333334,0.0,end_code,end_code,247,247
KIVI-4,180243,YAML to CSV,T-conversion,YAML,CSV,both_pass,improved,improved,1,1,0.87,1.0,0.13,0.8333333333333334,1.0,0.16666666666666663,end_code,end_code,271,264
KIVI-4,180244,YAML to CSV,T-conversion,YAML,CSV,both_pass,unchanged,unchanged,1,1,0.2,0.2,0.0,0.0,0.0,0.0,eos,eos,265,265
KIVI-4,180245,YAML to CSV,T-conversion,YAML,CSV,both_pass,unchanged,unchanged,1,1,0.2,0.2,0.0,0.0,0.0,0.0,eos,end_code,292,290
KIVI-4,180246,YAML to CSV,T-conversion,YAML,CSV,both_pass,unchanged,unchanged,1,1,0.2,0.2,0.0,0.0,0.0,0.0,eos,end_code,280,278
KIVI-4,180247,YAML to CSV,T-conversion,YAML,CSV,both_pass,unchanged,unchanged,1,1,0.73,0.73,0.0,0.6666666666666666,0.6666666666666666,0.0,eos,end_code,221,219
KIVI-4,180248,YAML to CSV,T-conversion,YAML,CSV,both_pass,unchanged,unchanged,1,1,0.2,0.2,0.0,0.0,0.0,0.0,eos,end_code,274,272
KIVI-4,180249,YAML to CSV,T-conversion,YAML,CSV,both_pass,unchanged,unchanged,1,1,0.87,0.87,0.0,0.8333333333333334,0.8333333333333334,0.0,end_code,end_code,247,247
KIVI-4,100500,TOML to JSON,T-conversion,TOML,JSON,both_fail,unchanged,unchanged,0,0,0.0,0.0,0.0,0.0,0.0,0.0,end_code,end_code,251,246
KIVI-4,100501,TOML to JSON,T-conversion,TOML,JSON,both_pass,unchanged,unchanged,1,1,1.0,1.0,0.0,1.0,1.0,0.0,end_code,end_code,369,349
KIVI-4,100502,TOML to JSON,T-conversion,TOML,JSON,both_fail,unchanged,unchanged,0,0,0.0,0.0,0.0,0.0,0.0,0.0,end_code,end_code,324,349
KIVI-4,100503,TOML to JSON,T-conversion,TOML,JSON,both_fail,unchanged,unchanged,0,0,0.0,0.0,0.0,0.0,0.0,0.0,eos,end_code,262,264
KIVI-4,100504,TOML to JSON,T-conversion,TOML,JSON,candidate_only,improved,improved,0,1,0.0,1.0,1.0,0.0,1.0,1.0,end_code,end_code,300,302
KIVI-4,100505,TOML to JSON,T-conversion,TOML,JSON,both_pass,unchanged,unchanged,1,1,1.0,1.0,0.0,1.0,1.0,0.0,end_code,end_code,464,464
KIVI-4,100506,TOML to JSON,T-conversion,TOML,JSON,candidate_only,improved,improved,0,1,0.0,1.0,1.0,0.0,1.0,1.0,end_code,end_code,258,296
KIVI-4,100507,TOML to JSON,T-conversion,TOML,JSON,both_pass,unchanged,unchanged,1,1,1.0,1.0,0.0,1.0,1.0,0.0,end_code,end_code,631,385
KIVI-4,100508,TOML to JSON,T-conversion,TOML,JSON,both_fail,unchanged,unchanged,0,0,0.0,0.0,0.0,0.0,0.0,0.0,end_code,end_code,368,368
KIVI-4,100509,TOML to JSON,T-conversion,TOML,JSON,both_pass,unchanged,unchanged,1,1,1.0,1.0,0.0,1.0,1.0,0.0,end_code,end_code,396,397
KIVI-4,100510,TOML to JSON,T-conversion,TOML,JSON,candidate_only,improved,improved,0,1,0.0,1.0,1.0,0.0,1.0,1.0,end_code,end_code,325,423
KIVI-4,100511,TOML to JSON,T-conversion,TOML,JSON,candidate_only,improved,improved,0,1,0.0,1.0,1.0,0.0,1.0,1.0,end_code,end_code,319,352
KIVI-4,100512,TOML to JSON,T-conversion,TOML,JSON,candidate_only,improved,improved,0,1,0.0,1.0,1.0,0.0,1.0,1.0,end_code,end_code,318,290
KIVI-4,100513,TOML to JSON,T-conversion,TOML,JSON,both_pass,unchanged,unchanged,1,1,0.2,0.2,0.0,0.0,0.0,0.0,end_code,end_code,371,371
KIVI-4,100514,TOML to JSON,T-conversion,TOML,JSON,both_fail,unchanged,unchanged,0,0,0.0,0.0,0.0,0.0,0.0,0.0,end_code,end_code,373,373
KIVI-4,100515,TOML to JSON,T-conversion,TOML,JSON,candidate_only,improved,improved,0,1,0.0,1.0,1.0,0.0,1.0,1.0,end_code,end_code,276,274
KIVI-4,100516,TOML to JSON,T-conversion,TOML,JSON,both_fail,unchanged,unchanged,0,0,0.0,0.0,0.0,0.0,0.0,0.0,end_code,end_code,231,231
KIVI-4,100517,TOML to JSON,T-conversion,TOML,JSON,both_fail,unchanged,unchanged,0,0,0.0,0.0,0.0,0.0,0.0,0.0,end_code,eos,352,351
KIVI-4,100518,TOML to JSON,T-conversion,TOML,JSON,both_fail,unchanged,unchanged,0,0,0.0,0.0,0.0,0.0,0.0,0.0,end_code,end_code,870,870
KIVI-4,100519,TOML to JSON,T-conversion,TOML,JSON,candidate_only,improved,improved,0,1,0.0,1.0,1.0,0.0,1.0,1.0,end_code,end_code,522,343
KIVI-4,100520,TOML to JSON,T-conversion,TOML,JSON,both_fail,unchanged,unchanged,0,0,0.0,0.0,0.0,0.0,0.0,0.0,end_code,end_code,274,275
KIVI-4,100521,TOML to JSON,T-conversion,TOML,JSON,both_fail,unchanged,unchanged,0,0,0.0,0.0,0.0,0.0,0.0,0.0,end_code,end_code,647,647
KIVI-4,100522,TOML to JSON,T-conversion,TOML,JSON,both_fail,unchanged,unchanged,0,0,0.0,0.0,0.0,0.0,0.0,0.0,end_code,end_code,194,194
KIVI-4,100523,TOML to JSON,T-conversion,TOML,JSON,candidate_only,improved,improved,0,1,0.0,0.92,0.92,0.0,0.9,0.9,eos,end_code,284,460
KIVI-4,100524,TOML to JSON,T-conversion,TOML,JSON,candidate_only,improved,improved,0,1,0.0,1.0,1.0,0.0,1.0,1.0,end_code,end_code,376,368
KIVI-4,100525,TOML to JSON,T-conversion,TOML,JSON,both_fail,unchanged,unchanged,0,0,0.0,0.0,0.0,0.0,0.0,0.0,end_code,end_code,319,319
KIVI-4,100526,TOML to JSON,T-conversion,TOML,JSON,candidate_only,improved,improved,0,1,0.0,1.0,1.0,0.0,1.0,1.0,end_code,end_code,318,339
KIVI-4,100527,TOML to JSON,T-conversion,TOML,JSON,candidate_only,improved,improved,0,1,0.0,0.95,0.95,0.0,0.9333333333333333,0.9333333333333333,end_code,end_code,382,377
KIVI-4,100528,TOML to JSON,T-conversion,TOML,JSON,candidate_only,improved,improved,0,1,0.0,1.0,1.0,0.0,1.0,1.0,end_code,end_code,355,350
KIVI-4,100529,TOML to JSON,T-conversion,TOML,JSON,both_fail,unchanged,unchanged,0,0,0.0,0.0,0.0,0.0,0.0,0.0,end_code,end_code,395,392
KIVI-4,100530,TOML to JSON,T-conversion,TOML,JSON,candidate_only,improved,improved,0,1,0.0,1.0,1.0,0.0,1.0,1.0,end_code,end_code,359,330
KIVI-4,100531,TOML to JSON,T-conversion,TOML,JSON,candidate_only,improved,improved,0,1,0.0,1.0,1.0,0.0,1.0,1.0,end_code,end_code,287,408
KIVI-4,100532,TOML to JSON,T-conversion,TOML,JSON,both_fail,unchanged,unchanged,0,0,0.0,0.0,0.0,0.0,0.0,0.0,end_code,end_code,697,684
KIVI-4,100533,TOML to JSON,T-conversion,TOML,JSON,both_fail,unchanged,unchanged,0,0,0.0,0.0,0.0,0.0,0.0,0.0,end_code,end_code,330,385
KIVI-4,100534,TOML to JSON,T-conversion,TOML,JSON,both_fail,unchanged,unchanged,0,0,0.0,0.0,0.0,0.0,0.0,0.0,end_code,eos,349,338
KIVI-4,100535,TOML to JSON,T-conversion,TOML,JSON,both_fail,unchanged,unchanged,0,0,0.0,0.0,0.0,0.0,0.0,0.0,end_code,end_code,303,330
KIVI-4,100536,TOML to JSON,T-conversion,TOML,JSON,candidate_only,improved,improved,0,1,0.0,1.0,1.0,0.0,1.0,1.0,end_code,end_code,247,330
KIVI-4,100537,TOML to JSON,T-conversion,TOML,JSON,candidate_only,improved,improved,0,1,0.0,1.0,1.0,0.0,1.0,1.0,end_code,end_code,363,463
KIVI-4,100538,TOML to JSON,T-conversion,TOML,JSON,both_fail,unchanged,unchanged,0,0,0.0,0.0,0.0,0.0,0.0,0.0,end_code,end_code,325,311
KIVI-4,100539,TOML to JSON,T-conversion,TOML,JSON,fp16_only,regressed,regressed,1,0,1.0,0.0,-1.0,1.0,0.0,-1.0,end_code,end_code,561,568
KIVI-4,100540,TOML to JSON,T-conversion,TOML,JSON,fp16_only,regressed,unchanged,1,0,0.2,0.0,-0.2,0.0,0.0,0.0,end_code,end_code,535,559
KIVI-4,100541,TOML to JSON,T-conversion,TOML,JSON,candidate_only,improved,improved,0,1,0.0,1.0,1.0,0.0,1.0,1.0,end_code,end_code,402,394
KIVI-4,100542,TOML to JSON,T-conversion,TOML,JSON,both_fail,unchanged,unchanged,0,0,0.0,0.0,0.0,0.0,0.0,0.0,end_code,end_code,263,256
KIVI-4,100543,TOML to JSON,T-conversion,TOML,JSON,both_fail,unchanged,unchanged,0,0,0.0,0.0,0.0,0.0,0.0,0.0,eos,end_code,296,363
KIVI-4,100544,TOML to JSON,T-conversion,TOML,JSON,both_fail,unchanged,unchanged,0,0,0.0,0.0,0.0,0.0,0.0,0.0,end_code,end_code,264,264
KIVI-4,100545,TOML to JSON,T-conversion,TOML,JSON,both_fail,unchanged,unchanged,0,0,0.0,0.0,0.0,0.0,0.0,0.0,end_code,end_code,250,250
KIVI-4,100546,TOML to JSON,T-conversion,TOML,JSON,candidate_only,improved,improved,0,1,0.0,1.0,1.0,0.0,1.0,1.0,end_code,end_code,342,375
KIVI-4,100547,TOML to JSON,T-conversion,TOML,JSON,candidate_only,improved,improved,0,1,0.0,1.0,1.0,0.0,1.0,1.0,end_code,end_code,349,436
KIVI-4,100548,TOML to JSON,T-conversion,TOML,JSON,both_fail,unchanged,unchanged,0,0,0.0,0.0,0.0,0.0,0.0,0.0,end_code,end_code,635,637
KIVI-4,100549,TOML to JSON,T-conversion,TOML,JSON,both_fail,unchanged,unchanged,0,0,0.0,0.0,0.0,0.0,0.0,0.0,end_code,end_code,311,310
KIVI-4,021800,CSV to YAML,T-conversion,CSV,YAML,both_pass,unchanged,unchanged,1,1,0.2,0.2,0.0,0.0,0.0,0.0,end_code,end_code,250,250
KIVI-4,021801,CSV to YAML,T-conversion,CSV,YAML,both_pass,unchanged,unchanged,1,1,1.0,1.0,0.0,1.0,1.0,0.0,end_code,end_code,190,190
KIVI-4,021802,CSV to YAML,T-conversion,CSV,YAML,fp16_only,regressed,regressed,1,0,1.0,0.0,-1.0,1.0,0.0,-1.0,end_code,end_code,255,271
KIVI-4,021803,CSV to YAML,T-conversion,CSV,YAML,both_fail,unchanged,unchanged,0,0,0.0,0.0,0.0,0.0,0.0,0.0,end_code,end_code,322,324
KIVI-4,021804,CSV to YAML,T-conversion,CSV,YAML,both_pass,unchanged,unchanged,1,1,0.2,0.2,0.0,0.0,0.0,0.0,end_code,end_code,198,222
KIVI-4,021805,CSV to YAML,T-conversion,CSV,YAML,fp16_only,regressed,unchanged,1,0,0.2,0.0,-0.2,0.0,0.0,0.0,end_code,end_code,260,233
KIVI-4,021806,CSV to YAML,T-conversion,CSV,YAML,both_pass,regressed,regressed,1,1,1.0,0.48,-0.52,1.0,0.35294117647058826,-0.6470588235294117,end_code,end_code,183,173
KIVI-4,021807,CSV to YAML,T-conversion,CSV,YAML,both_pass,unchanged,unchanged,1,1,1.0,1.0,0.0,1.0,1.0,0.0,end_code,end_code,168,168
KIVI-4,021808,CSV to YAML,T-conversion,CSV,YAML,both_pass,unchanged,unchanged,1,1,1.0,1.0,0.0,1.0,1.0,0.0,end_code,end_code,208,208
KIVI-4,021809,CSV to YAML,T-conversion,CSV,YAML,both_fail,unchanged,unchanged,0,0,0.0,0.0,0.0,0.0,0.0,0.0,end_code,end_code,345,344
KIVI-4,021810,CSV to YAML,T-conversion,CSV,YAML,both_pass,improved,improved,1,1,0.92,1.0,0.07999999999999996,0.9047619047619048,1.0,0.09523809523809523,end_code,end_code,249,261
KIVI-4,021811,CSV to YAML,T-conversion,CSV,YAML,both_pass,unchanged,unchanged,1,1,1.0,1.0,0.0,1.0,1.0,0.0,end_code,end_code,163,165
KIVI-4,021812,CSV to YAML,T-conversion,CSV,YAML,both_pass,unchanged,unchanged,1,1,0.2,0.2,0.0,0.0,0.0,0.0,end_code,end_code,204,204
KIVI-4,021813,CSV to YAML,T-conversion,CSV,YAML,both_pass,unchanged,unchanged,1,1,0.2,0.2,0.0,0.0,0.0,0.0,end_code,end_code,308,308
KIVI-4,021814,CSV to YAML,T-conversion,CSV,YAML,both_pass,unchanged,unchanged,1,1,0.93,0.93,0.0,0.9090909090909091,0.9090909090909091,0.0,end_code,end_code,167,167
KIVI-4,021815,CSV to YAML,T-conversion,CSV,YAML,both_pass,unchanged,unchanged,1,1,1.0,1.0,0.0,1.0,1.0,0.0,end_code,end_code,199,199
KIVI-4,021816,CSV to YAML,T-conversion,CSV,YAML,both_pass,unchanged,unchanged,1,1,0.2,0.2,0.0,0.0,0.0,0.0,end_code,end_code,219,219
KIVI-4,021817,CSV to YAML,T-conversion,CSV,YAML,both_pass,unchanged,unchanged,1,1,0.2,0.2,0.0,0.0,0.0,0.0,end_code,end_code,404,404
KIVI-4,021818,CSV to YAML,T-conversion,CSV,YAML,both_pass,unchanged,unchanged,1,1,0.37,0.37,0.0,0.21428571428571427,0.21428571428571427,0.0,end_code,end_code,194,194
KIVI-4,021819,CSV to YAML,T-conversion,CSV,YAML,both_pass,unchanged,unchanged,1,1,0.2,0.2,0.0,0.0,0.0,0.0,end_code,end_code,358,358
KIVI-4,021820,CSV to YAML,T-conversion,CSV,YAML,both_pass,unchanged,unchanged,1,1,1.0,1.0,0.0,1.0,1.0,0.0,end_code,end_code,170,170
KIVI-4,021821,CSV to YAML,T-conversion,CSV,YAML,both_pass,unchanged,unchanged,1,1,0.2,0.2,0.0,0.0,0.0,0.0,end_code,end_code,557,557
KIVI-4,021822,CSV to YAML,T-conversion,CSV,YAML,fp16_only,regressed,regressed,1,0,1.0,0.0,-1.0,1.0,0.0,-1.0,end_code,end_code,196,220
KIVI-4,021823,CSV to YAML,T-conversion,CSV,YAML,fp16_only,regressed,regressed,1,0,0.75,0.0,-0.75,0.6923076923076923,0.0,-0.6923076923076923,end_code,end_code,375,336
KIVI-4,021824,CSV to YAML,T-conversion,CSV,YAML,both_pass,regressed,regressed,1,1,0.53,0.48,-0.050000000000000044,0.4117647058823529,0.35294117647058826,-0.05882352941176466,end_code,end_code,409,456
KIVI-4,021825,CSV to YAML,T-conversion,CSV,YAML,both_pass,unchanged,unchanged,1,1,1.0,1.0,0.0,1.0,1.0,0.0,end_code,end_code,189,189
KIVI-4,021826,CSV to YAML,T-conversion,CSV,YAML,both_pass,unchanged,unchanged,1,1,0.86,0.86,0.0,0.8235294117647058,0.8235294117647058,0.0,end_code,end_code,211,211
KIVI-4,021827,CSV to YAML,T-conversion,CSV,YAML,both_pass,unchanged,unchanged,1,1,0.2,0.2,0.0,0.0,0.0,0.0,end_code,end_code,271,271
KIVI-4,021828,CSV to YAML,T-conversion,CSV,YAML,both_fail,unchanged,unchanged,0,0,0.0,0.0,0.0,0.0,0.0,0.0,end_code,end_code,194,224
KIVI-4,021829,CSV to YAML,T-conversion,CSV,YAML,both_pass,improved,improved,1,1,0.2,0.45,0.25,0.0,0.3157894736842105,0.3157894736842105,end_code,end_code,218,214
KIVI-4,021830,CSV to YAML,T-conversion,CSV,YAML,both_pass,unchanged,unchanged,1,1,0.2,0.2,0.0,0.0,0.0,0.0,end_code,end_code,792,798
KIVI-4,021831,CSV to YAML,T-conversion,CSV,YAML,both_pass,unchanged,unchanged,1,1,1.0,1.0,0.0,1.0,1.0,0.0,end_code,end_code,206,212
KIVI-4,021832,CSV to YAML,T-conversion,CSV,YAML,candidate_only,improved,improved,0,1,0.0,0.65,0.65,0.0,0.5625,0.5625,end_code,end_code,220,230
KIVI-4,021833,CSV to YAML,T-conversion,CSV,YAML,both_pass,unchanged,unchanged,1,1,0.2,0.2,0.0,0.0,0.0,0.0,end_code,end_code,299,301
KIVI-4,021834,CSV to YAML,T-conversion,CSV,YAML,both_pass,unchanged,unchanged,1,1,0.2,0.2,0.0,0.0,0.0,0.0,end_code,end_code,350,403
KIVI-4,021835,CSV to YAML,T-conversion,CSV,YAML,both_pass,unchanged,unchanged,1,1,0.93,0.93,0.0,0.9166666666666666,0.9166666666666666,0.0,end_code,end_code,190,190
KIVI-4,021836,CSV to YAML,T-conversion,CSV,YAML,both_fail,unchanged,unchanged,0,0,0.0,0.0,0.0,0.0,0.0,0.0,end_code,end_code,324,333
KIVI-4,021837,CSV to YAML,T-conversion,CSV,YAML,both_pass,unchanged,unchanged,1,1,0.55,0.55,0.0,0.4375,0.4375,0.0,end_code,end_code,187,184
KIVI-4,021838,CSV to YAML,T-conversion,CSV,YAML,candidate_only,improved,improved,0,1,0.0,0.79,0.79,0.0,0.7333333333333333,0.7333333333333333,end_code,end_code,228,215
KIVI-4,021839,CSV to YAML,T-conversion,CSV,YAML,both_pass,unchanged,unchanged,1,1,0.2,0.2,0.0,0.0,0.0,0.0,end_code,end_code,193,193
KIVI-4,021840,CSV to YAML,T-conversion,CSV,YAML,fp16_only,regressed,unchanged,1,0,0.2,0.0,-0.2,0.0,0.0,0.0,end_code,end_code,382,386
KIVI-4,021841,CSV to YAML,T-conversion,CSV,YAML,candidate_only,improved,unchanged,0,1,0.0,0.2,0.2,0.0,0.0,0.0,end_code,end_code,513,832
KIVI-4,021842,CSV to YAML,T-conversion,CSV,YAML,both_pass,unchanged,unchanged,1,1,0.6,0.6,0.0,0.5,0.5,0.0,end_code,end_code,319,323
KIVI-4,021843,CSV to YAML,T-conversion,CSV,YAML,both_pass,unchanged,unchanged,1,1,0.2,0.2,0.0,0.0,0.0,0.0,end_code,end_code,231,231
KIVI-4,021844,CSV to YAML,T-conversion,CSV,YAML,both_pass,unchanged,unchanged,1,1,0.2,0.2,0.0,0.0,0.0,0.0,end_code,end_code,328,328
KIVI-4,021845,CSV to YAML,T-conversion,CSV,YAML,both_fail,unchanged,unchanged,0,0,0.0,0.0,0.0,0.0,0.0,0.0,end_code,end_code,155,155
KIVI-4,021846,CSV to YAML,T-conversion,CSV,YAML,both_pass,unchanged,unchanged,1,1,1.0,1.0,0.0,1.0,1.0,0.0,end_code,end_code,185,185
KIVI-4,021847,CSV to YAML,T-conversion,CSV,YAML,both_pass,unchanged,unchanged,1,1,0.67,0.67,0.0,0.5833333333333334,0.5833333333333334,0.0,end_code,end_code,232,232
KIVI-4,021848,CSV to YAML,T-conversion,CSV,YAML,both_pass,unchanged,unchanged,1,1,0.2,0.2,0.0,0.0,0.0,0.0,end_code,end_code,182,182
KIVI-4,021849,CSV to YAML,T-conversion,CSV,YAML,both_pass,unchanged,unchanged,1,1,0.2,0.2,0.0,0.0,0.0,0.0,end_code,end_code,215,215
KIVI-4,101800,TOML to YAML,T-conversion,TOML,YAML,candidate_only,improved,improved,0,1,0.0,1.0,1.0,0.0,1.0,1.0,end_code,end_code,264,209
KIVI-4,101801,TOML to YAML,T-conversion,TOML,YAML,both_pass,unchanged,unchanged,1,1,1.0,1.0,0.0,1.0,1.0,0.0,end_code,end_code,297,297
KIVI-4,101802,TOML to YAML,T-conversion,TOML,YAML,both_pass,unchanged,unchanged,1,1,1.0,1.0,0.0,1.0,1.0,0.0,end_code,end_code,214,233
KIVI-4,101803,TOML to YAML,T-conversion,TOML,YAML,both_fail,unchanged,unchanged,0,0,0.0,0.0,0.0,0.0,0.0,0.0,end_code,end_code,229,229
KIVI-4,101804,TOML to YAML,T-conversion,TOML,YAML,both_pass,unchanged,unchanged,1,1,0.4,0.4,0.0,0.25,0.25,0.0,end_code,end_code,213,213
KIVI-4,101805,TOML to YAML,T-conversion,TOML,YAML,candidate_only,improved,improved,0,1,0.0,1.0,1.0,0.0,1.0,1.0,end_code,end_code,275,271
KIVI-4,101806,TOML to YAML,T-conversion,TOML,YAML,both_fail,unchanged,unchanged,0,0,0.0,0.0,0.0,0.0,0.0,0.0,end_code,end_code,207,207
KIVI-4,101807,TOML to YAML,T-conversion,TOML,YAML,both_fail,unchanged,unchanged,0,0,0.0,0.0,0.0,0.0,0.0,0.0,end_code,end_code,193,198
KIVI-4,101808,TOML to YAML,T-conversion,TOML,YAML,both_fail,unchanged,unchanged,0,0,0.0,0.0,0.0,0.0,0.0,0.0,end_code,end_code,187,187
KIVI-4,101809,TOML to YAML,T-conversion,TOML,YAML,both_fail,unchanged,unchanged,0,0,0.0,0.0,0.0,0.0,0.0,0.0,end_code,end_code,267,264
KIVI-4,101810,TOML to YAML,T-conversion,TOML,YAML,both_fail,unchanged,unchanged,0,0,0.0,0.0,0.0,0.0,0.0,0.0,end_code,end_code,203,214
KIVI-4,101811,TOML to YAML,T-conversion,TOML,YAML,both_fail,unchanged,unchanged,0,0,0.0,0.0,0.0,0.0,0.0,0.0,end_code,end_code,206,207
KIVI-4,101812,TOML to YAML,T-conversion,TOML,YAML,both_fail,unchanged,unchanged,0,0,0.0,0.0,0.0,0.0,0.0,0.0,end_code,end_code,202,202
KIVI-4,101813,TOML to YAML,T-conversion,TOML,YAML,both_fail,unchanged,unchanged,0,0,0.0,0.0,0.0,0.0,0.0,0.0,end_code,end_code,248,248
KIVI-4,101814,TOML to YAML,T-conversion,TOML,YAML,both_pass,unchanged,unchanged,1,1,1.0,1.0,0.0,1.0,1.0,0.0,end_code,end_code,190,190
KIVI-4,101815,TOML to YAML,T-conversion,TOML,YAML,both_pass,unchanged,unchanged,1,1,0.49,0.49,0.0,0.35714285714285715,0.35714285714285715,0.0,end_code,end_code,223,223
KIVI-4,101816,TOML to YAML,T-conversion,TOML,YAML,both_pass,unchanged,unchanged,1,1,1.0,1.0,0.0,1.0,1.0,0.0,end_code,end_code,314,314
KIVI-4,101817,TOML to YAML,T-conversion,TOML,YAML,both_fail,unchanged,unchanged,0,0,0.0,0.0,0.0,0.0,0.0,0.0,end_code,end_code,243,243
KIVI-4,101818,TOML to YAML,T-conversion,TOML,YAML,fp16_only,regressed,regressed,1,0,1.0,0.0,-1.0,1.0,0.0,-1.0,end_code,end_code,221,245
KIVI-4,101819,TOML to YAML,T-conversion,TOML,YAML,both_fail,unchanged,unchanged,0,0,0.0,0.0,0.0,0.0,0.0,0.0,end_code,end_code,342,390
KIVI-4,101820,TOML to YAML,T-conversion,TOML,YAML,fp16_only,regressed,regressed,1,0,1.0,0.0,-1.0,1.0,0.0,-1.0,end_code,end_code,231,223
KIVI-4,101821,TOML to YAML,T-conversion,TOML,YAML,candidate_only,improved,improved,0,1,0.0,1.0,1.0,0.0,1.0,1.0,end_code,end_code,191,208
KIVI-4,101822,TOML to YAML,T-conversion,TOML,YAML,both_fail,unchanged,unchanged,0,0,0.0,0.0,0.0,0.0,0.0,0.0,end_code,end_code,291,355
KIVI-4,101823,TOML to YAML,T-conversion,TOML,YAML,both_fail,unchanged,unchanged,0,0,0.0,0.0,0.0,0.0,0.0,0.0,end_code,end_code,215,215
KIVI-4,101824,TOML to YAML,T-conversion,TOML,YAML,both_pass,unchanged,unchanged,1,1,1.0,1.0,0.0,1.0,1.0,0.0,end_code,end_code,212,187
KIVI-4,101825,TOML to YAML,T-conversion,TOML,YAML,both_pass,unchanged,unchanged,1,1,1.0,1.0,0.0,1.0,1.0,0.0,end_code,end_code,207,207
KIVI-4,101826,TOML to YAML,T-conversion,TOML,YAML,both_fail,unchanged,unchanged,0,0,0.0,0.0,0.0,0.0,0.0,0.0,end_code,end_code,343,337
KIVI-4,101827,TOML to YAML,T-conversion,TOML,YAML,fp16_only,regressed,regressed,1,0,1.0,0.0,-1.0,1.0,0.0,-1.0,end_code,end_code,233,206
KIVI-4,101828,TOML to YAML,T-conversion,TOML,YAML,both_pass,unchanged,unchanged,1,1,1.0,1.0,0.0,1.0,1.0,0.0,end_code,end_code,282,282
KIVI-4,101829,TOML to YAML,T-conversion,TOML,YAML,fp16_only,regressed,regressed,1,0,1.0,0.0,-1.0,1.0,0.0,-1.0,end_code,end_code,359,348
KIVI-4,101830,TOML to YAML,T-conversion,TOML,YAML,both_fail,unchanged,unchanged,0,0,0.0,0.0,0.0,0.0,0.0,0.0,end_code,end_code,191,191
KIVI-4,101831,TOML to YAML,T-conversion,TOML,YAML,both_fail,unchanged,unchanged,0,0,0.0,0.0,0.0,0.0,0.0,0.0,end_code,end_code,235,241
KIVI-4,101832,TOML to YAML,T-conversion,TOML,YAML,both_fail,unchanged,unchanged,0,0,0.0,0.0,0.0,0.0,0.0,0.0,end_code,end_code,207,207
KIVI-4,101833,TOML to YAML,T-conversion,TOML,YAML,both_pass,unchanged,unchanged,1,1,1.0,1.0,0.0,1.0,1.0,0.0,end_code,end_code,257,279
KIVI-4,101834,TOML to YAML,T-conversion,TOML,YAML,both_fail,unchanged,unchanged,0,0,0.0,0.0,0.0,0.0,0.0,0.0,end_code,end_code,287,287
KIVI-4,101835,TOML to YAML,T-conversion,TOML,YAML,both_fail,unchanged,unchanged,0,0,0.0,0.0,0.0,0.0,0.0,0.0,end_code,end_code,158,158
KIVI-4,101836,TOML to YAML,T-conversion,TOML,YAML,both_fail,unchanged,unchanged,0,0,0.0,0.0,0.0,0.0,0.0,0.0,end_code,end_code,209,213
KIVI-4,101837,TOML to YAML,T-conversion,TOML,YAML,fp16_only,regressed,regressed,1,0,1.0,0.0,-1.0,1.0,0.0,-1.0,end_code,end_code,267,249
KIVI-4,101838,TOML to YAML,T-conversion,TOML,YAML,both_fail,unchanged,unchanged,0,0,0.0,0.0,0.0,0.0,0.0,0.0,end_code,end_code,235,214
KIVI-4,101839,TOML to YAML,T-conversion,TOML,YAML,both_pass,unchanged,unchanged,1,1,1.0,1.0,0.0,1.0,1.0,0.0,end_code,end_code,202,202
KIVI-4,101840,TOML to YAML,T-conversion,TOML,YAML,candidate_only,improved,improved,0,1,0.0,0.96,0.96,0.0,0.95,0.95,end_code,end_code,223,223
KIVI-4,101841,TOML to YAML,T-conversion,TOML,YAML,fp16_only,regressed,regressed,1,0,1.0,0.0,-1.0,1.0,0.0,-1.0,end_code,end_code,269,248
KIVI-4,101842,TOML to YAML,T-conversion,TOML,YAML,both_pass,unchanged,unchanged,1,1,0.62,0.62,0.0,0.5294117647058824,0.5294117647058824,0.0,end_code,end_code,273,273
KIVI-4,101843,TOML to YAML,T-conversion,TOML,YAML,both_fail,unchanged,unchanged,0,0,0.0,0.0,0.0,0.0,0.0,0.0,end_code,end_code,402,385
KIVI-4,101844,TOML to YAML,T-conversion,TOML,YAML,both_pass,unchanged,unchanged,1,1,0.34,0.34,0.0,0.17647058823529413,0.17647058823529413,0.0,end_code,end_code,188,188
KIVI-4,101845,TOML to YAML,T-conversion,TOML,YAML,both_fail,unchanged,unchanged,0,0,0.0,0.0,0.0,0.0,0.0,0.0,end_code,end_code,241,241
KIVI-4,101846,TOML to YAML,T-conversion,TOML,YAML,both_fail,unchanged,unchanged,0,0,0.0,0.0,0.0,0.0,0.0,0.0,end_code,end_code,203,206
KIVI-4,101847,TOML to YAML,T-conversion,TOML,YAML,both_pass,unchanged,unchanged,1,1,0.4,0.4,0.0,0.25,0.25,0.0,end_code,end_code,191,184
KIVI-4,101848,TOML to YAML,T-conversion,TOML,YAML,both_fail,unchanged,unchanged,0,0,0.0,0.0,0.0,0.0,0.0,0.0,end_code,end_code,260,461
KIVI-4,101849,TOML to YAML,T-conversion,TOML,YAML,both_pass,unchanged,unchanged,1,1,1.0,1.0,0.0,1.0,1.0,0.0,end_code,end_code,339,339
KIVI-2,000500,Text to JSON,T-generation,Text,JSON,both_pass,unchanged,unchanged,1,1,1.0,1.0,0.0,1.0,1.0,0.0,end_code,end_code,384,431
KIVI-2,000501,Text to JSON,T-generation,Text,JSON,both_pass,unchanged,unchanged,1,1,1.0,1.0,0.0,1.0,1.0,0.0,end_code,end_code,377,387
KIVI-2,000502,Text to JSON,T-generation,Text,JSON,both_pass,unchanged,unchanged,1,1,0.68,0.68,0.0,0.6,0.6,0.0,end_code,end_code,264,272
KIVI-2,000503,Text to JSON,T-generation,Text,JSON,both_pass,unchanged,unchanged,1,1,0.79,0.79,0.0,0.7333333333333333,0.7333333333333333,0.0,end_code,end_code,711,661
KIVI-2,000504,Text to JSON,T-generation,Text,JSON,both_pass,improved,improved,1,1,0.72,0.95,0.22999999999999998,0.6470588235294118,0.9411764705882353,0.2941176470588235,end_code,end_code,413,392
KIVI-2,000505,Text to JSON,T-generation,Text,JSON,both_pass,unchanged,unchanged,1,1,1.0,1.0,0.0,1.0,1.0,0.0,end_code,end_code,327,330
KIVI-2,000506,Text to JSON,T-generation,Text,JSON,both_pass,unchanged,unchanged,1,1,1.0,1.0,0.0,1.0,1.0,0.0,end_code,end_code,510,406
KIVI-2,000507,Text to JSON,T-generation,Text,JSON,both_pass,regressed,regressed,1,1,1.0,0.95,-0.050000000000000044,1.0,0.9333333333333333,-0.06666666666666665,end_code,end_code,334,372
KIVI-2,000508,Text to JSON,T-generation,Text,JSON,both_pass,improved,improved,1,1,0.2,0.76,0.56,0.0,0.7058823529411765,0.7058823529411765,end_code,end_code,361,369
KIVI-2,000509,Text to JSON,T-generation,Text,JSON,both_pass,regressed,regressed,1,1,1.0,0.63,-0.37,1.0,0.5333333333333333,-0.4666666666666667,end_code,end_code,457,354
KIVI-2,000510,Text to JSON,T-generation,Text,JSON,both_pass,regressed,regressed,1,1,1.0,0.89,-0.10999999999999999,1.0,0.8666666666666667,-0.1333333333333333,end_code,end_code,753,347
KIVI-2,000511,Text to JSON,T-generation,Text,JSON,both_pass,improved,improved,1,1,0.41,1.0,0.5900000000000001,0.26666666666666666,1.0,0.7333333333333334,end_code,end_code,469,293
KIVI-2,000512,Text to JSON,T-generation,Text,JSON,both_pass,unchanged,unchanged,1,1,0.95,0.95,0.0,0.9375,0.9375,0.0,end_code,end_code,342,334
KIVI-2,000513,Text to JSON,T-generation,Text,JSON,both_pass,improved,improved,1,1,0.29,0.81,0.52,0.11764705882352941,0.7647058823529411,0.6470588235294117,end_code,end_code,437,460
KIVI-2,000514,Text to JSON,T-generation,Text,JSON,both_pass,unchanged,unchanged,1,1,1.0,1.0,0.0,1.0,1.0,0.0,end_code,end_code,371,479
KIVI-2,000515,Text to JSON,T-generation,Text,JSON,both_pass,unchanged,unchanged,1,1,1.0,1.0,0.0,1.0,1.0,0.0,end_code,end_code,360,363
KIVI-2,000516,Text to JSON,T-generation,Text,JSON,both_pass,unchanged,unchanged,1,1,1.0,1.0,0.0,1.0,1.0,0.0,end_code,end_code,532,366
KIVI-2,000517,Text to JSON,T-generation,Text,JSON,both_pass,unchanged,unchanged,1,1,1.0,1.0,0.0,1.0,1.0,0.0,end_code,end_code,322,346
KIVI-2,000518,Text to JSON,T-generation,Text,JSON,both_pass,unchanged,unchanged,1,1,1.0,1.0,0.0,1.0,1.0,0.0,end_code,end_code,389,341
KIVI-2,000519,Text to JSON,T-generation,Text,JSON,both_pass,regressed,regressed,1,1,1.0,0.96,-0.040000000000000036,1.0,0.9444444444444444,-0.05555555555555558,end_code,end_code,382,331
KIVI-2,000520,Text to JSON,T-generation,Text,JSON,both_pass,regressed,regressed,1,1,1.0,0.95,-0.050000000000000044,1.0,0.9375,-0.0625,end_code,end_code,347,352
KIVI-2,000521,Text to JSON,T-generation,Text,JSON,both_pass,unchanged,unchanged,1,1,1.0,1.0,0.0,1.0,1.0,0.0,end_code,end_code,353,359
KIVI-2,000522,Text to JSON,T-generation,Text,JSON,both_pass,unchanged,unchanged,1,1,1.0,1.0,0.0,1.0,1.0,0.0,end_code,end_code,435,417
KIVI-2,000523,Text to JSON,T-generation,Text,JSON,both_pass,regressed,regressed,1,1,1.0,0.95,-0.050000000000000044,1.0,0.9333333333333333,-0.06666666666666665,end_code,end_code,263,248
KIVI-2,000524,Text to JSON,T-generation,Text,JSON,both_pass,unchanged,unchanged,1,1,0.41,0.41,0.0,0.26666666666666666,0.26666666666666666,0.0,end_code,end_code,331,363
KIVI-2,000525,Text to JSON,T-generation,Text,JSON,both_pass,unchanged,unchanged,1,1,0.86,0.86,0.0,0.8235294117647058,0.8235294117647058,0.0,end_code,end_code,333,321
KIVI-2,000526,Text to JSON,T-generation,Text,JSON,both_pass,unchanged,unchanged,1,1,1.0,1.0,0.0,1.0,1.0,0.0,end_code,end_code,284,280
KIVI-2,000527,Text to JSON,T-generation,Text,JSON,both_pass,unchanged,unchanged,1,1,1.0,1.0,0.0,1.0,1.0,0.0,end_code,end_code,330,333
KIVI-2,000528,Text to JSON,T-generation,Text,JSON,both_pass,unchanged,unchanged,1,1,0.84,0.84,0.0,0.8,0.8,0.0,end_code,end_code,319,298
KIVI-2,000529,Text to JSON,T-generation,Text,JSON,both_pass,unchanged,unchanged,1,1,1.0,1.0,0.0,1.0,1.0,0.0,end_code,end_code,323,325
KIVI-2,000530,Text to JSON,T-generation,Text,JSON,both_pass,unchanged,unchanged,1,1,1.0,1.0,0.0,1.0,1.0,0.0,end_code,end_code,247,244
KIVI-2,000531,Text to JSON,T-generation,Text,JSON,both_pass,unchanged,unchanged,1,1,1.0,1.0,0.0,1.0,1.0,0.0,end_code,end_code,426,502
KIVI-2,000532,Text to JSON,T-generation,Text,JSON,both_pass,unchanged,unchanged,1,1,1.0,1.0,0.0,1.0,1.0,0.0,end_code,end_code,372,380
KIVI-2,000533,Text to JSON,T-generation,Text,JSON,both_pass,improved,improved,1,1,0.89,1.0,0.10999999999999999,0.8666666666666667,1.0,0.1333333333333333,end_code,end_code,280,281
KIVI-2,000534,Text to JSON,T-generation,Text,JSON,both_pass,unchanged,unchanged,1,1,0.95,0.95,0.0,0.9333333333333333,0.9333333333333333,0.0,end_code,end_code,223,605
KIVI-2,000535,Text to JSON,T-generation,Text,JSON,both_pass,improved,improved,1,1,0.52,0.84,0.31999999999999995,0.4,0.8,0.4,end_code,end_code,314,308
KIVI-2,000536,Text to JSON,T-generation,Text,JSON,both_pass,unchanged,unchanged,1,1,1.0,1.0,0.0,1.0,1.0,0.0,end_code,end_code,323,331
KIVI-2,000537,Text to JSON,T-generation,Text,JSON,both_pass,improved,improved,1,1,0.55,0.65,0.09999999999999998,0.4375,0.5625,0.125,end_code,end_code,382,410
KIVI-2,000538,Text to JSON,T-generation,Text,JSON,both_pass,unchanged,unchanged,1,1,0.68,0.68,0.0,0.6,0.6,0.0,end_code,end_code,292,293
KIVI-2,000539,Text to JSON,T-generation,Text,JSON,both_pass,unchanged,unchanged,1,1,1.0,1.0,0.0,1.0,1.0,0.0,end_code,end_code,428,425
KIVI-2,000540,Text to JSON,T-generation,Text,JSON,both_fail,unchanged,unchanged,0,0,0.0,0.0,0.0,0.0,0.0,0.0,end_code,end_code,599,484
KIVI-2,000541,Text to JSON,T-generation,Text,JSON,fp16_only,regressed,regressed,1,0,1.0,0.0,-1.0,1.0,0.0,-1.0,end_code,end_code,597,476
KIVI-2,000542,Text to JSON,T-generation,Text,JSON,fp16_only,regressed,unchanged,1,0,0.2,0.0,-0.2,0.0,0.0,0.0,end_code,end_code,752,1372
KIVI-2,000543,Text to JSON,T-generation,Text,JSON,both_pass,regressed,regressed,1,1,1.0,0.91,-0.08999999999999997,1.0,0.8823529411764706,-0.11764705882352944,end_code,end_code,306,365
KIVI-2,000544,Text to JSON,T-generation,Text,JSON,fp16_only,regressed,regressed,1,0,1.0,0.0,-1.0,1.0,0.0,-1.0,end_code,end_code,329,331
KIVI-2,000545,Text to JSON,T-generation,Text,JSON,both_pass,regressed,regressed,1,1,0.84,0.73,-0.10999999999999999,0.8,0.6666666666666666,-0.13333333333333341,end_code,end_code,366,355
KIVI-2,000546,Text to JSON,T-generation,Text,JSON,both_pass,unchanged,unchanged,1,1,1.0,1.0,0.0,1.0,1.0,0.0,end_code,end_code,350,396
KIVI-2,000547,Text to JSON,T-generation,Text,JSON,both_pass,regressed,regressed,1,1,1.0,0.95,-0.050000000000000044,1.0,0.9333333333333333,-0.06666666666666665,end_code,end_code,282,310
KIVI-2,000548,Text to JSON,T-generation,Text,JSON,both_pass,regressed,regressed,1,1,1.0,0.95,-0.050000000000000044,1.0,0.9333333333333333,-0.06666666666666665,end_code,end_code,373,353
KIVI-2,000549,Text to JSON,T-generation,Text,JSON,both_pass,regressed,regressed,1,1,1.0,0.86,-0.14,1.0,0.8235294117647058,-0.17647058823529416,end_code,end_code,338,344
KIVI-2,000200,Text to CSV,T-generation,Text,CSV,both_pass,unchanged,unchanged,1,1,1.0,1.0,0.0,1.0,1.0,0.0,end_code,eos,671,439
KIVI-2,000201,Text to CSV,T-generation,Text,CSV,both_pass,regressed,regressed,1,1,1.0,0.2,-0.8,1.0,0.0,-1.0,end_code,end_code,993,758
KIVI-2,000202,Text to CSV,T-generation,Text,CSV,both_pass,regressed,regressed,1,1,0.58,0.2,-0.37999999999999995,0.47058823529411764,0.0,-0.47058823529411764,end_code,eos,177,684
KIVI-2,000203,Text to CSV,T-generation,Text,CSV,both_pass,regressed,regressed,1,1,0.95,0.2,-0.75,0.9333333333333333,0.0,-0.9333333333333333,end_code,eos,304,213
KIVI-2,000204,Text to CSV,T-generation,Text,CSV,both_pass,unchanged,unchanged,1,1,0.2,0.2,0.0,0.0,0.0,0.0,end_code,end_code,237,232
KIVI-2,000205,Text to CSV,T-generation,Text,CSV,both_pass,regressed,regressed,1,1,1.0,0.2,-0.8,1.0,0.0,-1.0,end_code,end_code,377,335
KIVI-2,000206,Text to CSV,T-generation,Text,CSV,both_pass,regressed,regressed,1,1,0.89,0.2,-0.69,0.8666666666666667,0.0,-0.8666666666666667,end_code,end_code,329,236
KIVI-2,000207,Text to CSV,T-generation,Text,CSV,both_pass,regressed,regressed,1,1,1.0,0.96,-0.040000000000000036,1.0,0.9444444444444444,-0.05555555555555558,end_code,end_code,218,217
KIVI-2,000208,Text to CSV,T-generation,Text,CSV,both_pass,unchanged,unchanged,1,1,0.89,0.89,0.0,0.8666666666666667,0.8666666666666667,0.0,end_code,end_code,233,220
KIVI-2,000209,Text to CSV,T-generation,Text,CSV,both_pass,unchanged,unchanged,1,1,1.0,1.0,0.0,1.0,1.0,0.0,end_code,end_code,176,177
KIVI-2,000210,Text to CSV,T-generation,Text,CSV,both_pass,regressed,regressed,1,1,1.0,0.95,-0.050000000000000044,1.0,0.9333333333333333,-0.06666666666666665,end_code,end_code,213,229
KIVI-2,000211,Text to CSV,T-generation,Text,CSV,both_pass,unchanged,unchanged,1,1,1.0,1.0,0.0,1.0,1.0,0.0,end_code,end_code,234,286
KIVI-2,000212,Text to CSV,T-generation,Text,CSV,both_pass,unchanged,unchanged,1,1,1.0,1.0,0.0,1.0,1.0,0.0,end_code,end_code,228,283
KIVI-2,000213,Text to CSV,T-generation,Text,CSV,both_pass,regressed,regressed,1,1,1.0,0.2,-0.8,1.0,0.0,-1.0,end_code,end_code,373,229
KIVI-2,000214,Text to CSV,T-generation,Text,CSV,both_pass,regressed,regressed,1,1,1.0,0.2,-0.8,1.0,0.0,-1.0,end_code,end_code,439,312
KIVI-2,000215,Text to CSV,T-generation,Text,CSV,both_pass,regressed,regressed,1,1,0.95,0.2,-0.75,0.9333333333333333,0.0,-0.9333333333333333,end_code,end_code,213,217
KIVI-2,000216,Text to CSV,T-generation,Text,CSV,both_pass,unchanged,unchanged,1,1,1.0,1.0,0.0,1.0,1.0,0.0,end_code,max_new_tokens,404,2048
KIVI-2,000217,Text to CSV,T-generation,Text,CSV,both_pass,regressed,regressed,1,1,1.0,0.2,-0.8,1.0,0.0,-1.0,end_code,end_code,263,313
KIVI-2,000218,Text to CSV,T-generation,Text,CSV,both_pass,unchanged,unchanged,1,1,1.0,1.0,0.0,1.0,1.0,0.0,end_code,end_code,238,233
KIVI-2,000219,Text to CSV,T-generation,Text,CSV,both_pass,unchanged,unchanged,1,1,1.0,1.0,0.0,1.0,1.0,0.0,end_code,end_code,298,250
KIVI-2,000220,Text to CSV,T-generation,Text,CSV,both_pass,unchanged,unchanged,1,1,1.0,1.0,0.0,1.0,1.0,0.0,end_code,end_code,167,164
KIVI-2,000221,Text to CSV,T-generation,Text,CSV,both_pass,unchanged,unchanged,1,1,1.0,1.0,0.0,1.0,1.0,0.0,end_code,end_code,576,756
KIVI-2,000222,Text to CSV,T-generation,Text,CSV,both_pass,regressed,regressed,1,1,1.0,0.2,-0.8,1.0,0.0,-1.0,end_code,end_code,335,307
KIVI-2,000223,Text to CSV,T-generation,Text,CSV,both_pass,unchanged,unchanged,1,1,0.2,0.2,0.0,0.0,0.0,0.0,end_code,end_code,283,249
KIVI-2,000224,Text to CSV,T-generation,Text,CSV,both_pass,regressed,regressed,1,1,1.0,0.2,-0.8,1.0,0.0,-1.0,end_code,end_code,307,310
KIVI-2,000225,Text to CSV,T-generation,Text,CSV,both_pass,regressed,regressed,1,1,0.29,0.2,-0.08999999999999997,0.11764705882352941,0.0,-0.11764705882352941,end_code,eos,214,374
KIVI-2,000226,Text to CSV,T-generation,Text,CSV,both_pass,regressed,regressed,1,1,1.0,0.2,-0.8,1.0,0.0,-1.0,end_code,end_code,229,251
KIVI-2,000227,Text to CSV,T-generation,Text,CSV,both_pass,unchanged,unchanged,1,1,0.2,0.2,0.0,0.0,0.0,0.0,end_code,end_code,153,157
KIVI-2,000228,Text to CSV,T-generation,Text,CSV,both_pass,regressed,regressed,1,1,1.0,0.2,-0.8,1.0,0.0,-1.0,end_code,end_code,204,176
KIVI-2,000229,Text to CSV,T-generation,Text,CSV,both_pass,unchanged,unchanged,1,1,1.0,1.0,0.0,1.0,1.0,0.0,end_code,end_code,436,297
KIVI-2,000230,Text to CSV,T-generation,Text,CSV,both_pass,unchanged,unchanged,1,1,1.0,1.0,0.0,1.0,1.0,0.0,end_code,end_code,411,371
KIVI-2,000231,Text to CSV,T-generation,Text,CSV,both_pass,unchanged,unchanged,1,1,1.0,1.0,0.0,1.0,1.0,0.0,end_code,end_code,286,222
KIVI-2,000232,Text to CSV,T-generation,Text,CSV,both_pass,unchanged,unchanged,1,1,1.0,1.0,0.0,1.0,1.0,0.0,end_code,end_code,300,423
KIVI-2,000233,Text to CSV,T-generation,Text,CSV,both_pass,regressed,regressed,1,1,1.0,0.2,-0.8,1.0,0.0,-1.0,end_code,eos,446,728
KIVI-2,000234,Text to CSV,T-generation,Text,CSV,both_pass,unchanged,unchanged,1,1,1.0,1.0,0.0,1.0,1.0,0.0,end_code,end_code,359,368
KIVI-2,000235,Text to CSV,T-generation,Text,CSV,both_pass,unchanged,unchanged,1,1,1.0,1.0,0.0,1.0,1.0,0.0,end_code,end_code,263,234
KIVI-2,000236,Text to CSV,T-generation,Text,CSV,both_pass,unchanged,unchanged,1,1,1.0,1.0,0.0,1.0,1.0,0.0,end_code,end_code,350,262
KIVI-2,000237,Text to CSV,T-generation,Text,CSV,both_pass,regressed,regressed,1,1,1.0,0.2,-0.8,1.0,0.0,-1.0,end_code,end_code,259,252
KIVI-2,000238,Text to CSV,T-generation,Text,CSV,both_pass,regressed,regressed,1,1,1.0,0.95,-0.050000000000000044,1.0,0.9411764705882353,-0.05882352941176472,end_code,end_code,468,536
KIVI-2,000239,Text to CSV,T-generation,Text,CSV,both_pass,regressed,regressed,1,1,1.0,0.95,-0.050000000000000044,1.0,0.9333333333333333,-0.06666666666666665,end_code,end_code,340,200
KIVI-2,000240,Text to CSV,T-generation,Text,CSV,both_pass,regressed,regressed,1,1,1.0,0.2,-0.8,1.0,0.0,-1.0,end_code,end_code,323,362
KIVI-2,000241,Text to CSV,T-generation,Text,CSV,both_pass,unchanged,unchanged,1,1,0.2,0.2,0.0,0.0,0.0,0.0,end_code,end_code,245,164
KIVI-2,000242,Text to CSV,T-generation,Text,CSV,both_pass,regressed,regressed,1,1,1.0,0.2,-0.8,1.0,0.0,-1.0,end_code,eos,209,190
KIVI-2,000243,Text to CSV,T-generation,Text,CSV,both_pass,regressed,regressed,1,1,1.0,0.2,-0.8,1.0,0.0,-1.0,end_code,end_code,320,296
KIVI-2,000244,Text to CSV,T-generation,Text,CSV,both_pass,regressed,regressed,1,1,1.0,0.2,-0.8,1.0,0.0,-1.0,end_code,eos,450,441
KIVI-2,000245,Text to CSV,T-generation,Text,CSV,both_pass,regressed,regressed,1,1,1.0,0.2,-0.8,1.0,0.0,-1.0,end_code,eos,315,355
KIVI-2,000246,Text to CSV,T-generation,Text,CSV,both_pass,regressed,regressed,1,1,1.0,0.2,-0.8,1.0,0.0,-1.0,end_code,end_code,259,253
KIVI-2,000247,Text to CSV,T-generation,Text,CSV,both_pass,regressed,regressed,1,1,1.0,0.2,-0.8,1.0,0.0,-1.0,end_code,eos,302,334
KIVI-2,000248,Text to CSV,T-generation,Text,CSV,both_pass,regressed,regressed,1,1,1.0,0.2,-0.8,1.0,0.0,-1.0,end_code,end_code,386,335
KIVI-2,000249,Text to CSV,T-generation,Text,CSV,both_pass,unchanged,unchanged,1,1,1.0,1.0,0.0,1.0,1.0,0.0,end_code,end_code,189,194
KIVI-2,001000,Text to TOML,T-generation,Text,TOML,both_fail,unchanged,unchanged,0,0,0.0,0.0,0.0,0.0,0.0,0.0,end_code,end_code,228,224
KIVI-2,001001,Text to TOML,T-generation,Text,TOML,both_fail,unchanged,unchanged,0,0,0.0,0.0,0.0,0.0,0.0,0.0,end_code,end_code,286,277
KIVI-2,001002,Text to TOML,T-generation,Text,TOML,both_fail,unchanged,unchanged,0,0,0.0,0.0,0.0,0.0,0.0,0.0,end_code,eos,424,398
KIVI-2,001003,Text to TOML,T-generation,Text,TOML,both_fail,unchanged,unchanged,0,0,0.0,0.0,0.0,0.0,0.0,0.0,end_code,end_code,326,326
KIVI-2,001004,Text to TOML,T-generation,Text,TOML,both_fail,unchanged,unchanged,0,0,0.0,0.0,0.0,0.0,0.0,0.0,end_code,end_code,245,337
KIVI-2,001005,Text to TOML,T-generation,Text,TOML,both_fail,unchanged,unchanged,0,0,0.0,0.0,0.0,0.0,0.0,0.0,end_code,end_code,325,308
KIVI-2,001006,Text to TOML,T-generation,Text,TOML,both_fail,unchanged,unchanged,0,0,0.0,0.0,0.0,0.0,0.0,0.0,end_code,end_code,407,716
KIVI-2,001007,Text to TOML,T-generation,Text,TOML,fp16_only,regressed,regressed,1,0,1.0,0.0,-1.0,1.0,0.0,-1.0,end_code,end_code,344,326
KIVI-2,001008,Text to TOML,T-generation,Text,TOML,both_fail,unchanged,unchanged,0,0,0.0,0.0,0.0,0.0,0.0,0.0,end_code,end_code,503,485
KIVI-2,001009,Text to TOML,T-generation,Text,TOML,fp16_only,regressed,regressed,1,0,0.47,0.0,-0.47,0.3333333333333333,0.0,-0.3333333333333333,end_code,end_code,271,338
KIVI-2,001010,Text to TOML,T-generation,Text,TOML,fp16_only,regressed,regressed,1,0,0.5,0.0,-0.5,0.375,0.0,-0.375,end_code,end_code,696,578
KIVI-2,001011,Text to TOML,T-generation,Text,TOML,both_fail,unchanged,unchanged,0,0,0.0,0.0,0.0,0.0,0.0,0.0,end_code,end_code,312,321
KIVI-2,001012,Text to TOML,T-generation,Text,TOML,both_fail,unchanged,unchanged,0,0,0.0,0.0,0.0,0.0,0.0,0.0,end_code,end_code,311,311
KIVI-2,001013,Text to TOML,T-generation,Text,TOML,both_fail,unchanged,unchanged,0,0,0.0,0.0,0.0,0.0,0.0,0.0,end_code,end_code,576,856
KIVI-2,001014,Text to TOML,T-generation,Text,TOML,both_fail,unchanged,unchanged,0,0,0.0,0.0,0.0,0.0,0.0,0.0,end_code,end_code,341,335
KIVI-2,001015,Text to TOML,T-generation,Text,TOML,both_fail,unchanged,unchanged,0,0,0.0,0.0,0.0,0.0,0.0,0.0,end_code,end_code,363,365
KIVI-2,001016,Text to TOML,T-generation,Text,TOML,both_fail,unchanged,unchanged,0,0,0.0,0.0,0.0,0.0,0.0,0.0,end_code,end_code,285,285
KIVI-2,001017,Text to TOML,T-generation,Text,TOML,both_fail,unchanged,unchanged,0,0,0.0,0.0,0.0,0.0,0.0,0.0,end_code,end_code,308,337
KIVI-2,001018,Text to TOML,T-generation,Text,TOML,both_fail,unchanged,unchanged,0,0,0.0,0.0,0.0,0.0,0.0,0.0,end_code,end_code,267,671
KIVI-2,001019,Text to TOML,T-generation,Text,TOML,both_fail,unchanged,unchanged,0,0,0.0,0.0,0.0,0.0,0.0,0.0,end_code,end_code,341,337
KIVI-2,001020,Text to TOML,T-generation,Text,TOML,both_fail,unchanged,unchanged,0,0,0.0,0.0,0.0,0.0,0.0,0.0,end_code,end_code,312,370
KIVI-2,001021,Text to TOML,T-generation,Text,TOML,both_fail,unchanged,unchanged,0,0,0.0,0.0,0.0,0.0,0.0,0.0,end_code,end_code,243,239
KIVI-2,001022,Text to TOML,T-generation,Text,TOML,both_fail,unchanged,unchanged,0,0,0.0,0.0,0.0,0.0,0.0,0.0,end_code,end_code,234,313
KIVI-2,001023,Text to TOML,T-generation,Text,TOML,both_fail,unchanged,unchanged,0,0,0.0,0.0,0.0,0.0,0.0,0.0,end_code,end_code,242,238
KIVI-2,001024,Text to TOML,T-generation,Text,TOML,both_fail,unchanged,unchanged,0,0,0.0,0.0,0.0,0.0,0.0,0.0,end_code,end_code,426,481
KIVI-2,001025,Text to TOML,T-generation,Text,TOML,both_fail,unchanged,unchanged,0,0,0.0,0.0,0.0,0.0,0.0,0.0,end_code,end_code,268,318
KIVI-2,001026,Text to TOML,T-generation,Text,TOML,both_fail,unchanged,unchanged,0,0,0.0,0.0,0.0,0.0,0.0,0.0,end_code,end_code,367,367
KIVI-2,001027,Text to TOML,T-generation,Text,TOML,both_fail,unchanged,unchanged,0,0,0.0,0.0,0.0,0.0,0.0,0.0,end_code,end_code,292,409
KIVI-2,001028,Text to TOML,T-generation,Text,TOML,both_fail,unchanged,unchanged,0,0,0.0,0.0,0.0,0.0,0.0,0.0,end_code,end_code,251,336
KIVI-2,001029,Text to TOML,T-generation,Text,TOML,both_fail,unchanged,unchanged,0,0,0.0,0.0,0.0,0.0,0.0,0.0,end_code,end_code,245,235
KIVI-2,001030,Text to TOML,T-generation,Text,TOML,both_fail,unchanged,unchanged,0,0,0.0,0.0,0.0,0.0,0.0,0.0,end_code,end_code,302,227
KIVI-2,001031,Text to TOML,T-generation,Text,TOML,both_fail,unchanged,unchanged,0,0,0.0,0.0,0.0,0.0,0.0,0.0,end_code,end_code,451,473
KIVI-2,001032,Text to TOML,T-generation,Text,TOML,both_fail,unchanged,unchanged,0,0,0.0,0.0,0.0,0.0,0.0,0.0,end_code,eos,266,257
KIVI-2,001033,Text to TOML,T-generation,Text,TOML,both_fail,unchanged,unchanged,0,0,0.0,0.0,0.0,0.0,0.0,0.0,end_code,end_code,309,312
KIVI-2,001034,Text to TOML,T-generation,Text,TOML,both_fail,unchanged,unchanged,0,0,0.0,0.0,0.0,0.0,0.0,0.0,end_code,end_code,358,357
KIVI-2,001035,Text to TOML,T-generation,Text,TOML,fp16_only,regressed,regressed,1,0,1.0,0.0,-1.0,1.0,0.0,-1.0,end_code,end_code,269,264
KIVI-2,001036,Text to TOML,T-generation,Text,TOML,both_fail,unchanged,unchanged,0,0,0.0,0.0,0.0,0.0,0.0,0.0,end_code,end_code,336,327
KIVI-2,001037,Text to TOML,T-generation,Text,TOML,both_fail,unchanged,unchanged,0,0,0.0,0.0,0.0,0.0,0.0,0.0,end_code,end_code,268,230
KIVI-2,001038,Text to TOML,T-generation,Text,TOML,both_fail,unchanged,unchanged,0,0,0.0,0.0,0.0,0.0,0.0,0.0,end_code,end_code,354,361
KIVI-2,001039,Text to TOML,T-generation,Text,TOML,candidate_only,improved,improved,0,1,0.0,0.64,0.64,0.0,0.5555555555555556,0.5555555555555556,end_code,end_code,353,344
KIVI-2,001040,Text to TOML,T-generation,Text,TOML,both_fail,unchanged,unchanged,0,0,0.0,0.0,0.0,0.0,0.0,0.0,end_code,end_code,553,770
KIVI-2,001041,Text to TOML,T-generation,Text,TOML,both_fail,unchanged,unchanged,0,0,0.0,0.0,0.0,0.0,0.0,0.0,end_code,end_code,344,377
KIVI-2,001042,Text to TOML,T-generation,Text,TOML,both_fail,unchanged,unchanged,0,0,0.0,0.0,0.0,0.0,0.0,0.0,end_code,end_code,336,342
KIVI-2,001043,Text to TOML,T-generation,Text,TOML,both_fail,unchanged,unchanged,0,0,0.0,0.0,0.0,0.0,0.0,0.0,end_code,end_code,310,350
KIVI-2,001044,Text to TOML,T-generation,Text,TOML,candidate_only,improved,unchanged,0,1,0.0,0.2,0.2,0.0,0.0,0.0,end_code,end_code,271,384
KIVI-2,001045,Text to TOML,T-generation,Text,TOML,both_fail,unchanged,unchanged,0,0,0.0,0.0,0.0,0.0,0.0,0.0,end_code,end_code,273,281
KIVI-2,001046,Text to TOML,T-generation,Text,TOML,both_fail,unchanged,unchanged,0,0,0.0,0.0,0.0,0.0,0.0,0.0,end_code,end_code,285,309
KIVI-2,001047,Text to TOML,T-generation,Text,TOML,both_fail,unchanged,unchanged,0,0,0.0,0.0,0.0,0.0,0.0,0.0,end_code,end_code,377,394
KIVI-2,001048,Text to TOML,T-generation,Text,TOML,both_fail,unchanged,unchanged,0,0,0.0,0.0,0.0,0.0,0.0,0.0,end_code,end_code,301,311
KIVI-2,001049,Text to TOML,T-generation,Text,TOML,both_fail,unchanged,unchanged,0,0,0.0,0.0,0.0,0.0,0.0,0.0,end_code,end_code,493,584
KIVI-2,001700,Text to XML,T-generation,Text,XML,fp16_only,regressed,regressed,1,0,0.63,0.0,-0.63,0.5333333333333333,0.0,-0.5333333333333333,end_code,eos,945,919
KIVI-2,001701,Text to XML,T-generation,Text,XML,both_pass,regressed,regressed,1,1,0.91,0.78,-0.13,0.8888888888888888,0.7222222222222222,-0.16666666666666663,end_code,end_code,343,287
KIVI-2,001702,Text to XML,T-generation,Text,XML,both_pass,unchanged,unchanged,1,1,0.72,0.72,0.0,0.6470588235294118,0.6470588235294118,0.0,end_code,end_code,691,609
KIVI-2,001703,Text to XML,T-generation,Text,XML,both_pass,unchanged,unchanged,1,1,0.63,0.63,0.0,0.5333333333333333,0.5333333333333333,0.0,end_code,end_code,986,993
KIVI-2,001704,Text to XML,T-generation,Text,XML,both_pass,regressed,regressed,1,1,0.84,0.68,-0.15999999999999992,0.8,0.6,-0.20000000000000007,end_code,end_code,1243,549
KIVI-2,001705,Text to XML,T-generation,Text,XML,both_pass,regressed,regressed,1,1,0.7,0.55,-0.1499999999999999,0.625,0.4375,-0.1875,end_code,end_code,549,727
KIVI-2,001706,Text to XML,T-generation,Text,XML,both_pass,improved,improved,1,1,0.5,0.65,0.15000000000000002,0.375,0.5625,0.1875,end_code,end_code,900,1125
KIVI-2,001707,Text to XML,T-generation,Text,XML,both_pass,improved,improved,1,1,0.89,1.0,0.10999999999999999,0.8666666666666667,1.0,0.1333333333333333,end_code,end_code,249,287
KIVI-2,001708,Text to XML,T-generation,Text,XML,both_pass,regressed,regressed,1,1,0.68,0.36,-0.32000000000000006,0.6,0.2,-0.39999999999999997,end_code,end_code,393,408
KIVI-2,001709,Text to XML,T-generation,Text,XML,fp16_only,regressed,regressed,1,0,0.57,0.0,-0.57,0.4666666666666667,0.0,-0.4666666666666667,end_code,end_code,350,362
KIVI-2,001710,Text to XML,T-generation,Text,XML,both_pass,regressed,regressed,1,1,0.52,0.2,-0.32,0.4,0.0,-0.4,end_code,end_code,317,510
KIVI-2,001711,Text to XML,T-generation,Text,XML,both_pass,improved,improved,1,1,0.34,0.72,0.37999999999999995,0.17647058823529413,0.6470588235294118,0.47058823529411764,end_code,end_code,488,490
KIVI-2,001712,Text to XML,T-generation,Text,XML,both_pass,unchanged,unchanged,1,1,0.85,0.85,0.0,0.8125,0.8125,0.0,end_code,end_code,326,313
KIVI-2,001713,Text to XML,T-generation,Text,XML,fp16_only,regressed,regressed,1,0,0.96,0.0,-0.96,0.9444444444444444,0.0,-0.9444444444444444,end_code,eos,423,522
KIVI-2,001714,Text to XML,T-generation,Text,XML,fp16_only,regressed,regressed,1,0,0.63,0.0,-0.63,0.5333333333333333,0.0,-0.5333333333333333,end_code,end_code,296,344
KIVI-2,001715,Text to XML,T-generation,Text,XML,both_pass,regressed,regressed,1,1,0.7,0.65,-0.04999999999999993,0.625,0.5625,-0.0625,end_code,end_code,528,430
KIVI-2,001716,Text to XML,T-generation,Text,XML,candidate_only,improved,improved,0,1,0.0,0.63,0.63,0.0,0.5333333333333333,0.5333333333333333,end_code,end_code,1015,651
KIVI-2,001717,Text to XML,T-generation,Text,XML,both_pass,regressed,regressed,1,1,0.91,0.62,-0.29000000000000004,0.8823529411764706,0.5294117647058824,-0.3529411764705882,end_code,end_code,783,541
KIVI-2,001718,Text to XML,T-generation,Text,XML,both_pass,regressed,regressed,1,1,0.73,0.68,-0.04999999999999993,0.6666666666666666,0.6,-0.06666666666666665,end_code,end_code,496,520
KIVI-2,001719,Text to XML,T-generation,Text,XML,fp16_only,regressed,regressed,1,0,0.68,0.0,-0.68,0.6,0.0,-0.6,end_code,end_code,748,902
KIVI-2,001720,Text to XML,T-generation,Text,XML,both_pass,unchanged,unchanged,1,1,1.0,1.0,0.0,1.0,1.0,0.0,end_code,end_code,396,427
KIVI-2,001721,Text to XML,T-generation,Text,XML,both_pass,regressed,regressed,1,1,1.0,0.89,-0.10999999999999999,1.0,0.8666666666666667,-0.1333333333333333,end_code,end_code,783,880
KIVI-2,001722,Text to XML,T-generation,Text,XML,fp16_only,regressed,regressed,1,0,0.89,0.0,-0.89,0.8666666666666667,0.0,-0.8666666666666667,end_code,end_code,310,1278
KIVI-2,001723,Text to XML,T-generation,Text,XML,both_pass,unchanged,unchanged,1,1,0.72,0.72,0.0,0.6470588235294118,0.6470588235294118,0.0,end_code,end_code,750,889
KIVI-2,001724,Text to XML,T-generation,Text,XML,both_pass,regressed,regressed,1,1,0.95,0.81,-0.1399999999999999,0.9411764705882353,0.7647058823529411,-0.17647058823529416,end_code,end_code,687,506
KIVI-2,001725,Text to XML,T-generation,Text,XML,fp16_only,regressed,regressed,1,0,0.35,0.0,-0.35,0.1875,0.0,-0.1875,end_code,end_code,479,440
KIVI-2,001726,Text to XML,T-generation,Text,XML,both_pass,regressed,regressed,1,1,0.65,0.5,-0.15000000000000002,0.5625,0.375,-0.1875,end_code,end_code,794,1321
KIVI-2,001727,Text to XML,T-generation,Text,XML,fp16_only,regressed,regressed,1,0,0.95,0.0,-0.95,0.9333333333333333,0.0,-0.9333333333333333,end_code,eos,860,1001
KIVI-2,001728,Text to XML,T-generation,Text,XML,both_pass,regressed,regressed,1,1,0.7,0.65,-0.04999999999999993,0.625,0.5625,-0.0625,end_code,end_code,759,630
KIVI-2,001729,Text to XML,T-generation,Text,XML,both_pass,improved,improved,1,1,0.52,0.57,0.04999999999999993,0.4,0.4666666666666667,0.06666666666666665,end_code,end_code,308,334
KIVI-2,001730,Text to XML,T-generation,Text,XML,fp16_only,regressed,regressed,1,0,0.67,0.0,-0.67,0.5882352941176471,0.0,-0.5882352941176471,end_code,eos,780,831
KIVI-2,001731,Text to XML,T-generation,Text,XML,both_pass,regressed,regressed,1,1,0.72,0.67,-0.04999999999999993,0.6470588235294118,0.5882352941176471,-0.05882352941176472,end_code,end_code,858,658
KIVI-2,001732,Text to XML,T-generation,Text,XML,both_pass,unchanged,unchanged,1,1,1.0,1.0,0.0,1.0,1.0,0.0,end_code,end_code,714,887
KIVI-2,001733,Text to XML,T-generation,Text,XML,both_pass,unchanged,unchanged,1,1,0.57,0.57,0.0,0.4666666666666667,0.4666666666666667,0.0,end_code,end_code,374,420
KIVI-2,001734,Text to XML,T-generation,Text,XML,fp16_only,regressed,regressed,1,0,0.65,0.0,-0.65,0.5625,0.0,-0.5625,end_code,end_code,368,320
KIVI-2,001735,Text to XML,T-generation,Text,XML,both_pass,unchanged,unchanged,1,1,0.95,0.95,0.0,0.9375,0.9375,0.0,end_code,end_code,788,855
KIVI-2,001736,Text to XML,T-generation,Text,XML,both_pass,unchanged,unchanged,1,1,1.0,1.0,0.0,1.0,1.0,0.0,end_code,end_code,827,637
KIVI-2,001737,Text to XML,T-generation,Text,XML,both_pass,unchanged,unchanged,1,1,1.0,1.0,0.0,1.0,1.0,0.0,end_code,end_code,887,1001
KIVI-2,001738,Text to XML,T-generation,Text,XML,both_pass,unchanged,unchanged,1,1,0.2,0.2,0.0,0.0,0.0,0.0,end_code,end_code,342,346
KIVI-2,001739,Text to XML,T-generation,Text,XML,both_pass,improved,improved,1,1,0.89,1.0,0.10999999999999999,0.8666666666666667,1.0,0.1333333333333333,end_code,end_code,544,847
KIVI-2,001740,Text to XML,T-generation,Text,XML,both_pass,regressed,regressed,1,1,0.62,0.53,-0.08999999999999997,0.5294117647058824,0.4117647058823529,-0.11764705882352944,end_code,end_code,395,430
KIVI-2,001741,Text to XML,T-generation,Text,XML,fp16_only,regressed,regressed,1,0,0.41,0.0,-0.41,0.26666666666666666,0.0,-0.26666666666666666,end_code,end_code,247,212
KIVI-2,001742,Text to XML,T-generation,Text,XML,candidate_only,improved,unchanged,0,1,0.0,0.2,0.2,0.0,0.0,0.0,end_code,end_code,356,278
KIVI-2,001743,Text to XML,T-generation,Text,XML,both_pass,improved,improved,1,1,0.3,0.45,0.15000000000000002,0.125,0.3125,0.1875,end_code,end_code,595,490
KIVI-2,001744,Text to XML,T-generation,Text,XML,fp16_only,regressed,regressed,1,0,0.25,0.0,-0.25,0.06666666666666667,0.0,-0.06666666666666667,end_code,end_code,260,387
KIVI-2,001745,Text to XML,T-generation,Text,XML,both_pass,regressed,regressed,1,1,0.57,0.36,-0.20999999999999996,0.4666666666666667,0.2,-0.26666666666666666,end_code,end_code,1030,1496
KIVI-2,001746,Text to XML,T-generation,Text,XML,both_pass,regressed,regressed,1,1,0.95,0.79,-0.15999999999999992,0.9333333333333333,0.7333333333333333,-0.20000000000000007,end_code,end_code,586,407
KIVI-2,001747,Text to XML,T-generation,Text,XML,both_pass,unchanged,unchanged,1,1,0.2,0.2,0.0,0.0,0.0,0.0,end_code,end_code,334,359
KIVI-2,001748,Text to XML,T-generation,Text,XML,fp16_only,regressed,regressed,1,0,0.68,0.0,-0.68,0.6,0.0,-0.6,end_code,end_code,733,729
KIVI-2,001749,Text to XML,T-generation,Text,XML,both_pass,improved,improved,1,1,0.39,0.67,0.28,0.23529411764705882,0.5882352941176471,0.35294117647058826,end_code,end_code,257,308
KIVI-2,001800,Text to YAML,T-generation,Text,YAML,both_pass,unchanged,unchanged,1,1,1.0,1.0,0.0,1.0,1.0,0.0,end_code,end_code,255,259
KIVI-2,001801,Text to YAML,T-generation,Text,YAML,fp16_only,regressed,regressed,1,0,1.0,0.0,-1.0,1.0,0.0,-1.0,end_code,eos,343,361
KIVI-2,001802,Text to YAML,T-generation,Text,YAML,both_pass,unchanged,unchanged,1,1,1.0,1.0,0.0,1.0,1.0,0.0,end_code,end_code,271,346
KIVI-2,001803,Text to YAML,T-generation,Text,YAML,fp16_only,regressed,regressed,1,0,1.0,0.0,-1.0,1.0,0.0,-1.0,end_code,end_code,351,228
KIVI-2,001804,Text to YAML,T-generation,Text,YAML,both_pass,improved,improved,1,1,0.41,1.0,0.5900000000000001,0.26666666666666666,1.0,0.7333333333333334,end_code,end_code,301,311
KIVI-2,001805,Text to YAML,T-generation,Text,YAML,both_pass,improved,improved,1,1,0.41,0.95,0.54,0.26666666666666666,0.9333333333333333,0.6666666666666667,end_code,end_code,638,343
KIVI-2,001806,Text to YAML,T-generation,Text,YAML,both_pass,unchanged,unchanged,1,1,0.44,0.44,0.0,0.29411764705882354,0.29411764705882354,0.0,end_code,end_code,215,296
KIVI-2,001807,Text to YAML,T-generation,Text,YAML,fp16_only,regressed,regressed,1,0,0.73,0.0,-0.73,0.6666666666666666,0.0,-0.6666666666666666,end_code,eos,526,348
KIVI-2,001808,Text to YAML,T-generation,Text,YAML,both_pass,unchanged,unchanged,1,1,0.9,0.9,0.0,0.875,0.875,0.0,end_code,end_code,294,318
KIVI-2,001809,Text to YAML,T-generation,Text,YAML,both_pass,unchanged,unchanged,1,1,1.0,1.0,0.0,1.0,1.0,0.0,end_code,end_code,298,306
KIVI-2,001810,Text to YAML,T-generation,Text,YAML,both_fail,unchanged,unchanged,0,0,0.0,0.0,0.0,0.0,0.0,0.0,end_code,end_code,392,346
KIVI-2,001811,Text to YAML,T-generation,Text,YAML,fp16_only,regressed,regressed,1,0,1.0,0.0,-1.0,1.0,0.0,-1.0,end_code,eos,336,301
KIVI-2,001812,Text to YAML,T-generation,Text,YAML,fp16_only,regressed,regressed,1,0,0.89,0.0,-0.89,0.8666666666666667,0.0,-0.8666666666666667,end_code,end_code,251,282
KIVI-2,001813,Text to YAML,T-generation,Text,YAML,both_pass,regressed,regressed,1,1,1.0,0.95,-0.050000000000000044,1.0,0.9333333333333333,-0.06666666666666665,end_code,end_code,472,439
KIVI-2,001814,Text to YAML,T-generation,Text,YAML,both_pass,improved,improved,1,1,0.95,1.0,0.050000000000000044,0.9333333333333333,1.0,0.06666666666666665,end_code,end_code,259,243
KIVI-2,001815,Text to YAML,T-generation,Text,YAML,fp16_only,regressed,regressed,1,0,1.0,0.0,-1.0,1.0,0.0,-1.0,end_code,eos,198,201
KIVI-2,001816,Text to YAML,T-generation,Text,YAML,both_pass,unchanged,unchanged,1,1,1.0,1.0,0.0,1.0,1.0,0.0,end_code,end_code,255,276
KIVI-2,001817,Text to YAML,T-generation,Text,YAML,both_pass,regressed,regressed,1,1,0.76,0.72,-0.040000000000000036,0.7058823529411765,0.6470588235294118,-0.05882352941176472,end_code,end_code,221,238
KIVI-2,001818,Text to YAML,T-generation,Text,YAML,both_pass,regressed,regressed,1,1,1.0,0.87,-0.13,1.0,0.8333333333333334,-0.16666666666666663,end_code,end_code,802,689
KIVI-2,001819,Text to YAML,T-generation,Text,YAML,both_pass,unchanged,unchanged,1,1,1.0,1.0,0.0,1.0,1.0,0.0,end_code,end_code,411,266
KIVI-2,001820,Text to YAML,T-generation,Text,YAML,candidate_only,improved,improved,0,1,0.0,1.0,1.0,0.0,1.0,1.0,end_code,end_code,451,405
KIVI-2,001821,Text to YAML,T-generation,Text,YAML,fp16_only,regressed,regressed,1,0,1.0,0.0,-1.0,1.0,0.0,-1.0,end_code,eos,301,325
KIVI-2,001822,Text to YAML,T-generation,Text,YAML,both_pass,regressed,regressed,1,1,1.0,0.2,-0.8,1.0,0.0,-1.0,end_code,end_code,205,225
KIVI-2,001823,Text to YAML,T-generation,Text,YAML,both_pass,improved,improved,1,1,0.73,1.0,0.27,0.6666666666666666,1.0,0.33333333333333337,end_code,end_code,192,195
KIVI-2,001824,Text to YAML,T-generation,Text,YAML,both_pass,unchanged,unchanged,1,1,1.0,1.0,0.0,1.0,1.0,0.0,end_code,end_code,235,225
KIVI-2,001825,Text to YAML,T-generation,Text,YAML,both_pass,unchanged,unchanged,1,1,0.81,0.81,0.0,0.7647058823529411,0.7647058823529411,0.0,end_code,end_code,229,264
KIVI-2,001826,Text to YAML,T-generation,Text,YAML,both_pass,unchanged,unchanged,1,1,1.0,1.0,0.0,1.0,1.0,0.0,end_code,end_code,255,234
KIVI-2,001827,Text to YAML,T-generation,Text,YAML,candidate_only,improved,improved,0,1,0.0,0.65,0.65,0.0,0.5625,0.5625,end_code,end_code,409,407
KIVI-2,001828,Text to YAML,T-generation,Text,YAML,both_pass,unchanged,unchanged,1,1,0.95,0.95,0.0,0.9411764705882353,0.9411764705882353,0.0,end_code,end_code,326,350
KIVI-2,001829,Text to YAML,T-generation,Text,YAML,both_pass,unchanged,unchanged,1,1,0.36,0.36,0.0,0.2,0.2,0.0,end_code,end_code,574,194
KIVI-2,001830,Text to YAML,T-generation,Text,YAML,both_pass,unchanged,unchanged,1,1,1.0,1.0,0.0,1.0,1.0,0.0,end_code,end_code,228,223
KIVI-2,001831,Text to YAML,T-generation,Text,YAML,both_fail,unchanged,unchanged,0,0,0.0,0.0,0.0,0.0,0.0,0.0,end_code,end_code,346,349
KIVI-2,001832,Text to YAML,T-generation,Text,YAML,both_fail,unchanged,unchanged,0,0,0.0,0.0,0.0,0.0,0.0,0.0,end_code,end_code,241,323
KIVI-2,001833,Text to YAML,T-generation,Text,YAML,fp16_only,regressed,regressed,1,0,1.0,0.0,-1.0,1.0,0.0,-1.0,end_code,end_code,224,220
KIVI-2,001834,Text to YAML,T-generation,Text,YAML,both_pass,unchanged,unchanged,1,1,1.0,1.0,0.0,1.0,1.0,0.0,end_code,end_code,246,224
KIVI-2,001835,Text to YAML,T-generation,Text,YAML,both_pass,unchanged,unchanged,1,1,1.0,1.0,0.0,1.0,1.0,0.0,end_code,end_code,305,294
KIVI-2,001836,Text to YAML,T-generation,Text,YAML,fp16_only,regressed,regressed,1,0,1.0,0.0,-1.0,1.0,0.0,-1.0,end_code,eos,304,281
KIVI-2,001837,Text to YAML,T-generation,Text,YAML,fp16_only,regressed,regressed,1,0,1.0,0.0,-1.0,1.0,0.0,-1.0,end_code,end_code,259,340
KIVI-2,001838,Text to YAML,T-generation,Text,YAML,both_pass,regressed,regressed,1,1,1.0,0.79,-0.20999999999999996,1.0,0.7333333333333333,-0.2666666666666667,end_code,end_code,318,303
KIVI-2,001839,Text to YAML,T-generation,Text,YAML,both_pass,unchanged,unchanged,1,1,1.0,1.0,0.0,1.0,1.0,0.0,end_code,end_code,282,288
KIVI-2,001840,Text to YAML,T-generation,Text,YAML,both_pass,unchanged,unchanged,1,1,1.0,1.0,0.0,1.0,1.0,0.0,end_code,end_code,227,205
KIVI-2,001841,Text to YAML,T-generation,Text,YAML,both_pass,improved,improved,1,1,0.89,1.0,0.10999999999999999,0.8666666666666667,1.0,0.1333333333333333,end_code,end_code,260,291
KIVI-2,001842,Text to YAML,T-generation,Text,YAML,fp16_only,regressed,regressed,1,0,1.0,0.0,-1.0,1.0,0.0,-1.0,end_code,eos,294,221
KIVI-2,001843,Text to YAML,T-generation,Text,YAML,both_pass,unchanged,unchanged,1,1,1.0,1.0,0.0,1.0,1.0,0.0,end_code,end_code,367,355
KIVI-2,001844,Text to YAML,T-generation,Text,YAML,both_pass,improved,improved,1,1,0.83,1.0,0.17000000000000004,0.7894736842105263,1.0,0.21052631578947367,end_code,end_code,262,233
KIVI-2,001845,Text to YAML,T-generation,Text,YAML,candidate_only,improved,improved,0,1,0.0,1.0,1.0,0.0,1.0,1.0,end_code,end_code,301,396
KIVI-2,001846,Text to YAML,T-generation,Text,YAML,both_pass,unchanged,unchanged,1,1,1.0,1.0,0.0,1.0,1.0,0.0,end_code,end_code,239,274
KIVI-2,001847,Text to YAML,T-generation,Text,YAML,both_pass,unchanged,unchanged,1,1,0.95,0.95,0.0,0.9333333333333333,0.9333333333333333,0.0,end_code,end_code,395,452
KIVI-2,001848,Text to YAML,T-generation,Text,YAML,both_pass,unchanged,unchanged,1,1,0.95,0.95,0.0,0.9333333333333333,0.9333333333333333,0.0,end_code,end_code,212,387
KIVI-2,001849,Text to YAML,T-generation,Text,YAML,both_pass,improved,improved,1,1,0.62,1.0,0.38,0.5294117647058824,1.0,0.47058823529411764,end_code,end_code,455,403
KIVI-2,020500,CSV to JSON,T-conversion,CSV,JSON,both_fail,unchanged,unchanged,0,0,0.0,0.0,0.0,0.0,0.0,0.0,end_code,end_code,1003,396
KIVI-2,020501,CSV to JSON,T-conversion,CSV,JSON,candidate_only,improved,unchanged,0,1,0.0,0.2,0.2,0.0,0.0,0.0,end_code,end_code,510,608
KIVI-2,020502,CSV to JSON,T-conversion,CSV,JSON,candidate_only,improved,unchanged,0,1,0.0,0.2,0.2,0.0,0.0,0.0,end_code,end_code,534,575
KIVI-2,020503,CSV to JSON,T-conversion,CSV,JSON,fp16_only,regressed,unchanged,1,0,0.2,0.0,-0.2,0.0,0.0,0.0,end_code,end_code,492,342
KIVI-2,020504,CSV to JSON,T-conversion,CSV,JSON,both_fail,unchanged,unchanged,0,0,0.0,0.0,0.0,0.0,0.0,0.0,end_code,end_code,420,421
KIVI-2,020505,CSV to JSON,T-conversion,CSV,JSON,both_fail,unchanged,unchanged,0,0,0.0,0.0,0.0,0.0,0.0,0.0,end_code,end_code,412,493
KIVI-2,020506,CSV to JSON,T-conversion,CSV,JSON,both_fail,unchanged,unchanged,0,0,0.0,0.0,0.0,0.0,0.0,0.0,max_new_tokens,eos,2048,512
KIVI-2,020507,CSV to JSON,T-conversion,CSV,JSON,both_fail,unchanged,unchanged,0,0,0.0,0.0,0.0,0.0,0.0,0.0,end_code,end_code,763,574
KIVI-2,020508,CSV to JSON,T-conversion,CSV,JSON,both_fail,unchanged,unchanged,0,0,0.0,0.0,0.0,0.0,0.0,0.0,end_code,end_code,591,341
KIVI-2,020509,CSV to JSON,T-conversion,CSV,JSON,fp16_only,regressed,unchanged,1,0,0.2,0.0,-0.2,0.0,0.0,0.0,end_code,end_code,321,502
KIVI-2,020510,CSV to JSON,T-conversion,CSV,JSON,fp16_only,regressed,unchanged,1,0,0.2,0.0,-0.2,0.0,0.0,0.0,end_code,end_code,368,818
KIVI-2,020511,CSV to JSON,T-conversion,CSV,JSON,both_fail,unchanged,unchanged,0,0,0.0,0.0,0.0,0.0,0.0,0.0,end_code,end_code,177,292
KIVI-2,020512,CSV to JSON,T-conversion,CSV,JSON,both_fail,unchanged,unchanged,0,0,0.0,0.0,0.0,0.0,0.0,0.0,end_code,end_code,283,406
KIVI-2,020513,CSV to JSON,T-conversion,CSV,JSON,both_fail,unchanged,unchanged,0,0,0.0,0.0,0.0,0.0,0.0,0.0,eos,eos,509,1055
KIVI-2,020514,CSV to JSON,T-conversion,CSV,JSON,both_fail,unchanged,unchanged,0,0,0.0,0.0,0.0,0.0,0.0,0.0,end_code,end_code,354,328
KIVI-2,020515,CSV to JSON,T-conversion,CSV,JSON,both_fail,unchanged,unchanged,0,0,0.0,0.0,0.0,0.0,0.0,0.0,end_code,end_code,353,253
KIVI-2,020516,CSV to JSON,T-conversion,CSV,JSON,fp16_only,regressed,unchanged,1,0,0.2,0.0,-0.2,0.0,0.0,0.0,end_code,end_code,636,1018
KIVI-2,020517,CSV to JSON,T-conversion,CSV,JSON,both_fail,unchanged,unchanged,0,0,0.0,0.0,0.0,0.0,0.0,0.0,end_code,end_code,500,489
KIVI-2,020518,CSV to JSON,T-conversion,CSV,JSON,both_fail,unchanged,unchanged,0,0,0.0,0.0,0.0,0.0,0.0,0.0,end_code,end_code,307,568
KIVI-2,020519,CSV to JSON,T-conversion,CSV,JSON,both_fail,unchanged,unchanged,0,0,0.0,0.0,0.0,0.0,0.0,0.0,end_code,end_code,713,454
KIVI-2,020520,CSV to JSON,T-conversion,CSV,JSON,both_fail,unchanged,unchanged,0,0,0.0,0.0,0.0,0.0,0.0,0.0,end_code,end_code,322,354
KIVI-2,020521,CSV to JSON,T-conversion,CSV,JSON,fp16_only,regressed,unchanged,1,0,0.2,0.0,-0.2,0.0,0.0,0.0,end_code,end_code,707,727
KIVI-2,020522,CSV to JSON,T-conversion,CSV,JSON,candidate_only,improved,unchanged,0,1,0.0,0.2,0.2,0.0,0.0,0.0,end_code,end_code,296,386
KIVI-2,020523,CSV to JSON,T-conversion,CSV,JSON,fp16_only,regressed,unchanged,1,0,0.2,0.0,-0.2,0.0,0.0,0.0,end_code,end_code,577,507
KIVI-2,020524,CSV to JSON,T-conversion,CSV,JSON,both_fail,unchanged,unchanged,0,0,0.0,0.0,0.0,0.0,0.0,0.0,end_code,end_code,357,389
KIVI-2,020525,CSV to JSON,T-conversion,CSV,JSON,both_fail,unchanged,unchanged,0,0,0.0,0.0,0.0,0.0,0.0,0.0,end_code,eos,621,375
KIVI-2,020526,CSV to JSON,T-conversion,CSV,JSON,both_fail,unchanged,unchanged,0,0,0.0,0.0,0.0,0.0,0.0,0.0,end_code,eos,514,621
KIVI-2,020527,CSV to JSON,T-conversion,CSV,JSON,fp16_only,regressed,unchanged,1,0,0.2,0.0,-0.2,0.0,0.0,0.0,end_code,end_code,483,357
KIVI-2,020528,CSV to JSON,T-conversion,CSV,JSON,candidate_only,improved,unchanged,0,1,0.0,0.2,0.2,0.0,0.0,0.0,end_code,end_code,247,296
KIVI-2,020529,CSV to JSON,T-conversion,CSV,JSON,both_fail,unchanged,unchanged,0,0,0.0,0.0,0.0,0.0,0.0,0.0,end_code,end_code,278,212
KIVI-2,020530,CSV to JSON,T-conversion,CSV,JSON,both_fail,unchanged,unchanged,0,0,0.0,0.0,0.0,0.0,0.0,0.0,end_code,end_code,412,911
KIVI-2,020531,CSV to JSON,T-conversion,CSV,JSON,fp16_only,regressed,unchanged,1,0,0.2,0.0,-0.2,0.0,0.0,0.0,end_code,end_code,627,875
KIVI-2,020532,CSV to JSON,T-conversion,CSV,JSON,both_pass,unchanged,unchanged,1,1,0.2,0.2,0.0,0.0,0.0,0.0,end_code,end_code,395,395
KIVI-2,020533,CSV to JSON,T-conversion,CSV,JSON,both_fail,unchanged,unchanged,0,0,0.0,0.0,0.0,0.0,0.0,0.0,end_code,end_code,287,354
KIVI-2,020534,CSV to JSON,T-conversion,CSV,JSON,both_fail,unchanged,unchanged,0,0,0.0,0.0,0.0,0.0,0.0,0.0,end_code,end_code,963,499
KIVI-2,020535,CSV to JSON,T-conversion,CSV,JSON,both_fail,unchanged,unchanged,0,0,0.0,0.0,0.0,0.0,0.0,0.0,end_code,end_code,615,494
KIVI-2,020536,CSV to JSON,T-conversion,CSV,JSON,both_fail,unchanged,unchanged,0,0,0.0,0.0,0.0,0.0,0.0,0.0,end_code,end_code,263,652
KIVI-2,020537,CSV to JSON,T-conversion,CSV,JSON,both_fail,unchanged,unchanged,0,0,0.0,0.0,0.0,0.0,0.0,0.0,end_code,eos,477,531
KIVI-2,020538,CSV to JSON,T-conversion,CSV,JSON,both_fail,unchanged,unchanged,0,0,0.0,0.0,0.0,0.0,0.0,0.0,eos,end_code,253,453
KIVI-2,020539,CSV to JSON,T-conversion,CSV,JSON,both_fail,unchanged,unchanged,0,0,0.0,0.0,0.0,0.0,0.0,0.0,end_code,end_code,260,679
KIVI-2,020540,CSV to JSON,T-conversion,CSV,JSON,both_fail,unchanged,unchanged,0,0,0.0,0.0,0.0,0.0,0.0,0.0,end_code,end_code,272,232
KIVI-2,020541,CSV to JSON,T-conversion,CSV,JSON,both_pass,unchanged,unchanged,1,1,0.2,0.2,0.0,0.0,0.0,0.0,end_code,end_code,588,662
KIVI-2,020542,CSV to JSON,T-conversion,CSV,JSON,both_fail,unchanged,unchanged,0,0,0.0,0.0,0.0,0.0,0.0,0.0,end_code,end_code,506,1360
KIVI-2,020543,CSV to JSON,T-conversion,CSV,JSON,both_fail,unchanged,unchanged,0,0,0.0,0.0,0.0,0.0,0.0,0.0,end_code,eos,267,416
KIVI-2,020544,CSV to JSON,T-conversion,CSV,JSON,both_fail,unchanged,unchanged,0,0,0.0,0.0,0.0,0.0,0.0,0.0,end_code,end_code,269,312
KIVI-2,020545,CSV to JSON,T-conversion,CSV,JSON,candidate_only,improved,improved,0,1,0.0,0.57,0.57,0.0,0.4666666666666667,0.4666666666666667,end_code,end_code,588,630
KIVI-2,020546,CSV to JSON,T-conversion,CSV,JSON,both_fail,unchanged,unchanged,0,0,0.0,0.0,0.0,0.0,0.0,0.0,end_code,eos,227,297
KIVI-2,020547,CSV to JSON,T-conversion,CSV,JSON,candidate_only,improved,unchanged,0,1,0.0,0.2,0.2,0.0,0.0,0.0,end_code,end_code,378,383
KIVI-2,020548,CSV to JSON,T-conversion,CSV,JSON,fp16_only,regressed,unchanged,1,0,0.2,0.0,-0.2,0.0,0.0,0.0,end_code,end_code,510,438
KIVI-2,020549,CSV to JSON,T-conversion,CSV,JSON,both_fail,unchanged,unchanged,0,0,0.0,0.0,0.0,0.0,0.0,0.0,end_code,end_code,430,352
KIVI-2,050200,JSON to CSV,T-conversion,JSON,CSV,both_pass,unchanged,unchanged,1,1,0.87,0.87,0.0,0.8333333333333334,0.8333333333333334,0.0,end_code,end_code,224,227
KIVI-2,050201,JSON to CSV,T-conversion,JSON,CSV,both_pass,improved,improved,1,1,0.89,1.0,0.10999999999999999,0.8571428571428571,1.0,0.1428571428571429,end_code,end_code,260,254
KIVI-2,050202,JSON to CSV,T-conversion,JSON,CSV,both_pass,regressed,regressed,1,1,0.87,0.2,-0.6699999999999999,0.8333333333333334,0.0,-0.8333333333333334,end_code,end_code,226,219
KIVI-2,050203,JSON to CSV,T-conversion,JSON,CSV,both_pass,unchanged,unchanged,1,1,0.87,0.87,0.0,0.8333333333333334,0.8333333333333334,0.0,end_code,end_code,254,456
KIVI-2,050204,JSON to CSV,T-conversion,JSON,CSV,both_pass,unchanged,unchanged,1,1,0.87,0.87,0.0,0.8333333333333334,0.8333333333333334,0.0,end_code,end_code,257,257
KIVI-2,050205,JSON to CSV,T-conversion,JSON,CSV,both_pass,unchanged,unchanged,1,1,0.87,0.87,0.0,0.8333333333333334,0.8333333333333334,0.0,end_code,end_code,241,241
KIVI-2,050206,JSON to CSV,T-conversion,JSON,CSV,both_pass,improved,improved,1,1,0.87,1.0,0.13,0.8333333333333334,1.0,0.16666666666666663,end_code,end_code,257,250
KIVI-2,050207,JSON to CSV,T-conversion,JSON,CSV,both_pass,unchanged,unchanged,1,1,0.87,0.87,0.0,0.8333333333333334,0.8333333333333334,0.0,end_code,end_code,241,241
KIVI-2,050208,JSON to CSV,T-conversion,JSON,CSV,both_pass,unchanged,unchanged,1,1,0.87,0.87,0.0,0.8333333333333334,0.8333333333333334,0.0,end_code,end_code,263,263
KIVI-2,050209,JSON to CSV,T-conversion,JSON,CSV,both_pass,unchanged,unchanged,1,1,0.87,0.87,0.0,0.8333333333333334,0.8333333333333334,0.0,end_code,end_code,243,243
KIVI-2,050210,JSON to CSV,T-conversion,JSON,CSV,both_pass,unchanged,unchanged,1,1,0.2,0.2,0.0,0.0,0.0,0.0,end_code,end_code,259,259
KIVI-2,050211,JSON to CSV,T-conversion,JSON,CSV,both_pass,unchanged,unchanged,1,1,0.87,0.87,0.0,0.8333333333333334,0.8333333333333334,0.0,end_code,end_code,231,231
KIVI-2,050212,JSON to CSV,T-conversion,JSON,CSV,both_pass,unchanged,unchanged,1,1,0.87,0.87,0.0,0.8333333333333334,0.8333333333333334,0.0,end_code,end_code,244,244
KIVI-2,050213,JSON to CSV,T-conversion,JSON,CSV,both_pass,unchanged,unchanged,1,1,0.87,0.87,0.0,0.8333333333333334,0.8333333333333334,0.0,end_code,end_code,264,264
KIVI-2,050214,JSON to CSV,T-conversion,JSON,CSV,both_pass,regressed,regressed,1,1,0.77,0.2,-0.5700000000000001,0.7142857142857143,0.0,-0.7142857142857143,end_code,end_code,287,280
KIVI-2,050215,JSON to CSV,T-conversion,JSON,CSV,both_pass,unchanged,unchanged,1,1,0.87,0.87,0.0,0.8333333333333334,0.8333333333333334,0.0,end_code,end_code,223,223
KIVI-2,050216,JSON to CSV,T-conversion,JSON,CSV,both_pass,unchanged,unchanged,1,1,0.87,0.87,0.0,0.8333333333333334,0.8333333333333334,0.0,end_code,end_code,255,255
KIVI-2,050217,JSON to CSV,T-conversion,JSON,CSV,both_pass,unchanged,unchanged,1,1,0.87,0.87,0.0,0.8333333333333334,0.8333333333333334,0.0,end_code,end_code,247,247
KIVI-2,050218,JSON to CSV,T-conversion,JSON,CSV,both_pass,unchanged,unchanged,1,1,0.89,0.89,0.0,0.8571428571428571,0.8571428571428571,0.0,end_code,end_code,275,275
KIVI-2,050219,JSON to CSV,T-conversion,JSON,CSV,both_pass,unchanged,unchanged,1,1,0.89,0.89,0.0,0.8571428571428571,0.8571428571428571,0.0,end_code,end_code,284,284
KIVI-2,050220,JSON to CSV,T-conversion,JSON,CSV,both_pass,unchanged,unchanged,1,1,0.73,0.73,0.0,0.6666666666666666,0.6666666666666666,0.0,end_code,end_code,266,266
KIVI-2,050221,JSON to CSV,T-conversion,JSON,CSV,both_pass,unchanged,unchanged,1,1,0.89,0.89,0.0,0.8571428571428571,0.8571428571428571,0.0,end_code,end_code,232,232
KIVI-2,050222,JSON to CSV,T-conversion,JSON,CSV,both_pass,unchanged,unchanged,1,1,0.87,0.87,0.0,0.8333333333333334,0.8333333333333334,0.0,end_code,end_code,241,241
KIVI-2,050223,JSON to CSV,T-conversion,JSON,CSV,both_pass,unchanged,unchanged,1,1,0.87,0.87,0.0,0.8333333333333334,0.8333333333333334,0.0,end_code,end_code,259,259
KIVI-2,050224,JSON to CSV,T-conversion,JSON,CSV,both_pass,unchanged,unchanged,1,1,0.73,0.73,0.0,0.6666666666666666,0.6666666666666666,0.0,end_code,end_code,258,258
KIVI-2,050225,JSON to CSV,T-conversion,JSON,CSV,both_pass,unchanged,unchanged,1,1,0.87,0.87,0.0,0.8333333333333334,0.8333333333333334,0.0,end_code,end_code,257,257
KIVI-2,050226,JSON to CSV,T-conversion,JSON,CSV,both_pass,improved,improved,1,1,0.89,1.0,0.10999999999999999,0.8571428571428571,1.0,0.1428571428571429,end_code,end_code,293,286
KIVI-2,050227,JSON to CSV,T-conversion,JSON,CSV,both_pass,improved,improved,1,1,0.87,1.0,0.13,0.8333333333333334,1.0,0.16666666666666663,end_code,end_code,173,195
KIVI-2,050228,JSON to CSV,T-conversion,JSON,CSV,both_pass,unchanged,unchanged,1,1,0.87,0.87,0.0,0.8333333333333334,0.8333333333333334,0.0,end_code,end_code,254,254
KIVI-2,050229,JSON to CSV,T-conversion,JSON,CSV,both_pass,unchanged,unchanged,1,1,0.87,0.87,0.0,0.8333333333333334,0.8333333333333334,0.0,end_code,end_code,189,189
KIVI-2,050230,JSON to CSV,T-conversion,JSON,CSV,both_pass,unchanged,unchanged,1,1,0.87,0.87,0.0,0.8333333333333334,0.8333333333333334,0.0,end_code,end_code,247,247
KIVI-2,050231,JSON to CSV,T-conversion,JSON,CSV,both_pass,unchanged,unchanged,1,1,0.87,0.87,0.0,0.8333333333333334,0.8333333333333334,0.0,end_code,end_code,217,217
KIVI-2,050232,JSON to CSV,T-conversion,JSON,CSV,both_pass,unchanged,unchanged,1,1,0.2,0.2,0.0,0.0,0.0,0.0,end_code,end_code,246,246
KIVI-2,050233,JSON to CSV,T-conversion,JSON,CSV,both_pass,unchanged,unchanged,1,1,0.87,0.87,0.0,0.8333333333333334,0.8333333333333334,0.0,end_code,end_code,214,214
KIVI-2,050234,JSON to CSV,T-conversion,JSON,CSV,both_pass,unchanged,unchanged,1,1,0.2,0.2,0.0,0.0,0.0,0.0,end_code,end_code,228,228
KIVI-2,050235,JSON to CSV,T-conversion,JSON,CSV,both_pass,unchanged,unchanged,1,1,0.87,0.87,0.0,0.8333333333333334,0.8333333333333334,0.0,end_code,end_code,260,473
KIVI-2,050236,JSON to CSV,T-conversion,JSON,CSV,both_pass,unchanged,unchanged,1,1,0.87,0.87,0.0,0.8333333333333334,0.8333333333333334,0.0,end_code,end_code,255,255
KIVI-2,050237,JSON to CSV,T-conversion,JSON,CSV,both_pass,unchanged,unchanged,1,1,0.87,0.87,0.0,0.8333333333333334,0.8333333333333334,0.0,end_code,end_code,243,243
KIVI-2,050238,JSON to CSV,T-conversion,JSON,CSV,both_pass,unchanged,unchanged,1,1,0.73,0.73,0.0,0.6666666666666666,0.6666666666666666,0.0,end_code,end_code,280,280
KIVI-2,050239,JSON to CSV,T-conversion,JSON,CSV,both_pass,unchanged,unchanged,1,1,0.87,0.87,0.0,0.8333333333333334,0.8333333333333334,0.0,end_code,end_code,255,255
KIVI-2,050240,JSON to CSV,T-conversion,JSON,CSV,both_pass,unchanged,unchanged,1,1,0.87,0.87,0.0,0.8333333333333334,0.8333333333333334,0.0,end_code,end_code,252,457
KIVI-2,050241,JSON to CSV,T-conversion,JSON,CSV,both_pass,unchanged,unchanged,1,1,0.87,0.87,0.0,0.8333333333333334,0.8333333333333334,0.0,end_code,end_code,209,209
KIVI-2,050242,JSON to CSV,T-conversion,JSON,CSV,both_pass,unchanged,unchanged,1,1,0.87,0.87,0.0,0.8333333333333334,0.8333333333333334,0.0,end_code,end_code,234,235
KIVI-2,050243,JSON to CSV,T-conversion,JSON,CSV,both_pass,unchanged,unchanged,1,1,0.87,0.87,0.0,0.8333333333333334,0.8333333333333334,0.0,end_code,end_code,280,270
KIVI-2,050244,JSON to CSV,T-conversion,JSON,CSV,both_pass,unchanged,unchanged,1,1,0.89,0.89,0.0,0.8571428571428571,0.8571428571428571,0.0,end_code,end_code,285,285
KIVI-2,050245,JSON to CSV,T-conversion,JSON,CSV,both_pass,unchanged,unchanged,1,1,0.87,0.87,0.0,0.8333333333333334,0.8333333333333334,0.0,end_code,end_code,267,267
KIVI-2,050246,JSON to CSV,T-conversion,JSON,CSV,both_pass,unchanged,unchanged,1,1,0.87,0.87,0.0,0.8333333333333334,0.8333333333333334,0.0,end_code,end_code,282,282
KIVI-2,050247,JSON to CSV,T-conversion,JSON,CSV,both_pass,improved,improved,1,1,0.2,0.73,0.53,0.0,0.6666666666666666,0.6666666666666666,end_code,end_code,287,287
KIVI-2,050248,JSON to CSV,T-conversion,JSON,CSV,both_pass,regressed,regressed,1,1,0.73,0.2,-0.53,0.6666666666666666,0.0,-0.6666666666666666,end_code,end_code,270,270
KIVI-2,050249,JSON to CSV,T-conversion,JSON,CSV,both_pass,unchanged,unchanged,1,1,0.2,0.2,0.0,0.0,0.0,0.0,end_code,end_code,269,256
KIVI-2,170500,XML to JSON,T-conversion,XML,JSON,both_pass,regressed,regressed,1,1,1.0,0.6,-0.4,1.0,0.5,-0.5,end_code,end_code,214,511
KIVI-2,170501,XML to JSON,T-conversion,XML,JSON,candidate_only,improved,improved,0,1,0.0,0.33,0.33,0.0,0.16666666666666666,0.16666666666666666,end_code,end_code,412,313
KIVI-2,170502,XML to JSON,T-conversion,XML,JSON,both_fail,unchanged,unchanged,0,0,0.0,0.0,0.0,0.0,0.0,0.0,end_code,end_code,575,285
KIVI-2,170503,XML to JSON,T-conversion,XML,JSON,both_fail,unchanged,unchanged,0,0,0.0,0.0,0.0,0.0,0.0,0.0,end_code,end_code,257,190
KIVI-2,170504,XML to JSON,T-conversion,XML,JSON,candidate_only,improved,improved,0,1,0.0,1.0,1.0,0.0,1.0,1.0,end_code,end_code,503,271
KIVI-2,170505,XML to JSON,T-conversion,XML,JSON,both_fail,unchanged,unchanged,0,0,0.0,0.0,0.0,0.0,0.0,0.0,end_code,end_code,422,417
KIVI-2,170506,XML to JSON,T-conversion,XML,JSON,both_pass,unchanged,unchanged,1,1,1.0,1.0,0.0,1.0,1.0,0.0,end_code,end_code,294,252
KIVI-2,170507,XML to JSON,T-conversion,XML,JSON,both_fail,unchanged,unchanged,0,0,0.0,0.0,0.0,0.0,0.0,0.0,end_code,end_code,191,187
KIVI-2,170508,XML to JSON,T-conversion,XML,JSON,both_fail,unchanged,unchanged,0,0,0.0,0.0,0.0,0.0,0.0,0.0,end_code,end_code,280,206
KIVI-2,170509,XML to JSON,T-conversion,XML,JSON,both_pass,unchanged,unchanged,1,1,1.0,1.0,0.0,1.0,1.0,0.0,end_code,end_code,324,350
KIVI-2,170510,XML to JSON,T-conversion,XML,JSON,both_fail,unchanged,unchanged,0,0,0.0,0.0,0.0,0.0,0.0,0.0,end_code,end_code,276,203
KIVI-2,170511,XML to JSON,T-conversion,XML,JSON,candidate_only,improved,improved,0,1,0.0,1.0,1.0,0.0,1.0,1.0,end_code,end_code,876,387
KIVI-2,170512,XML to JSON,T-conversion,XML,JSON,both_fail,unchanged,unchanged,0,0,0.0,0.0,0.0,0.0,0.0,0.0,end_code,end_code,214,176
KIVI-2,170513,XML to JSON,T-conversion,XML,JSON,fp16_only,regressed,unchanged,1,0,0.2,0.0,-0.2,0.0,0.0,0.0,end_code,end_code,209,192
KIVI-2,170514,XML to JSON,T-conversion,XML,JSON,both_pass,improved,improved,1,1,0.8,1.0,0.19999999999999996,0.75,1.0,0.25,end_code,end_code,242,259
KIVI-2,170515,XML to JSON,T-conversion,XML,JSON,both_fail,unchanged,unchanged,0,0,0.0,0.0,0.0,0.0,0.0,0.0,end_code,end_code,287,221
KIVI-2,170516,XML to JSON,T-conversion,XML,JSON,both_fail,unchanged,unchanged,0,0,0.0,0.0,0.0,0.0,0.0,0.0,end_code,end_code,219,221
KIVI-2,170517,XML to JSON,T-conversion,XML,JSON,fp16_only,regressed,regressed,1,0,1.0,0.0,-1.0,1.0,0.0,-1.0,end_code,end_code,260,301
KIVI-2,170518,XML to JSON,T-conversion,XML,JSON,both_fail,unchanged,unchanged,0,0,0.0,0.0,0.0,0.0,0.0,0.0,end_code,end_code,567,264
KIVI-2,170519,XML to JSON,T-conversion,XML,JSON,candidate_only,improved,improved,0,1,0.0,1.0,1.0,0.0,1.0,1.0,end_code,end_code,258,230
KIVI-2,170520,XML to JSON,T-conversion,XML,JSON,candidate_only,improved,improved,0,1,0.0,1.0,1.0,0.0,1.0,1.0,end_code,end_code,267,215
KIVI-2,170521,XML to JSON,T-conversion,XML,JSON,both_fail,unchanged,unchanged,0,0,0.0,0.0,0.0,0.0,0.0,0.0,end_code,end_code,259,234
KIVI-2,170522,XML to JSON,T-conversion,XML,JSON,both_fail,unchanged,unchanged,0,0,0.0,0.0,0.0,0.0,0.0,0.0,end_code,end_code,495,441
KIVI-2,170523,XML to JSON,T-conversion,XML,JSON,both_fail,unchanged,unchanged,0,0,0.0,0.0,0.0,0.0,0.0,0.0,end_code,end_code,221,206
KIVI-2,170524,XML to JSON,T-conversion,XML,JSON,both_fail,unchanged,unchanged,0,0,0.0,0.0,0.0,0.0,0.0,0.0,end_code,end_code,729,324
KIVI-2,170525,XML to JSON,T-conversion,XML,JSON,both_fail,unchanged,unchanged,0,0,0.0,0.0,0.0,0.0,0.0,0.0,end_code,end_code,169,174
KIVI-2,170526,XML to JSON,T-conversion,XML,JSON,both_pass,unchanged,unchanged,1,1,0.2,0.2,0.0,0.0,0.0,0.0,end_code,end_code,193,193
KIVI-2,170527,XML to JSON,T-conversion,XML,JSON,candidate_only,improved,improved,0,1,0.0,0.8,0.8,0.0,0.75,0.75,end_code,end_code,216,226
KIVI-2,170528,XML to JSON,T-conversion,XML,JSON,both_pass,regressed,regressed,1,1,1.0,0.2,-0.8,1.0,0.0,-1.0,end_code,end_code,179,205
KIVI-2,170529,XML to JSON,T-conversion,XML,JSON,candidate_only,improved,improved,0,1,0.0,1.0,1.0,0.0,1.0,1.0,end_code,end_code,266,258
KIVI-2,170530,XML to JSON,T-conversion,XML,JSON,fp16_only,regressed,regressed,1,0,1.0,0.0,-1.0,1.0,0.0,-1.0,end_code,eos,228,204
KIVI-2,170531,XML to JSON,T-conversion,XML,JSON,fp16_only,regressed,regressed,1,0,1.0,0.0,-1.0,1.0,0.0,-1.0,end_code,end_code,205,196
KIVI-2,170532,XML to JSON,T-conversion,XML,JSON,fp16_only,regressed,regressed,1,0,1.0,0.0,-1.0,1.0,0.0,-1.0,end_code,end_code,237,181
KIVI-2,170533,XML to JSON,T-conversion,XML,JSON,both_fail,unchanged,unchanged,0,0,0.0,0.0,0.0,0.0,0.0,0.0,end_code,end_code,384,219
KIVI-2,170534,XML to JSON,T-conversion,XML,JSON,both_fail,unchanged,unchanged,0,0,0.0,0.0,0.0,0.0,0.0,0.0,end_code,end_code,222,217
KIVI-2,170535,XML to JSON,T-conversion,XML,JSON,fp16_only,regressed,regressed,1,0,1.0,0.0,-1.0,1.0,0.0,-1.0,end_code,end_code,337,273
KIVI-2,170536,XML to JSON,T-conversion,XML,JSON,fp16_only,regressed,regressed,1,0,1.0,0.0,-1.0,1.0,0.0,-1.0,end_code,end_code,339,281
KIVI-2,170537,XML to JSON,T-conversion,XML,JSON,both_fail,unchanged,unchanged,0,0,0.0,0.0,0.0,0.0,0.0,0.0,end_code,end_code,474,231
KIVI-2,170538,XML to JSON,T-conversion,XML,JSON,both_fail,unchanged,unchanged,0,0,0.0,0.0,0.0,0.0,0.0,0.0,end_code,end_code,939,374
KIVI-2,170539,XML to JSON,T-conversion,XML,JSON,both_fail,unchanged,unchanged,0,0,0.0,0.0,0.0,0.0,0.0,0.0,end_code,end_code,275,202
KIVI-2,170540,XML to JSON,T-conversion,XML,JSON,both_fail,unchanged,unchanged,0,0,0.0,0.0,0.0,0.0,0.0,0.0,end_code,end_code,487,260
KIVI-2,170541,XML to JSON,T-conversion,XML,JSON,both_fail,unchanged,unchanged,0,0,0.0,0.0,0.0,0.0,0.0,0.0,end_code,eos,474,280
KIVI-2,170542,XML to JSON,T-conversion,XML,JSON,both_pass,improved,improved,1,1,0.2,0.73,0.53,0.0,0.6666666666666666,0.6666666666666666,end_code,end_code,125,165
KIVI-2,170543,XML to JSON,T-conversion,XML,JSON,candidate_only,improved,improved,0,1,0.0,1.0,1.0,0.0,1.0,1.0,end_code,end_code,470,233
KIVI-2,170544,XML to JSON,T-conversion,XML,JSON,fp16_only,regressed,regressed,1,0,1.0,0.0,-1.0,1.0,0.0,-1.0,end_code,end_code,211,283
KIVI-2,170545,XML to JSON,T-conversion,XML,JSON,both_fail,unchanged,unchanged,0,0,0.0,0.0,0.0,0.0,0.0,0.0,end_code,end_code,185,135
KIVI-2,170546,XML to JSON,T-conversion,XML,JSON,both_fail,unchanged,unchanged,0,0,0.0,0.0,0.0,0.0,0.0,0.0,end_code,end_code,281,213
KIVI-2,170547,XML to JSON,T-conversion,XML,JSON,fp16_only,regressed,regressed,1,0,1.0,0.0,-1.0,1.0,0.0,-1.0,end_code,end_code,255,244
KIVI-2,170548,XML to JSON,T-conversion,XML,JSON,both_fail,unchanged,unchanged,0,0,0.0,0.0,0.0,0.0,0.0,0.0,end_code,end_code,255,210
KIVI-2,170549,XML to JSON,T-conversion,XML,JSON,both_fail,unchanged,unchanged,0,0,0.0,0.0,0.0,0.0,0.0,0.0,end_code,end_code,216,158
KIVI-2,051700,JSON to XML,T-conversion,JSON,XML,both_fail,unchanged,unchanged,0,0,0.0,0.0,0.0,0.0,0.0,0.0,end_code,end_code,253,243
KIVI-2,051701,JSON to XML,T-conversion,JSON,XML,both_fail,unchanged,unchanged,0,0,0.0,0.0,0.0,0.0,0.0,0.0,end_code,end_code,178,232
KIVI-2,051702,JSON to XML,T-conversion,JSON,XML,both_fail,unchanged,unchanged,0,0,0.0,0.0,0.0,0.0,0.0,0.0,end_code,end_code,228,342
KIVI-2,051703,JSON to XML,T-conversion,JSON,XML,both_fail,unchanged,unchanged,0,0,0.0,0.0,0.0,0.0,0.0,0.0,end_code,end_code,267,882
KIVI-2,051704,JSON to XML,T-conversion,JSON,XML,candidate_only,improved,unchanged,0,1,0.0,0.2,0.2,0.0,0.0,0.0,end_code,end_code,195,266
KIVI-2,051705,JSON to XML,T-conversion,JSON,XML,both_fail,unchanged,unchanged,0,0,0.0,0.0,0.0,0.0,0.0,0.0,end_code,end_code,258,279
KIVI-2,051706,JSON to XML,T-conversion,JSON,XML,both_fail,unchanged,unchanged,0,0,0.0,0.0,0.0,0.0,0.0,0.0,end_code,end_code,216,251
KIVI-2,051707,JSON to XML,T-conversion,JSON,XML,candidate_only,improved,improved,0,1,0.0,0.71,0.71,0.0,0.6363636363636364,0.6363636363636364,end_code,end_code,342,269
KIVI-2,051708,JSON to XML,T-conversion,JSON,XML,both_fail,unchanged,unchanged,0,0,0.0,0.0,0.0,0.0,0.0,0.0,end_code,max_new_tokens,286,2048
KIVI-2,051709,JSON to XML,T-conversion,JSON,XML,candidate_only,improved,improved,0,1,0.0,1.0,1.0,0.0,1.0,1.0,end_code,end_code,268,380
KIVI-2,051710,JSON to XML,T-conversion,JSON,XML,both_fail,unchanged,unchanged,0,0,0.0,0.0,0.0,0.0,0.0,0.0,end_code,end_code,198,317
KIVI-2,051711,JSON to XML,T-conversion,JSON,XML,both_fail,unchanged,unchanged,0,0,0.0,0.0,0.0,0.0,0.0,0.0,end_code,end_code,190,284
KIVI-2,051712,JSON to XML,T-conversion,JSON,XML,both_fail,unchanged,unchanged,0,0,0.0,0.0,0.0,0.0,0.0,0.0,end_code,end_code,416,299
KIVI-2,051713,JSON to XML,T-conversion,JSON,XML,candidate_only,improved,unchanged,0,1,0.0,0.2,0.2,0.0,0.0,0.0,end_code,end_code,718,447
KIVI-2,051714,JSON to XML,T-conversion,JSON,XML,candidate_only,improved,improved,0,1,0.0,0.85,0.85,0.0,0.8181818181818182,0.8181818181818182,end_code,end_code,247,299
KIVI-2,051715,JSON to XML,T-conversion,JSON,XML,both_fail,unchanged,unchanged,0,0,0.0,0.0,0.0,0.0,0.0,0.0,end_code,end_code,252,232
KIVI-2,051716,JSON to XML,T-conversion,JSON,XML,candidate_only,improved,improved,0,1,0.0,1.0,1.0,0.0,1.0,1.0,end_code,end_code,254,285
KIVI-2,051717,JSON to XML,T-conversion,JSON,XML,both_fail,unchanged,unchanged,0,0,0.0,0.0,0.0,0.0,0.0,0.0,end_code,end_code,151,186
KIVI-2,051718,JSON to XML,T-conversion,JSON,XML,candidate_only,improved,improved,0,1,0.0,0.71,0.71,0.0,0.6363636363636364,0.6363636363636364,end_code,end_code,227,273
KIVI-2,051719,JSON to XML,T-conversion,JSON,XML,candidate_only,improved,unchanged,0,1,0.0,0.2,0.2,0.0,0.0,0.0,end_code,end_code,183,214
KIVI-2,051720,JSON to XML,T-conversion,JSON,XML,candidate_only,improved,improved,0,1,0.0,0.33,0.33,0.0,0.16666666666666666,0.16666666666666666,end_code,end_code,258,303
KIVI-2,051721,JSON to XML,T-conversion,JSON,XML,candidate_only,improved,improved,0,1,0.0,0.85,0.85,0.0,0.8181818181818182,0.8181818181818182,end_code,end_code,384,298
KIVI-2,051722,JSON to XML,T-conversion,JSON,XML,both_fail,unchanged,unchanged,0,0,0.0,0.0,0.0,0.0,0.0,0.0,end_code,end_code,152,240
KIVI-2,051723,JSON to XML,T-conversion,JSON,XML,candidate_only,improved,improved,0,1,0.0,1.0,1.0,0.0,1.0,1.0,end_code,end_code,253,196
KIVI-2,051724,JSON to XML,T-conversion,JSON,XML,both_fail,unchanged,unchanged,0,0,0.0,0.0,0.0,0.0,0.0,0.0,end_code,end_code,183,209
KIVI-2,051725,JSON to XML,T-conversion,JSON,XML,candidate_only,improved,improved,0,1,0.0,1.0,1.0,0.0,1.0,1.0,end_code,end_code,264,316
KIVI-2,051726,JSON to XML,T-conversion,JSON,XML,candidate_only,improved,unchanged,0,1,0.0,0.2,0.2,0.0,0.0,0.0,end_code,end_code,183,240
KIVI-2,051727,JSON to XML,T-conversion,JSON,XML,candidate_only,improved,improved,0,1,0.0,0.85,0.85,0.0,0.8181818181818182,0.8181818181818182,end_code,end_code,269,367
KIVI-2,051728,JSON to XML,T-conversion,JSON,XML,candidate_only,improved,unchanged,0,1,0.0,0.2,0.2,0.0,0.0,0.0,end_code,end_code,216,258
KIVI-2,051729,JSON to XML,T-conversion,JSON,XML,candidate_only,improved,unchanged,0,1,0.0,0.2,0.2,0.0,0.0,0.0,end_code,end_code,276,312
KIVI-2,051730,JSON to XML,T-conversion,JSON,XML,both_fail,unchanged,unchanged,0,0,0.0,0.0,0.0,0.0,0.0,0.0,end_code,eos,224,266
KIVI-2,051731,JSON to XML,T-conversion,JSON,XML,candidate_only,improved,improved,0,1,0.0,1.0,1.0,0.0,1.0,1.0,end_code,end_code,251,194
KIVI-2,051732,JSON to XML,T-conversion,JSON,XML,both_fail,unchanged,unchanged,0,0,0.0,0.0,0.0,0.0,0.0,0.0,end_code,end_code,252,248
KIVI-2,051733,JSON to XML,T-conversion,JSON,XML,candidate_only,improved,improved,0,1,0.0,0.4,0.4,0.0,0.25,0.25,end_code,end_code,148,280
KIVI-2,051734,JSON to XML,T-conversion,JSON,XML,candidate_only,improved,improved,0,1,0.0,0.8,0.8,0.0,0.75,0.75,end_code,end_code,194,222
KIVI-2,051735,JSON to XML,T-conversion,JSON,XML,candidate_only,improved,improved,0,1,0.0,0.4,0.4,0.0,0.25,0.25,end_code,end_code,187,274
KIVI-2,051736,JSON to XML,T-conversion,JSON,XML,candidate_only,improved,improved,0,1,0.0,1.0,1.0,0.0,1.0,1.0,end_code,end_code,248,309
KIVI-2,051737,JSON to XML,T-conversion,JSON,XML,candidate_only,improved,improved,0,1,0.0,1.0,1.0,0.0,1.0,1.0,end_code,end_code,214,197
KIVI-2,051738,JSON to XML,T-conversion,JSON,XML,candidate_only,improved,improved,0,1,0.0,0.4,0.4,0.0,0.25,0.25,end_code,end_code,129,352
KIVI-2,051739,JSON to XML,T-conversion,JSON,XML,candidate_only,improved,improved,0,1,0.0,0.4,0.4,0.0,0.25,0.25,end_code,end_code,145,268
KIVI-2,051740,JSON to XML,T-conversion,JSON,XML,both_fail,unchanged,unchanged,0,0,0.0,0.0,0.0,0.0,0.0,0.0,end_code,end_code,259,398
KIVI-2,051741,JSON to XML,T-conversion,JSON,XML,candidate_only,improved,improved,0,1,0.0,1.0,1.0,0.0,1.0,1.0,end_code,end_code,196,204
KIVI-2,051742,JSON to XML,T-conversion,JSON,XML,both_fail,unchanged,unchanged,0,0,0.0,0.0,0.0,0.0,0.0,0.0,end_code,end_code,251,203
KIVI-2,051743,JSON to XML,T-conversion,JSON,XML,both_fail,unchanged,unchanged,0,0,0.0,0.0,0.0,0.0,0.0,0.0,end_code,end_code,184,644
KIVI-2,051744,JSON to XML,T-conversion,JSON,XML,candidate_only,improved,improved,0,1,0.0,0.4,0.4,0.0,0.25,0.25,end_code,end_code,150,357
KIVI-2,051745,JSON to XML,T-conversion,JSON,XML,both_fail,unchanged,unchanged,0,0,0.0,0.0,0.0,0.0,0.0,0.0,end_code,end_code,217,324
KIVI-2,051746,JSON to XML,T-conversion,JSON,XML,candidate_only,improved,unchanged,0,1,0.0,0.2,0.2,0.0,0.0,0.0,end_code,end_code,266,312
KIVI-2,051747,JSON to XML,T-conversion,JSON,XML,candidate_only,improved,improved,0,1,0.0,0.92,0.92,0.0,0.9,0.9,end_code,end_code,385,299
KIVI-2,051748,JSON to XML,T-conversion,JSON,XML,candidate_only,improved,improved,0,1,0.0,0.88,0.88,0.0,0.8461538461538461,0.8461538461538461,end_code,end_code,249,301
KIVI-2,051749,JSON to XML,T-conversion,JSON,XML,both_fail,unchanged,unchanged,0,0,0.0,0.0,0.0,0.0,0.0,0.0,end_code,end_code,151,148
KIVI-2,180500,YAML to JSON,T-conversion,YAML,JSON,both_pass,unchanged,unchanged,1,1,1.0,1.0,0.0,1.0,1.0,0.0,end_code,end_code,361,385
KIVI-2,180501,YAML to JSON,T-conversion,YAML,JSON,both_pass,unchanged,unchanged,1,1,1.0,1.0,0.0,1.0,1.0,0.0,end_code,end_code,625,604
KIVI-2,180502,YAML to JSON,T-conversion,YAML,JSON,both_pass,unchanged,unchanged,1,1,1.0,1.0,0.0,1.0,1.0,0.0,end_code,end_code,441,533
KIVI-2,180503,YAML to JSON,T-conversion,YAML,JSON,both_pass,unchanged,unchanged,1,1,1.0,1.0,0.0,1.0,1.0,0.0,end_code,end_code,292,371
KIVI-2,180504,YAML to JSON,T-conversion,YAML,JSON,fp16_only,regressed,regressed,1,0,1.0,0.0,-1.0,1.0,0.0,-1.0,end_code,end_code,424,670
KIVI-2,180505,YAML to JSON,T-conversion,YAML,JSON,candidate_only,improved,improved,0,1,0.0,1.0,1.0,0.0,1.0,1.0,end_code,end_code,408,426
KIVI-2,180506,YAML to JSON,T-conversion,YAML,JSON,fp16_only,regressed,regressed,1,0,1.0,0.0,-1.0,1.0,0.0,-1.0,end_code,end_code,474,473
KIVI-2,180507,YAML to JSON,T-conversion,YAML,JSON,both_pass,unchanged,unchanged,1,1,1.0,1.0,0.0,1.0,1.0,0.0,end_code,end_code,405,430
KIVI-2,180508,YAML to JSON,T-conversion,YAML,JSON,fp16_only,regressed,regressed,1,0,1.0,0.0,-1.0,1.0,0.0,-1.0,end_code,end_code,454,480
KIVI-2,180509,YAML to JSON,T-conversion,YAML,JSON,fp16_only,regressed,regressed,1,0,0.96,0.0,-0.96,0.95,0.0,-0.95,end_code,end_code,351,360
KIVI-2,180510,YAML to JSON,T-conversion,YAML,JSON,fp16_only,regressed,regressed,1,0,1.0,0.0,-1.0,1.0,0.0,-1.0,end_code,eos,399,470
KIVI-2,180511,YAML to JSON,T-conversion,YAML,JSON,both_pass,unchanged,unchanged,1,1,1.0,1.0,0.0,1.0,1.0,0.0,end_code,end_code,338,349
KIVI-2,180512,YAML to JSON,T-conversion,YAML,JSON,fp16_only,regressed,regressed,1,0,1.0,0.0,-1.0,1.0,0.0,-1.0,end_code,end_code,425,291
KIVI-2,180513,YAML to JSON,T-conversion,YAML,JSON,fp16_only,regressed,regressed,1,0,1.0,0.0,-1.0,1.0,0.0,-1.0,end_code,end_code,355,371
KIVI-2,180514,YAML to JSON,T-conversion,YAML,JSON,both_pass,unchanged,unchanged,1,1,1.0,1.0,0.0,1.0,1.0,0.0,end_code,end_code,455,424
KIVI-2,180515,YAML to JSON,T-conversion,YAML,JSON,both_pass,unchanged,unchanged,1,1,1.0,1.0,0.0,1.0,1.0,0.0,end_code,end_code,455,486
KIVI-2,180516,YAML to JSON,T-conversion,YAML,JSON,fp16_only,regressed,regressed,1,0,1.0,0.0,-1.0,1.0,0.0,-1.0,end_code,end_code,480,441
KIVI-2,180517,YAML to JSON,T-conversion,YAML,JSON,both_pass,unchanged,unchanged,1,1,1.0,1.0,0.0,1.0,1.0,0.0,end_code,end_code,398,525
KIVI-2,180518,YAML to JSON,T-conversion,YAML,JSON,both_pass,unchanged,unchanged,1,1,1.0,1.0,0.0,1.0,1.0,0.0,end_code,end_code,464,492
KIVI-2,180519,YAML to JSON,T-conversion,YAML,JSON,fp16_only,regressed,regressed,1,0,1.0,0.0,-1.0,1.0,0.0,-1.0,end_code,end_code,525,579
KIVI-2,180520,YAML to JSON,T-conversion,YAML,JSON,fp16_only,regressed,regressed,1,0,1.0,0.0,-1.0,1.0,0.0,-1.0,end_code,end_code,431,622
KIVI-2,180521,YAML to JSON,T-conversion,YAML,JSON,both_pass,unchanged,unchanged,1,1,1.0,1.0,0.0,1.0,1.0,0.0,end_code,end_code,449,484
KIVI-2,180522,YAML to JSON,T-conversion,YAML,JSON,fp16_only,regressed,regressed,1,0,1.0,0.0,-1.0,1.0,0.0,-1.0,end_code,end_code,546,565
KIVI-2,180523,YAML to JSON,T-conversion,YAML,JSON,both_fail,unchanged,unchanged,0,0,0.0,0.0,0.0,0.0,0.0,0.0,end_code,end_code,497,464
KIVI-2,180524,YAML to JSON,T-conversion,YAML,JSON,fp16_only,regressed,regressed,1,0,1.0,0.0,-1.0,1.0,0.0,-1.0,end_code,eos,385,317
KIVI-2,180525,YAML to JSON,T-conversion,YAML,JSON,both_pass,regressed,regressed,1,1,1.0,0.86,-0.14,1.0,0.8260869565217391,-0.17391304347826086,end_code,end_code,385,398
KIVI-2,180526,YAML to JSON,T-conversion,YAML,JSON,fp16_only,regressed,regressed,1,0,1.0,0.0,-1.0,1.0,0.0,-1.0,end_code,end_code,417,427
KIVI-2,180527,YAML to JSON,T-conversion,YAML,JSON,fp16_only,regressed,regressed,1,0,1.0,0.0,-1.0,1.0,0.0,-1.0,end_code,end_code,537,530
KIVI-2,180528,YAML to JSON,T-conversion,YAML,JSON,both_pass,regressed,regressed,1,1,0.84,0.8,-0.039999999999999925,0.8,0.75,-0.050000000000000044,end_code,end_code,368,659
KIVI-2,180529,YAML to JSON,T-conversion,YAML,JSON,fp16_only,regressed,regressed,1,0,1.0,0.0,-1.0,1.0,0.0,-1.0,end_code,eos,512,642
KIVI-2,180530,YAML to JSON,T-conversion,YAML,JSON,candidate_only,improved,improved,0,1,0.0,1.0,1.0,0.0,1.0,1.0,end_code,end_code,564,505
KIVI-2,180531,YAML to JSON,T-conversion,YAML,JSON,both_pass,unchanged,unchanged,1,1,1.0,1.0,0.0,1.0,1.0,0.0,end_code,end_code,478,446
KIVI-2,180532,YAML to JSON,T-conversion,YAML,JSON,fp16_only,regressed,regressed,1,0,1.0,0.0,-1.0,1.0,0.0,-1.0,end_code,end_code,423,455
KIVI-2,180533,YAML to JSON,T-conversion,YAML,JSON,fp16_only,regressed,regressed,1,0,1.0,0.0,-1.0,1.0,0.0,-1.0,end_code,end_code,350,339
KIVI-2,180534,YAML to JSON,T-conversion,YAML,JSON,fp16_only,regressed,regressed,1,0,1.0,0.0,-1.0,1.0,0.0,-1.0,end_code,eos,436,465
KIVI-2,180535,YAML to JSON,T-conversion,YAML,JSON,fp16_only,regressed,regressed,1,0,1.0,0.0,-1.0,1.0,0.0,-1.0,end_code,end_code,413,408
KIVI-2,180536,YAML to JSON,T-conversion,YAML,JSON,both_fail,unchanged,unchanged,0,0,0.0,0.0,0.0,0.0,0.0,0.0,end_code,end_code,539,649
KIVI-2,180537,YAML to JSON,T-conversion,YAML,JSON,fp16_only,regressed,regressed,1,0,1.0,0.0,-1.0,1.0,0.0,-1.0,end_code,end_code,501,509
KIVI-2,180538,YAML to JSON,T-conversion,YAML,JSON,both_pass,unchanged,unchanged,1,1,1.0,1.0,0.0,1.0,1.0,0.0,end_code,end_code,502,536
KIVI-2,180539,YAML to JSON,T-conversion,YAML,JSON,both_pass,unchanged,unchanged,1,1,1.0,1.0,0.0,1.0,1.0,0.0,end_code,end_code,396,403
KIVI-2,180540,YAML to JSON,T-conversion,YAML,JSON,fp16_only,regressed,regressed,1,0,1.0,0.0,-1.0,1.0,0.0,-1.0,end_code,end_code,574,933
KIVI-2,180541,YAML to JSON,T-conversion,YAML,JSON,both_pass,unchanged,unchanged,1,1,1.0,1.0,0.0,1.0,1.0,0.0,end_code,end_code,501,501
KIVI-2,180542,YAML to JSON,T-conversion,YAML,JSON,both_pass,unchanged,unchanged,1,1,1.0,1.0,0.0,1.0,1.0,0.0,end_code,end_code,387,564
KIVI-2,180543,YAML to JSON,T-conversion,YAML,JSON,both_pass,unchanged,unchanged,1,1,1.0,1.0,0.0,1.0,1.0,0.0,end_code,end_code,433,432
KIVI-2,180544,YAML to JSON,T-conversion,YAML,JSON,fp16_only,regressed,regressed,1,0,1.0,0.0,-1.0,1.0,0.0,-1.0,end_code,eos,367,371
KIVI-2,180545,YAML to JSON,T-conversion,YAML,JSON,fp16_only,regressed,regressed,1,0,1.0,0.0,-1.0,1.0,0.0,-1.0,end_code,end_code,441,416
KIVI-2,180546,YAML to JSON,T-conversion,YAML,JSON,fp16_only,regressed,regressed,1,0,1.0,0.0,-1.0,1.0,0.0,-1.0,end_code,end_code,491,539
KIVI-2,180547,YAML to JSON,T-conversion,YAML,JSON,fp16_only,regressed,regressed,1,0,1.0,0.0,-1.0,1.0,0.0,-1.0,end_code,eos,476,574
KIVI-2,180548,YAML to JSON,T-conversion,YAML,JSON,fp16_only,regressed,regressed,1,0,1.0,0.0,-1.0,1.0,0.0,-1.0,end_code,end_code,500,414
KIVI-2,180549,YAML to JSON,T-conversion,YAML,JSON,fp16_only,regressed,regressed,1,0,1.0,0.0,-1.0,1.0,0.0,-1.0,end_code,end_code,324,312
KIVI-2,051800,JSON to YAML,T-conversion,JSON,YAML,both_pass,unchanged,unchanged,1,1,1.0,1.0,0.0,1.0,1.0,0.0,end_code,end_code,229,226
KIVI-2,051801,JSON to YAML,T-conversion,JSON,YAML,both_pass,unchanged,unchanged,1,1,1.0,1.0,0.0,1.0,1.0,0.0,end_code,end_code,231,227
KIVI-2,051802,JSON to YAML,T-conversion,JSON,YAML,both_pass,unchanged,unchanged,1,1,1.0,1.0,0.0,1.0,1.0,0.0,end_code,end_code,193,193
KIVI-2,051803,JSON to YAML,T-conversion,JSON,YAML,both_fail,unchanged,unchanged,0,0,0.0,0.0,0.0,0.0,0.0,0.0,end_code,eos,389,512
KIVI-2,051804,JSON to YAML,T-conversion,JSON,YAML,both_pass,unchanged,unchanged,1,1,1.0,1.0,0.0,1.0,1.0,0.0,end_code,end_code,230,230
KIVI-2,051805,JSON to YAML,T-conversion,JSON,YAML,candidate_only,improved,unchanged,0,1,0.0,0.2,0.2,0.0,0.0,0.0,end_code,end_code,264,248
KIVI-2,051806,JSON to YAML,T-conversion,JSON,YAML,both_fail,unchanged,unchanged,0,0,0.0,0.0,0.0,0.0,0.0,0.0,end_code,end_code,274,226
KIVI-2,051807,JSON to YAML,T-conversion,JSON,YAML,both_pass,unchanged,unchanged,1,1,1.0,1.0,0.0,1.0,1.0,0.0,end_code,end_code,214,218
KIVI-2,051808,JSON to YAML,T-conversion,JSON,YAML,both_fail,unchanged,unchanged,0,0,0.0,0.0,0.0,0.0,0.0,0.0,end_code,end_code,386,367
KIVI-2,051809,JSON to YAML,T-conversion,JSON,YAML,both_pass,unchanged,unchanged,1,1,1.0,1.0,0.0,1.0,1.0,0.0,end_code,end_code,192,192
KIVI-2,051810,JSON to YAML,T-conversion,JSON,YAML,both_pass,unchanged,unchanged,1,1,1.0,1.0,0.0,1.0,1.0,0.0,end_code,end_code,244,243
KIVI-2,051811,JSON to YAML,T-conversion,JSON,YAML,candidate_only,improved,improved,0,1,0.0,1.0,1.0,0.0,1.0,1.0,end_code,end_code,303,234
KIVI-2,051812,JSON to YAML,T-conversion,JSON,YAML,candidate_only,improved,improved,0,1,0.0,1.0,1.0,0.0,1.0,1.0,end_code,end_code,227,249
KIVI-2,051813,JSON to YAML,T-conversion,JSON,YAML,both_pass,regressed,regressed,1,1,1.0,0.84,-0.16000000000000003,1.0,0.8,-0.19999999999999996,end_code,end_code,228,228
KIVI-2,051814,JSON to YAML,T-conversion,JSON,YAML,both_pass,unchanged,unchanged,1,1,1.0,1.0,0.0,1.0,1.0,0.0,end_code,end_code,433,433
KIVI-2,051815,JSON to YAML,T-conversion,JSON,YAML,both_pass,unchanged,unchanged,1,1,1.0,1.0,0.0,1.0,1.0,0.0,end_code,end_code,293,293
KIVI-2,051816,JSON to YAML,T-conversion,JSON,YAML,fp16_only,regressed,regressed,1,0,1.0,0.0,-1.0,1.0,0.0,-1.0,end_code,end_code,201,219
KIVI-2,051817,JSON to YAML,T-conversion,JSON,YAML,fp16_only,regressed,regressed,1,0,1.0,0.0,-1.0,1.0,0.0,-1.0,end_code,end_code,242,218
KIVI-2,051818,JSON to YAML,T-conversion,JSON,YAML,both_pass,unchanged,unchanged,1,1,1.0,1.0,0.0,1.0,1.0,0.0,end_code,end_code,288,288
KIVI-2,051819,JSON to YAML,T-conversion,JSON,YAML,candidate_only,improved,improved,0,1,0.0,1.0,1.0,0.0,1.0,1.0,end_code,end_code,311,230
KIVI-2,051820,JSON to YAML,T-conversion,JSON,YAML,both_pass,unchanged,unchanged,1,1,1.0,1.0,0.0,1.0,1.0,0.0,end_code,end_code,214,192
KIVI-2,051821,JSON to YAML,T-conversion,JSON,YAML,fp16_only,regressed,regressed,1,0,1.0,0.0,-1.0,1.0,0.0,-1.0,end_code,end_code,327,614
KIVI-2,051822,JSON to YAML,T-conversion,JSON,YAML,both_pass,unchanged,unchanged,1,1,1.0,1.0,0.0,1.0,1.0,0.0,end_code,end_code,266,284
KIVI-2,051823,JSON to YAML,T-conversion,JSON,YAML,candidate_only,improved,improved,0,1,0.0,1.0,1.0,0.0,1.0,1.0,end_code,end_code,306,281
KIVI-2,051824,JSON to YAML,T-conversion,JSON,YAML,candidate_only,improved,improved,0,1,0.0,1.0,1.0,0.0,1.0,1.0,end_code,end_code,293,254
KIVI-2,051825,JSON to YAML,T-conversion,JSON,YAML,fp16_only,regressed,regressed,1,0,1.0,0.0,-1.0,1.0,0.0,-1.0,end_code,end_code,215,194
KIVI-2,051826,JSON to YAML,T-conversion,JSON,YAML,fp16_only,regressed,regressed,1,0,1.0,0.0,-1.0,1.0,0.0,-1.0,end_code,end_code,257,278
KIVI-2,051827,JSON to YAML,T-conversion,JSON,YAML,both_fail,unchanged,unchanged,0,0,0.0,0.0,0.0,0.0,0.0,0.0,end_code,end_code,430,413
KIVI-2,051828,JSON to YAML,T-conversion,JSON,YAML,both_pass,unchanged,unchanged,1,1,1.0,1.0,0.0,1.0,1.0,0.0,end_code,end_code,227,227
KIVI-2,051829,JSON to YAML,T-conversion,JSON,YAML,both_pass,unchanged,unchanged,1,1,1.0,1.0,0.0,1.0,1.0,0.0,end_code,end_code,235,222
KIVI-2,051830,JSON to YAML,T-conversion,JSON,YAML,both_pass,regressed,regressed,1,1,1.0,0.2,-0.8,1.0,0.0,-1.0,end_code,end_code,245,239
KIVI-2,051831,JSON to YAML,T-conversion,JSON,YAML,both_pass,unchanged,unchanged,1,1,1.0,1.0,0.0,1.0,1.0,0.0,end_code,end_code,276,276
KIVI-2,051832,JSON to YAML,T-conversion,JSON,YAML,candidate_only,improved,improved,0,1,0.0,1.0,1.0,0.0,1.0,1.0,end_code,end_code,263,214
KIVI-2,051833,JSON to YAML,T-conversion,JSON,YAML,both_fail,unchanged,unchanged,0,0,0.0,0.0,0.0,0.0,0.0,0.0,end_code,end_code,311,252
KIVI-2,051834,JSON to YAML,T-conversion,JSON,YAML,candidate_only,improved,improved,0,1,0.0,1.0,1.0,0.0,1.0,1.0,end_code,end_code,425,388
KIVI-2,051835,JSON to YAML,T-conversion,JSON,YAML,candidate_only,improved,improved,0,1,0.0,1.0,1.0,0.0,1.0,1.0,end_code,end_code,316,279
KIVI-2,051836,JSON to YAML,T-conversion,JSON,YAML,fp16_only,regressed,regressed,1,0,1.0,0.0,-1.0,1.0,0.0,-1.0,end_code,end_code,346,313
KIVI-2,051837,JSON to YAML,T-conversion,JSON,YAML,both_pass,unchanged,unchanged,1,1,1.0,1.0,0.0,1.0,1.0,0.0,end_code,end_code,252,227
KIVI-2,051838,JSON to YAML,T-conversion,JSON,YAML,both_pass,unchanged,unchanged,1,1,1.0,1.0,0.0,1.0,1.0,0.0,end_code,end_code,214,216
KIVI-2,051839,JSON to YAML,T-conversion,JSON,YAML,both_pass,unchanged,unchanged,1,1,1.0,1.0,0.0,1.0,1.0,0.0,end_code,end_code,207,204
KIVI-2,051840,JSON to YAML,T-conversion,JSON,YAML,candidate_only,improved,improved,0,1,0.0,1.0,1.0,0.0,1.0,1.0,end_code,end_code,242,331
KIVI-2,051841,JSON to YAML,T-conversion,JSON,YAML,both_pass,unchanged,unchanged,1,1,1.0,1.0,0.0,1.0,1.0,0.0,end_code,end_code,223,223
KIVI-2,051842,JSON to YAML,T-conversion,JSON,YAML,both_pass,unchanged,unchanged,1,1,1.0,1.0,0.0,1.0,1.0,0.0,end_code,end_code,227,235
KIVI-2,051843,JSON to YAML,T-conversion,JSON,YAML,both_pass,unchanged,unchanged,1,1,1.0,1.0,0.0,1.0,1.0,0.0,end_code,end_code,263,263
KIVI-2,051844,JSON to YAML,T-conversion,JSON,YAML,both_fail,unchanged,unchanged,0,0,0.0,0.0,0.0,0.0,0.0,0.0,end_code,eos,394,328
KIVI-2,051845,JSON to YAML,T-conversion,JSON,YAML,fp16_only,regressed,regressed,1,0,1.0,0.0,-1.0,1.0,0.0,-1.0,end_code,end_code,253,278
KIVI-2,051846,JSON to YAML,T-conversion,JSON,YAML,fp16_only,regressed,regressed,1,0,1.0,0.0,-1.0,1.0,0.0,-1.0,end_code,end_code,292,332
KIVI-2,051847,JSON to YAML,T-conversion,JSON,YAML,candidate_only,improved,improved,0,1,0.0,1.0,1.0,0.0,1.0,1.0,end_code,end_code,417,284
KIVI-2,051848,JSON to YAML,T-conversion,JSON,YAML,fp16_only,regressed,regressed,1,0,1.0,0.0,-1.0,1.0,0.0,-1.0,end_code,end_code,254,254
KIVI-2,051849,JSON to YAML,T-conversion,JSON,YAML,both_pass,unchanged,unchanged,1,1,1.0,1.0,0.0,1.0,1.0,0.0,end_code,end_code,260,259
KIVI-2,170200,XML to CSV,T-conversion,XML,CSV,both_pass,unchanged,unchanged,1,1,0.87,0.87,0.0,0.8333333333333334,0.8333333333333334,0.0,end_code,end_code,257,258
KIVI-2,170201,XML to CSV,T-conversion,XML,CSV,both_pass,regressed,regressed,1,1,0.87,0.73,-0.14,0.8333333333333334,0.6666666666666666,-0.16666666666666674,end_code,end_code,207,206
KIVI-2,170202,XML to CSV,T-conversion,XML,CSV,both_pass,unchanged,unchanged,1,1,0.89,0.89,0.0,0.8571428571428571,0.8571428571428571,0.0,end_code,end_code,339,339
KIVI-2,170203,XML to CSV,T-conversion,XML,CSV,both_pass,improved,improved,1,1,0.87,1.0,0.13,0.8333333333333334,1.0,0.16666666666666663,end_code,end_code,247,240
KIVI-2,170204,XML to CSV,T-conversion,XML,CSV,both_pass,unchanged,unchanged,1,1,0.87,0.87,0.0,0.8333333333333334,0.8333333333333334,0.0,end_code,end_code,224,223
KIVI-2,170205,XML to CSV,T-conversion,XML,CSV,both_pass,unchanged,unchanged,1,1,0.87,0.87,0.0,0.8333333333333334,0.8333333333333334,0.0,end_code,end_code,259,259
KIVI-2,170206,XML to CSV,T-conversion,XML,CSV,both_pass,unchanged,unchanged,1,1,0.89,0.89,0.0,0.8571428571428571,0.8571428571428571,0.0,end_code,end_code,294,294
KIVI-2,170207,XML to CSV,T-conversion,XML,CSV,both_pass,unchanged,unchanged,1,1,0.87,0.87,0.0,0.8333333333333334,0.8333333333333334,0.0,end_code,end_code,202,202
KIVI-2,170208,XML to CSV,T-conversion,XML,CSV,both_pass,unchanged,unchanged,1,1,0.87,0.87,0.0,0.8333333333333334,0.8333333333333334,0.0,end_code,end_code,237,237
KIVI-2,170209,XML to CSV,T-conversion,XML,CSV,both_pass,unchanged,unchanged,1,1,0.87,0.87,0.0,0.8333333333333334,0.8333333333333334,0.0,end_code,end_code,227,227
KIVI-2,170210,XML to CSV,T-conversion,XML,CSV,both_pass,unchanged,unchanged,1,1,0.87,0.87,0.0,0.8333333333333334,0.8333333333333334,0.0,end_code,end_code,203,203
KIVI-2,170211,XML to CSV,T-conversion,XML,CSV,both_pass,unchanged,unchanged,1,1,0.87,0.87,0.0,0.8333333333333334,0.8333333333333334,0.0,end_code,end_code,260,260
KIVI-2,170212,XML to CSV,T-conversion,XML,CSV,both_pass,unchanged,unchanged,1,1,0.87,0.87,0.0,0.8333333333333334,0.8333333333333334,0.0,end_code,end_code,256,256
KIVI-2,170213,XML to CSV,T-conversion,XML,CSV,both_pass,improved,improved,1,1,0.87,1.0,0.13,0.8333333333333334,1.0,0.16666666666666663,end_code,end_code,278,271
KIVI-2,170214,XML to CSV,T-conversion,XML,CSV,both_pass,unchanged,unchanged,1,1,0.87,0.87,0.0,0.8333333333333334,0.8333333333333334,0.0,end_code,end_code,220,220
KIVI-2,170215,XML to CSV,T-conversion,XML,CSV,both_pass,unchanged,unchanged,1,1,0.87,0.87,0.0,0.8333333333333334,0.8333333333333334,0.0,end_code,end_code,245,245
KIVI-2,170216,XML to CSV,T-conversion,XML,CSV,both_pass,unchanged,unchanged,1,1,0.87,0.87,0.0,0.8333333333333334,0.8333333333333334,0.0,end_code,end_code,253,253
KIVI-2,170217,XML to CSV,T-conversion,XML,CSV,both_pass,improved,improved,1,1,0.73,0.87,0.14,0.6666666666666666,0.8333333333333334,0.16666666666666674,end_code,end_code,273,273
KIVI-2,170218,XML to CSV,T-conversion,XML,CSV,both_pass,unchanged,unchanged,1,1,0.87,0.87,0.0,0.8333333333333334,0.8333333333333334,0.0,end_code,end_code,255,255
KIVI-2,170219,XML to CSV,T-conversion,XML,CSV,both_pass,unchanged,unchanged,1,1,0.87,0.87,0.0,0.8333333333333334,0.8333333333333334,0.0,end_code,end_code,235,424
KIVI-2,170220,XML to CSV,T-conversion,XML,CSV,both_pass,unchanged,unchanged,1,1,0.87,0.87,0.0,0.8333333333333334,0.8333333333333334,0.0,end_code,end_code,250,250
KIVI-2,170221,XML to CSV,T-conversion,XML,CSV,both_pass,unchanged,unchanged,1,1,0.87,0.87,0.0,0.8333333333333334,0.8333333333333334,0.0,end_code,end_code,254,254
KIVI-2,170222,XML to CSV,T-conversion,XML,CSV,both_pass,unchanged,unchanged,1,1,0.87,0.87,0.0,0.8333333333333334,0.8333333333333334,0.0,end_code,end_code,225,225
KIVI-2,170223,XML to CSV,T-conversion,XML,CSV,both_pass,improved,improved,1,1,0.89,1.0,0.10999999999999999,0.8571428571428571,1.0,0.1428571428571429,end_code,end_code,248,444
KIVI-2,170224,XML to CSV,T-conversion,XML,CSV,both_pass,unchanged,unchanged,1,1,0.87,0.87,0.0,0.8333333333333334,0.8333333333333334,0.0,end_code,end_code,234,234
KIVI-2,170225,XML to CSV,T-conversion,XML,CSV,both_pass,unchanged,unchanged,1,1,0.87,0.87,0.0,0.8333333333333334,0.8333333333333334,0.0,end_code,end_code,243,243
KIVI-2,170226,XML to CSV,T-conversion,XML,CSV,both_pass,improved,improved,1,1,0.33,0.87,0.54,0.16666666666666666,0.8333333333333334,0.6666666666666667,end_code,end_code,252,233
KIVI-2,170227,XML to CSV,T-conversion,XML,CSV,both_pass,unchanged,unchanged,1,1,0.87,0.87,0.0,0.8333333333333334,0.8333333333333334,0.0,end_code,end_code,269,269
KIVI-2,170228,XML to CSV,T-conversion,XML,CSV,both_pass,unchanged,unchanged,1,1,0.87,0.87,0.0,0.8333333333333334,0.8333333333333334,0.0,end_code,end_code,236,236
KIVI-2,170229,XML to CSV,T-conversion,XML,CSV,both_pass,regressed,regressed,1,1,0.87,0.73,-0.14,0.8333333333333334,0.6666666666666666,-0.16666666666666674,end_code,end_code,250,453
KIVI-2,170230,XML to CSV,T-conversion,XML,CSV,both_pass,improved,improved,1,1,0.33,0.73,0.39999999999999997,0.16666666666666666,0.6666666666666666,0.5,end_code,end_code,259,238
KIVI-2,170231,XML to CSV,T-conversion,XML,CSV,both_pass,unchanged,unchanged,1,1,0.87,0.87,0.0,0.8333333333333334,0.8333333333333334,0.0,end_code,end_code,239,239
KIVI-2,170232,XML to CSV,T-conversion,XML,CSV,both_pass,unchanged,unchanged,1,1,0.87,0.87,0.0,0.8333333333333334,0.8333333333333334,0.0,end_code,end_code,213,213
KIVI-2,170233,XML to CSV,T-conversion,XML,CSV,both_pass,improved,improved,1,1,0.77,0.89,0.12,0.7142857142857143,0.8571428571428571,0.1428571428571428,end_code,end_code,302,295
KIVI-2,170234,XML to CSV,T-conversion,XML,CSV,both_pass,unchanged,unchanged,1,1,0.87,0.87,0.0,0.8333333333333334,0.8333333333333334,0.0,end_code,end_code,225,404
KIVI-2,170235,XML to CSV,T-conversion,XML,CSV,both_pass,unchanged,unchanged,1,1,0.89,0.89,0.0,0.8571428571428571,0.8571428571428571,0.0,end_code,end_code,272,496
KIVI-2,170236,XML to CSV,T-conversion,XML,CSV,both_pass,regressed,regressed,1,1,0.87,0.73,-0.14,0.8333333333333334,0.6666666666666666,-0.16666666666666674,end_code,end_code,216,215
KIVI-2,170237,XML to CSV,T-conversion,XML,CSV,both_pass,unchanged,unchanged,1,1,0.89,0.89,0.0,0.8571428571428571,0.8571428571428571,0.0,end_code,end_code,304,304
KIVI-2,170238,XML to CSV,T-conversion,XML,CSV,both_pass,improved,improved,1,1,0.33,0.87,0.54,0.16666666666666666,0.8333333333333334,0.6666666666666667,end_code,end_code,467,449
KIVI-2,170239,XML to CSV,T-conversion,XML,CSV,both_pass,unchanged,unchanged,1,1,0.87,0.87,0.0,0.8333333333333334,0.8333333333333334,0.0,end_code,end_code,232,232
KIVI-2,170240,XML to CSV,T-conversion,XML,CSV,both_pass,unchanged,unchanged,1,1,0.89,0.89,0.0,0.8571428571428571,0.8571428571428571,0.0,end_code,end_code,260,260
KIVI-2,170241,XML to CSV,T-conversion,XML,CSV,both_pass,unchanged,unchanged,1,1,0.87,0.87,0.0,0.8333333333333334,0.8333333333333334,0.0,end_code,end_code,242,242
KIVI-2,170242,XML to CSV,T-conversion,XML,CSV,both_pass,unchanged,unchanged,1,1,0.87,0.87,0.0,0.8333333333333334,0.8333333333333334,0.0,end_code,end_code,212,212
KIVI-2,170243,XML to CSV,T-conversion,XML,CSV,both_pass,improved,improved,1,1,0.33,0.87,0.54,0.16666666666666666,0.8333333333333334,0.6666666666666667,end_code,end_code,243,224
KIVI-2,170244,XML to CSV,T-conversion,XML,CSV,both_pass,regressed,regressed,1,1,0.87,0.73,-0.14,0.8333333333333334,0.6666666666666666,-0.16666666666666674,end_code,end_code,223,222
KIVI-2,170245,XML to CSV,T-conversion,XML,CSV,both_pass,improved,improved,1,1,0.87,1.0,0.13,0.8333333333333334,1.0,0.16666666666666663,end_code,end_code,283,276
KIVI-2,170246,XML to CSV,T-conversion,XML,CSV,both_pass,unchanged,unchanged,1,1,0.89,0.89,0.0,0.8571428571428571,0.8571428571428571,0.0,end_code,end_code,269,269
KIVI-2,170247,XML to CSV,T-conversion,XML,CSV,both_pass,unchanged,unchanged,1,1,0.87,0.87,0.0,0.8333333333333334,0.8333333333333334,0.0,end_code,end_code,248,286
KIVI-2,170248,XML to CSV,T-conversion,XML,CSV,both_pass,unchanged,unchanged,1,1,0.87,0.87,0.0,0.8333333333333334,0.8333333333333334,0.0,end_code,end_code,257,257
KIVI-2,170249,XML to CSV,T-conversion,XML,CSV,both_pass,unchanged,unchanged,1,1,0.87,0.87,0.0,0.8333333333333334,0.8333333333333334,0.0,end_code,end_code,251,251
KIVI-2,021700,CSV to XML,T-conversion,CSV,XML,both_fail,unchanged,unchanged,0,0,0.0,0.0,0.0,0.0,0.0,0.0,end_code,eos,457,430
KIVI-2,021701,CSV to XML,T-conversion,CSV,XML,both_fail,unchanged,unchanged,0,0,0.0,0.0,0.0,0.0,0.0,0.0,end_code,end_code,499,812
KIVI-2,021702,CSV to XML,T-conversion,CSV,XML,candidate_only,improved,unchanged,0,1,0.0,0.2,0.2,0.0,0.0,0.0,end_code,end_code,539,589
KIVI-2,021703,CSV to XML,T-conversion,CSV,XML,both_fail,unchanged,unchanged,0,0,0.0,0.0,0.0,0.0,0.0,0.0,end_code,end_code,870,356
KIVI-2,021704,CSV to XML,T-conversion,CSV,XML,both_fail,unchanged,unchanged,0,0,0.0,0.0,0.0,0.0,0.0,0.0,end_code,end_code,683,717
KIVI-2,021705,CSV to XML,T-conversion,CSV,XML,candidate_only,improved,unchanged,0,1,0.0,0.2,0.2,0.0,0.0,0.0,eos,end_code,413,782
KIVI-2,021706,CSV to XML,T-conversion,CSV,XML,candidate_only,improved,improved,0,1,0.0,0.56,0.56,0.0,0.45454545454545453,0.45454545454545453,end_code,end_code,342,396
KIVI-2,021707,CSV to XML,T-conversion,CSV,XML,candidate_only,improved,unchanged,0,1,0.0,0.2,0.2,0.0,0.0,0.0,end_code,end_code,640,377
KIVI-2,021708,CSV to XML,T-conversion,CSV,XML,both_fail,unchanged,unchanged,0,0,0.0,0.0,0.0,0.0,0.0,0.0,end_code,end_code,397,360
KIVI-2,021709,CSV to XML,T-conversion,CSV,XML,both_fail,unchanged,unchanged,0,0,0.0,0.0,0.0,0.0,0.0,0.0,end_code,end_code,1084,739
KIVI-2,021710,CSV to XML,T-conversion,CSV,XML,both_fail,unchanged,unchanged,0,0,0.0,0.0,0.0,0.0,0.0,0.0,end_code,end_code,1591,1036
KIVI-2,021711,CSV to XML,T-conversion,CSV,XML,both_fail,unchanged,unchanged,0,0,0.0,0.0,0.0,0.0,0.0,0.0,end_code,end_code,500,246
KIVI-2,021712,CSV to XML,T-conversion,CSV,XML,candidate_only,improved,improved,0,1,0.0,0.26,0.26,0.0,0.07692307692307693,0.07692307692307693,end_code,end_code,605,389
KIVI-2,021713,CSV to XML,T-conversion,CSV,XML,both_fail,unchanged,unchanged,0,0,0.0,0.0,0.0,0.0,0.0,0.0,end_code,end_code,465,718
KIVI-2,021714,CSV to XML,T-conversion,CSV,XML,both_fail,unchanged,unchanged,0,0,0.0,0.0,0.0,0.0,0.0,0.0,end_code,end_code,236,296
KIVI-2,021715,CSV to XML,T-conversion,CSV,XML,both_fail,unchanged,unchanged,0,0,0.0,0.0,0.0,0.0,0.0,0.0,end_code,end_code,483,534
KIVI-2,021716,CSV to XML,T-conversion,CSV,XML,both_fail,unchanged,unchanged,0,0,0.0,0.0,0.0,0.0,0.0,0.0,end_code,end_code,858,667
KIVI-2,021717,CSV to XML,T-conversion,CSV,XML,both_fail,unchanged,unchanged,0,0,0.0,0.0,0.0,0.0,0.0,0.0,end_code,end_code,433,614
KIVI-2,021718,CSV to XML,T-conversion,CSV,XML,both_fail,unchanged,unchanged,0,0,0.0,0.0,0.0,0.0,0.0,0.0,end_code,end_code,751,708
KIVI-2,021719,CSV to XML,T-conversion,CSV,XML,both_fail,unchanged,unchanged,0,0,0.0,0.0,0.0,0.0,0.0,0.0,end_code,end_code,721,1265
KIVI-2,021720,CSV to XML,T-conversion,CSV,XML,both_fail,unchanged,unchanged,0,0,0.0,0.0,0.0,0.0,0.0,0.0,end_code,end_code,537,1052
KIVI-2,021721,CSV to XML,T-conversion,CSV,XML,both_fail,unchanged,unchanged,0,0,0.0,0.0,0.0,0.0,0.0,0.0,end_code,end_code,250,334
KIVI-2,021722,CSV to XML,T-conversion,CSV,XML,both_fail,unchanged,unchanged,0,0,0.0,0.0,0.0,0.0,0.0,0.0,end_code,end_code,926,414
KIVI-2,021723,CSV to XML,T-conversion,CSV,XML,both_fail,unchanged,unchanged,0,0,0.0,0.0,0.0,0.0,0.0,0.0,end_code,end_code,521,414
KIVI-2,021724,CSV to XML,T-conversion,CSV,XML,both_fail,unchanged,unchanged,0,0,0.0,0.0,0.0,0.0,0.0,0.0,end_code,end_code,284,360
KIVI-2,021725,CSV to XML,T-conversion,CSV,XML,both_fail,unchanged,unchanged,0,0,0.0,0.0,0.0,0.0,0.0,0.0,end_code,end_code,458,286
KIVI-2,021726,CSV to XML,T-conversion,CSV,XML,candidate_only,improved,unchanged,0,1,0.0,0.2,0.2,0.0,0.0,0.0,end_code,end_code,424,685
KIVI-2,021727,CSV to XML,T-conversion,CSV,XML,candidate_only,improved,unchanged,0,1,0.0,0.2,0.2,0.0,0.0,0.0,end_code,end_code,547,485
KIVI-2,021728,CSV to XML,T-conversion,CSV,XML,candidate_only,improved,improved,0,1,0.0,0.6,0.6,0.0,0.5,0.5,end_code,end_code,439,410
KIVI-2,021729,CSV to XML,T-conversion,CSV,XML,both_fail,unchanged,unchanged,0,0,0.0,0.0,0.0,0.0,0.0,0.0,end_code,end_code,359,676
KIVI-2,021730,CSV to XML,T-conversion,CSV,XML,both_fail,unchanged,unchanged,0,0,0.0,0.0,0.0,0.0,0.0,0.0,end_code,end_code,322,966
KIVI-2,021731,CSV to XML,T-conversion,CSV,XML,both_fail,unchanged,unchanged,0,0,0.0,0.0,0.0,0.0,0.0,0.0,end_code,end_code,1421,1039
KIVI-2,021732,CSV to XML,T-conversion,CSV,XML,fp16_only,regressed,unchanged,1,0,0.2,0.0,-0.2,0.0,0.0,0.0,end_code,end_code,385,620
KIVI-2,021733,CSV to XML,T-conversion,CSV,XML,both_fail,unchanged,unchanged,0,0,0.0,0.0,0.0,0.0,0.0,0.0,end_code,end_code,355,493
KIVI-2,021734,CSV to XML,T-conversion,CSV,XML,candidate_only,improved,unchanged,0,1,0.0,0.2,0.2,0.0,0.0,0.0,end_code,end_code,550,518
KIVI-2,021735,CSV to XML,T-conversion,CSV,XML,both_fail,unchanged,unchanged,0,0,0.0,0.0,0.0,0.0,0.0,0.0,end_code,end_code,403,449
KIVI-2,021736,CSV to XML,T-conversion,CSV,XML,both_fail,unchanged,unchanged,0,0,0.0,0.0,0.0,0.0,0.0,0.0,end_code,end_code,716,780
KIVI-2,021737,CSV to XML,T-conversion,CSV,XML,both_fail,unchanged,unchanged,0,0,0.0,0.0,0.0,0.0,0.0,0.0,end_code,end_code,351,600
KIVI-2,021738,CSV to XML,T-conversion,CSV,XML,both_fail,unchanged,unchanged,0,0,0.0,0.0,0.0,0.0,0.0,0.0,end_code,end_code,604,941
KIVI-2,021739,CSV to XML,T-conversion,CSV,XML,both_fail,unchanged,unchanged,0,0,0.0,0.0,0.0,0.0,0.0,0.0,end_code,end_code,528,574
KIVI-2,021740,CSV to XML,T-conversion,CSV,XML,candidate_only,improved,unchanged,0,1,0.0,0.2,0.2,0.0,0.0,0.0,end_code,end_code,335,371
KIVI-2,021741,CSV to XML,T-conversion,CSV,XML,both_fail,unchanged,unchanged,0,0,0.0,0.0,0.0,0.0,0.0,0.0,end_code,end_code,428,334
KIVI-2,021742,CSV to XML,T-conversion,CSV,XML,both_fail,unchanged,unchanged,0,0,0.0,0.0,0.0,0.0,0.0,0.0,end_code,end_code,812,766
KIVI-2,021743,CSV to XML,T-conversion,CSV,XML,both_fail,unchanged,unchanged,0,0,0.0,0.0,0.0,0.0,0.0,0.0,end_code,end_code,378,325
KIVI-2,021744,CSV to XML,T-conversion,CSV,XML,both_fail,unchanged,unchanged,0,0,0.0,0.0,0.0,0.0,0.0,0.0,end_code,end_code,307,322
KIVI-2,021745,CSV to XML,T-conversion,CSV,XML,both_fail,unchanged,unchanged,0,0,0.0,0.0,0.0,0.0,0.0,0.0,end_code,end_code,529,578
KIVI-2,021746,CSV to XML,T-conversion,CSV,XML,both_fail,unchanged,unchanged,0,0,0.0,0.0,0.0,0.0,0.0,0.0,end_code,end_code,392,391
KIVI-2,021747,CSV to XML,T-conversion,CSV,XML,both_fail,unchanged,unchanged,0,0,0.0,0.0,0.0,0.0,0.0,0.0,end_code,end_code,383,457
KIVI-2,021748,CSV to XML,T-conversion,CSV,XML,both_fail,unchanged,unchanged,0,0,0.0,0.0,0.0,0.0,0.0,0.0,end_code,end_code,581,432
KIVI-2,021749,CSV to XML,T-conversion,CSV,XML,candidate_only,improved,improved,0,1,0.0,0.63,0.63,0.0,0.5333333333333333,0.5333333333333333,end_code,eos,332,270
KIVI-2,171800,XML to YAML,T-conversion,XML,YAML,both_fail,unchanged,unchanged,0,0,0.0,0.0,0.0,0.0,0.0,0.0,end_code,end_code,96,104
KIVI-2,171801,XML to YAML,T-conversion,XML,YAML,both_fail,unchanged,unchanged,0,0,0.0,0.0,0.0,0.0,0.0,0.0,end_code,end_code,121,128
KIVI-2,171802,XML to YAML,T-conversion,XML,YAML,both_fail,unchanged,unchanged,0,0,0.0,0.0,0.0,0.0,0.0,0.0,end_code,end_code,95,95
KIVI-2,171803,XML to YAML,T-conversion,XML,YAML,candidate_only,improved,improved,0,1,0.0,1.0,1.0,0.0,1.0,1.0,end_code,end_code,104,105
KIVI-2,171804,XML to YAML,T-conversion,XML,YAML,candidate_only,improved,improved,0,1,0.0,0.8,0.8,0.0,0.75,0.75,end_code,end_code,136,135
KIVI-2,171805,XML to YAML,T-conversion,XML,YAML,both_fail,unchanged,unchanged,0,0,0.0,0.0,0.0,0.0,0.0,0.0,end_code,end_code,116,125
KIVI-2,171806,XML to YAML,T-conversion,XML,YAML,candidate_only,improved,improved,0,1,0.0,0.33,0.33,0.0,0.16666666666666666,0.16666666666666666,end_code,end_code,124,135
KIVI-2,171807,XML to YAML,T-conversion,XML,YAML,candidate_only,improved,improved,0,1,0.0,0.4,0.4,0.0,0.25,0.25,end_code,end_code,130,128
KIVI-2,171808,XML to YAML,T-conversion,XML,YAML,both_fail,unchanged,unchanged,0,0,0.0,0.0,0.0,0.0,0.0,0.0,end_code,end_code,150,132
KIVI-2,171809,XML to YAML,T-conversion,XML,YAML,both_fail,unchanged,unchanged,0,0,0.0,0.0,0.0,0.0,0.0,0.0,end_code,end_code,110,113
KIVI-2,171810,XML to YAML,T-conversion,XML,YAML,both_fail,unchanged,unchanged,0,0,0.0,0.0,0.0,0.0,0.0,0.0,end_code,end_code,136,126
KIVI-2,171811,XML to YAML,T-conversion,XML,YAML,candidate_only,improved,improved,0,1,0.0,0.4,0.4,0.0,0.25,0.25,end_code,end_code,176,147
KIVI-2,171812,XML to YAML,T-conversion,XML,YAML,fp16_only,regressed,regressed,1,0,1.0,0.0,-1.0,1.0,0.0,-1.0,end_code,end_code,83,81
KIVI-2,171813,XML to YAML,T-conversion,XML,YAML,both_fail,unchanged,unchanged,0,0,0.0,0.0,0.0,0.0,0.0,0.0,end_code,end_code,103,102
KIVI-2,171814,XML to YAML,T-conversion,XML,YAML,both_fail,unchanged,unchanged,0,0,0.0,0.0,0.0,0.0,0.0,0.0,end_code,end_code,119,110
KIVI-2,171815,XML to YAML,T-conversion,XML,YAML,both_fail,unchanged,unchanged,0,0,0.0,0.0,0.0,0.0,0.0,0.0,end_code,end_code,108,138
KIVI-2,171816,XML to YAML,T-conversion,XML,YAML,both_fail,unchanged,unchanged,0,0,0.0,0.0,0.0,0.0,0.0,0.0,end_code,end_code,94,106
KIVI-2,171817,XML to YAML,T-conversion,XML,YAML,both_fail,unchanged,unchanged,0,0,0.0,0.0,0.0,0.0,0.0,0.0,end_code,end_code,140,147
KIVI-2,171818,XML to YAML,T-conversion,XML,YAML,both_fail,unchanged,unchanged,0,0,0.0,0.0,0.0,0.0,0.0,0.0,end_code,eos,133,119
KIVI-2,171819,XML to YAML,T-conversion,XML,YAML,both_fail,unchanged,unchanged,0,0,0.0,0.0,0.0,0.0,0.0,0.0,end_code,end_code,131,166
KIVI-2,171820,XML to YAML,T-conversion,XML,YAML,both_fail,unchanged,unchanged,0,0,0.0,0.0,0.0,0.0,0.0,0.0,end_code,end_code,117,160
KIVI-2,171821,XML to YAML,T-conversion,XML,YAML,candidate_only,improved,improved,0,1,0.0,1.0,1.0,0.0,1.0,1.0,end_code,end_code,93,93
KIVI-2,171822,XML to YAML,T-conversion,XML,YAML,candidate_only,improved,improved,0,1,0.0,1.0,1.0,0.0,1.0,1.0,end_code,end_code,118,118
KIVI-2,171823,XML to YAML,T-conversion,XML,YAML,both_fail,unchanged,unchanged,0,0,0.0,0.0,0.0,0.0,0.0,0.0,end_code,end_code,119,119
KIVI-2,171824,XML to YAML,T-conversion,XML,YAML,both_fail,unchanged,unchanged,0,0,0.0,0.0,0.0,0.0,0.0,0.0,end_code,end_code,140,133
KIVI-2,171825,XML to YAML,T-conversion,XML,YAML,both_fail,unchanged,unchanged,0,0,0.0,0.0,0.0,0.0,0.0,0.0,end_code,end_code,101,101
KIVI-2,171826,XML to YAML,T-conversion,XML,YAML,both_fail,unchanged,unchanged,0,0,0.0,0.0,0.0,0.0,0.0,0.0,end_code,end_code,109,109
KIVI-2,171827,XML to YAML,T-conversion,XML,YAML,both_fail,unchanged,unchanged,0,0,0.0,0.0,0.0,0.0,0.0,0.0,end_code,end_code,113,127
KIVI-2,171828,XML to YAML,T-conversion,XML,YAML,both_fail,unchanged,unchanged,0,0,0.0,0.0,0.0,0.0,0.0,0.0,end_code,end_code,118,128
KIVI-2,171829,XML to YAML,T-conversion,XML,YAML,candidate_only,improved,improved,0,1,0.0,1.0,1.0,0.0,1.0,1.0,end_code,end_code,122,125
KIVI-2,171830,XML to YAML,T-conversion,XML,YAML,both_fail,unchanged,unchanged,0,0,0.0,0.0,0.0,0.0,0.0,0.0,end_code,end_code,122,117
KIVI-2,171831,XML to YAML,T-conversion,XML,YAML,both_fail,unchanged,unchanged,0,0,0.0,0.0,0.0,0.0,0.0,0.0,end_code,end_code,116,136
KIVI-2,171832,XML to YAML,T-conversion,XML,YAML,candidate_only,improved,improved,0,1,0.0,1.0,1.0,0.0,1.0,1.0,end_code,end_code,104,104
KIVI-2,171833,XML to YAML,T-conversion,XML,YAML,both_fail,unchanged,unchanged,0,0,0.0,0.0,0.0,0.0,0.0,0.0,end_code,end_code,93,87
KIVI-2,171834,XML to YAML,T-conversion,XML,YAML,both_fail,unchanged,unchanged,0,0,0.0,0.0,0.0,0.0,0.0,0.0,end_code,end_code,111,134
KIVI-2,171835,XML to YAML,T-conversion,XML,YAML,both_fail,unchanged,unchanged,0,0,0.0,0.0,0.0,0.0,0.0,0.0,end_code,end_code,107,99
KIVI-2,171836,XML to YAML,T-conversion,XML,YAML,both_fail,unchanged,unchanged,0,0,0.0,0.0,0.0,0.0,0.0,0.0,end_code,end_code,116,116
KIVI-2,171837,XML to YAML,T-conversion,XML,YAML,candidate_only,improved,improved,0,1,0.0,0.33,0.33,0.0,0.16666666666666666,0.16666666666666666,end_code,end_code,174,186
KIVI-2,171838,XML to YAML,T-conversion,XML,YAML,both_fail,unchanged,unchanged,0,0,0.0,0.0,0.0,0.0,0.0,0.0,end_code,end_code,144,169
KIVI-2,171839,XML to YAML,T-conversion,XML,YAML,both_fail,unchanged,unchanged,0,0,0.0,0.0,0.0,0.0,0.0,0.0,end_code,end_code,106,130
KIVI-2,171840,XML to YAML,T-conversion,XML,YAML,candidate_only,improved,improved,0,1,0.0,0.84,0.84,0.0,0.8,0.8,end_code,end_code,140,138
KIVI-2,171841,XML to YAML,T-conversion,XML,YAML,both_fail,unchanged,unchanged,0,0,0.0,0.0,0.0,0.0,0.0,0.0,end_code,end_code,113,113
KIVI-2,171842,XML to YAML,T-conversion,XML,YAML,candidate_only,improved,improved,0,1,0.0,1.0,1.0,0.0,1.0,1.0,end_code,end_code,113,120
KIVI-2,171843,XML to YAML,T-conversion,XML,YAML,both_fail,unchanged,unchanged,0,0,0.0,0.0,0.0,0.0,0.0,0.0,end_code,end_code,149,138
KIVI-2,171844,XML to YAML,T-conversion,XML,YAML,both_pass,unchanged,unchanged,1,1,0.2,0.2,0.0,0.0,0.0,0.0,end_code,eos,102,93
KIVI-2,171845,XML to YAML,T-conversion,XML,YAML,candidate_only,improved,improved,0,1,0.0,1.0,1.0,0.0,1.0,1.0,end_code,end_code,110,145
KIVI-2,171846,XML to YAML,T-conversion,XML,YAML,candidate_only,improved,improved,0,1,0.0,1.0,1.0,0.0,1.0,1.0,end_code,end_code,148,149
KIVI-2,171847,XML to YAML,T-conversion,XML,YAML,both_fail,unchanged,unchanged,0,0,0.0,0.0,0.0,0.0,0.0,0.0,end_code,end_code,117,119
KIVI-2,171848,XML to YAML,T-conversion,XML,YAML,both_fail,unchanged,unchanged,0,0,0.0,0.0,0.0,0.0,0.0,0.0,end_code,end_code,115,111
KIVI-2,171849,XML to YAML,T-conversion,XML,YAML,both_fail,unchanged,unchanged,0,0,0.0,0.0,0.0,0.0,0.0,0.0,end_code,end_code,80,80
KIVI-2,181700,YAML to XML,T-conversion,YAML,XML,candidate_only,improved,unchanged,0,1,0.0,0.2,0.2,0.0,0.0,0.0,end_code,eos,276,387
KIVI-2,181701,YAML to XML,T-conversion,YAML,XML,candidate_only,improved,unchanged,0,1,0.0,0.2,0.2,0.0,0.0,0.0,end_code,end_code,169,343
KIVI-2,181702,YAML to XML,T-conversion,YAML,XML,both_fail,unchanged,unchanged,0,0,0.0,0.0,0.0,0.0,0.0,0.0,end_code,eos,211,213
KIVI-2,181703,YAML to XML,T-conversion,YAML,XML,candidate_only,improved,improved,0,1,0.0,0.5,0.5,0.0,0.375,0.375,end_code,end_code,318,290
KIVI-2,181704,YAML to XML,T-conversion,YAML,XML,both_fail,unchanged,unchanged,0,0,0.0,0.0,0.0,0.0,0.0,0.0,end_code,eos,345,525
KIVI-2,181705,YAML to XML,T-conversion,YAML,XML,both_fail,unchanged,unchanged,0,0,0.0,0.0,0.0,0.0,0.0,0.0,end_code,eos,324,531
KIVI-2,181706,YAML to XML,T-conversion,YAML,XML,candidate_only,improved,improved,0,1,0.0,0.4,0.4,0.0,0.25,0.25,end_code,end_code,226,1712
KIVI-2,181707,YAML to XML,T-conversion,YAML,XML,both_fail,unchanged,unchanged,0,0,0.0,0.0,0.0,0.0,0.0,0.0,end_code,end_code,188,178
KIVI-2,181708,YAML to XML,T-conversion,YAML,XML,both_fail,unchanged,unchanged,0,0,0.0,0.0,0.0,0.0,0.0,0.0,end_code,end_code,314,723
KIVI-2,181709,YAML to XML,T-conversion,YAML,XML,both_fail,unchanged,unchanged,0,0,0.0,0.0,0.0,0.0,0.0,0.0,end_code,eos,316,659
KIVI-2,181710,YAML to XML,T-conversion,YAML,XML,both_pass,unchanged,unchanged,1,1,0.2,0.2,0.0,0.0,0.0,0.0,end_code,eos,243,244
KIVI-2,181711,YAML to XML,T-conversion,YAML,XML,both_fail,unchanged,unchanged,0,0,0.0,0.0,0.0,0.0,0.0,0.0,end_code,end_code,346,306
KIVI-2,181712,YAML to XML,T-conversion,YAML,XML,fp16_only,regressed,regressed,1,0,0.38,0.0,-0.38,0.2222222222222222,0.0,-0.2222222222222222,end_code,eos,472,477
KIVI-2,181713,YAML to XML,T-conversion,YAML,XML,both_fail,unchanged,unchanged,0,0,0.0,0.0,0.0,0.0,0.0,0.0,end_code,end_code,320,300
KIVI-2,181714,YAML to XML,T-conversion,YAML,XML,both_fail,unchanged,unchanged,0,0,0.0,0.0,0.0,0.0,0.0,0.0,end_code,end_code,509,1041
KIVI-2,181715,YAML to XML,T-conversion,YAML,XML,candidate_only,improved,improved,0,1,0.0,0.5,0.5,0.0,0.375,0.375,end_code,end_code,276,282
KIVI-2,181716,YAML to XML,T-conversion,YAML,XML,both_fail,unchanged,unchanged,0,0,0.0,0.0,0.0,0.0,0.0,0.0,end_code,end_code,246,617
KIVI-2,181717,YAML to XML,T-conversion,YAML,XML,both_fail,unchanged,unchanged,0,0,0.0,0.0,0.0,0.0,0.0,0.0,end_code,end_code,191,262
KIVI-2,181718,YAML to XML,T-conversion,YAML,XML,both_pass,unchanged,unchanged,1,1,0.2,0.2,0.0,0.0,0.0,0.0,end_code,end_code,271,328
KIVI-2,181719,YAML to XML,T-conversion,YAML,XML,both_fail,unchanged,unchanged,0,0,0.0,0.0,0.0,0.0,0.0,0.0,end_code,end_code,403,333
KIVI-2,181720,YAML to XML,T-conversion,YAML,XML,both_fail,unchanged,unchanged,0,0,0.0,0.0,0.0,0.0,0.0,0.0,end_code,end_code,256,367
KIVI-2,181721,YAML to XML,T-conversion,YAML,XML,both_fail,unchanged,unchanged,0,0,0.0,0.0,0.0,0.0,0.0,0.0,end_code,end_code,223,179
KIVI-2,181722,YAML to XML,T-conversion,YAML,XML,both_fail,unchanged,unchanged,0,0,0.0,0.0,0.0,0.0,0.0,0.0,end_code,end_code,298,247
KIVI-2,181723,YAML to XML,T-conversion,YAML,XML,both_fail,unchanged,unchanged,0,0,0.0,0.0,0.0,0.0,0.0,0.0,end_code,eos,267,498
KIVI-2,181724,YAML to XML,T-conversion,YAML,XML,both_fail,unchanged,unchanged,0,0,0.0,0.0,0.0,0.0,0.0,0.0,end_code,end_code,227,316
KIVI-2,181725,YAML to XML,T-conversion,YAML,XML,candidate_only,improved,improved,0,1,0.0,0.6,0.6,0.0,0.5,0.5,end_code,end_code,175,203
KIVI-2,181726,YAML to XML,T-conversion,YAML,XML,candidate_only,improved,unchanged,0,1,0.0,0.2,0.2,0.0,0.0,0.0,end_code,eos,309,278
KIVI-2,181727,YAML to XML,T-conversion,YAML,XML,candidate_only,improved,improved,0,1,0.0,0.6,0.6,0.0,0.5,0.5,end_code,end_code,240,273
KIVI-2,181728,YAML to XML,T-conversion,YAML,XML,candidate_only,improved,unchanged,0,1,0.0,0.2,0.2,0.0,0.0,0.0,end_code,eos,361,436
KIVI-2,181729,YAML to XML,T-conversion,YAML,XML,both_fail,unchanged,unchanged,0,0,0.0,0.0,0.0,0.0,0.0,0.0,end_code,end_code,226,1022
KIVI-2,181730,YAML to XML,T-conversion,YAML,XML,both_fail,unchanged,unchanged,0,0,0.0,0.0,0.0,0.0,0.0,0.0,end_code,eos,194,320
KIVI-2,181731,YAML to XML,T-conversion,YAML,XML,both_fail,unchanged,unchanged,0,0,0.0,0.0,0.0,0.0,0.0,0.0,end_code,end_code,542,1229
KIVI-2,181732,YAML to XML,T-conversion,YAML,XML,both_fail,unchanged,unchanged,0,0,0.0,0.0,0.0,0.0,0.0,0.0,end_code,end_code,243,540
KIVI-2,181733,YAML to XML,T-conversion,YAML,XML,candidate_only,improved,unchanged,0,1,0.0,0.2,0.2,0.0,0.0,0.0,end_code,eos,284,369
KIVI-2,181734,YAML to XML,T-conversion,YAML,XML,both_fail,unchanged,unchanged,0,0,0.0,0.0,0.0,0.0,0.0,0.0,end_code,eos,230,464
KIVI-2,181735,YAML to XML,T-conversion,YAML,XML,both_fail,unchanged,unchanged,0,0,0.0,0.0,0.0,0.0,0.0,0.0,end_code,eos,196,351
KIVI-2,181736,YAML to XML,T-conversion,YAML,XML,both_fail,unchanged,unchanged,0,0,0.0,0.0,0.0,0.0,0.0,0.0,end_code,end_code,211,295
KIVI-2,181737,YAML to XML,T-conversion,YAML,XML,both_fail,unchanged,unchanged,0,0,0.0,0.0,0.0,0.0,0.0,0.0,end_code,end_code,270,679
KIVI-2,181738,YAML to XML,T-conversion,YAML,XML,both_fail,unchanged,unchanged,0,0,0.0,0.0,0.0,0.0,0.0,0.0,end_code,end_code,213,211
KIVI-2,181739,YAML to XML,T-conversion,YAML,XML,candidate_only,improved,improved,0,1,0.0,0.54,0.54,0.0,0.42857142857142855,0.42857142857142855,end_code,end_code,259,297
KIVI-2,181740,YAML to XML,T-conversion,YAML,XML,both_fail,unchanged,unchanged,0,0,0.0,0.0,0.0,0.0,0.0,0.0,end_code,end_code,357,671
KIVI-2,181741,YAML to XML,T-conversion,YAML,XML,both_fail,unchanged,unchanged,0,0,0.0,0.0,0.0,0.0,0.0,0.0,end_code,end_code,144,164
KIVI-2,181742,YAML to XML,T-conversion,YAML,XML,both_fail,unchanged,unchanged,0,0,0.0,0.0,0.0,0.0,0.0,0.0,end_code,end_code,241,418
KIVI-2,181743,YAML to XML,T-conversion,YAML,XML,both_fail,unchanged,unchanged,0,0,0.0,0.0,0.0,0.0,0.0,0.0,end_code,eos,289,415
KIVI-2,181744,YAML to XML,T-conversion,YAML,XML,both_fail,unchanged,unchanged,0,0,0.0,0.0,0.0,0.0,0.0,0.0,end_code,end_code,157,172
KIVI-2,181745,YAML to XML,T-conversion,YAML,XML,both_fail,unchanged,unchanged,0,0,0.0,0.0,0.0,0.0,0.0,0.0,end_code,end_code,354,639
KIVI-2,181746,YAML to XML,T-conversion,YAML,XML,candidate_only,improved,unchanged,0,1,0.0,0.2,0.2,0.0,0.0,0.0,end_code,eos,225,371
KIVI-2,181747,YAML to XML,T-conversion,YAML,XML,both_fail,unchanged,unchanged,0,0,0.0,0.0,0.0,0.0,0.0,0.0,end_code,end_code,217,386
KIVI-2,181748,YAML to XML,T-conversion,YAML,XML,both_fail,unchanged,unchanged,0,0,0.0,0.0,0.0,0.0,0.0,0.0,end_code,eos,425,292
KIVI-2,181749,YAML to XML,T-conversion,YAML,XML,candidate_only,improved,improved,0,1,0.0,0.52,0.52,0.0,0.4,0.4,end_code,end_code,277,311
KIVI-2,180200,YAML to CSV,T-conversion,YAML,CSV,both_pass,unchanged,unchanged,1,1,0.2,0.2,0.0,0.0,0.0,0.0,end_code,end_code,276,428
KIVI-2,180201,YAML to CSV,T-conversion,YAML,CSV,both_pass,regressed,regressed,1,1,0.77,0.2,-0.5700000000000001,0.7142857142857143,0.0,-0.7142857142857143,eos,end_code,265,261
KIVI-2,180202,YAML to CSV,T-conversion,YAML,CSV,both_pass,unchanged,unchanged,1,1,0.2,0.2,0.0,0.0,0.0,0.0,end_code,end_code,302,292
KIVI-2,180203,YAML to CSV,T-conversion,YAML,CSV,both_pass,unchanged,unchanged,1,1,0.2,0.2,0.0,0.0,0.0,0.0,end_code,end_code,201,205
KIVI-2,180204,YAML to CSV,T-conversion,YAML,CSV,both_pass,unchanged,unchanged,1,1,0.87,0.87,0.0,0.8333333333333334,0.8333333333333334,0.0,end_code,end_code,234,234
KIVI-2,180205,YAML to CSV,T-conversion,YAML,CSV,both_pass,unchanged,unchanged,1,1,0.2,0.2,0.0,0.0,0.0,0.0,eos,eos,247,403
KIVI-2,180206,YAML to CSV,T-conversion,YAML,CSV,both_pass,regressed,regressed,1,1,0.73,0.2,-0.53,0.6666666666666666,0.0,-0.6666666666666666,eos,eos,290,527
KIVI-2,180207,YAML to CSV,T-conversion,YAML,CSV,both_pass,unchanged,unchanged,1,1,0.2,0.2,0.0,0.0,0.0,0.0,eos,end_code,225,223
KIVI-2,180208,YAML to CSV,T-conversion,YAML,CSV,both_pass,regressed,regressed,1,1,0.6,0.2,-0.39999999999999997,0.5,0.0,-0.5,eos,end_code,264,256
KIVI-2,180209,YAML to CSV,T-conversion,YAML,CSV,both_pass,regressed,regressed,1,1,0.73,0.2,-0.53,0.6666666666666666,0.0,-0.6666666666666666,end_code,end_code,232,225
KIVI-2,180210,YAML to CSV,T-conversion,YAML,CSV,both_pass,improved,improved,1,1,0.2,0.73,0.53,0.0,0.6666666666666666,0.6666666666666666,eos,end_code,249,249
KIVI-2,180211,YAML to CSV,T-conversion,YAML,CSV,both_pass,improved,improved,1,1,0.2,0.33,0.13,0.0,0.16666666666666666,0.16666666666666666,end_code,end_code,188,188
KIVI-2,180212,YAML to CSV,T-conversion,YAML,CSV,both_pass,unchanged,unchanged,1,1,0.2,0.2,0.0,0.0,0.0,0.0,eos,eos,244,233
KIVI-2,180213,YAML to CSV,T-conversion,YAML,CSV,both_pass,unchanged,unchanged,1,1,0.2,0.2,0.0,0.0,0.0,0.0,end_code,eos,268,406
KIVI-2,180214,YAML to CSV,T-conversion,YAML,CSV,both_pass,unchanged,unchanged,1,1,0.2,0.2,0.0,0.0,0.0,0.0,eos,end_code,263,259
KIVI-2,180215,YAML to CSV,T-conversion,YAML,CSV,both_pass,unchanged,unchanged,1,1,0.2,0.2,0.0,0.0,0.0,0.0,end_code,end_code,237,275
KIVI-2,180216,YAML to CSV,T-conversion,YAML,CSV,both_pass,unchanged,unchanged,1,1,0.87,0.87,0.0,0.8333333333333334,0.8333333333333334,0.0,end_code,eos,256,450
KIVI-2,180217,YAML to CSV,T-conversion,YAML,CSV,both_pass,regressed,regressed,1,1,0.73,0.2,-0.53,0.6666666666666666,0.0,-0.6666666666666666,eos,end_code,233,411
KIVI-2,180218,YAML to CSV,T-conversion,YAML,CSV,both_pass,unchanged,unchanged,1,1,0.2,0.2,0.0,0.0,0.0,0.0,end_code,end_code,269,276
KIVI-2,180219,YAML to CSV,T-conversion,YAML,CSV,both_pass,unchanged,unchanged,1,1,0.2,0.2,0.0,0.0,0.0,0.0,eos,eos,282,286
KIVI-2,180220,YAML to CSV,T-conversion,YAML,CSV,both_pass,regressed,regressed,1,1,0.73,0.2,-0.53,0.6666666666666666,0.0,-0.6666666666666666,eos,end_code,250,434
KIVI-2,180221,YAML to CSV,T-conversion,YAML,CSV,both_pass,unchanged,unchanged,1,1,0.2,0.2,0.0,0.0,0.0,0.0,end_code,end_code,272,242
KIVI-2,180222,YAML to CSV,T-conversion,YAML,CSV,both_pass,unchanged,unchanged,1,1,0.2,0.2,0.0,0.0,0.0,0.0,end_code,end_code,255,247
KIVI-2,180223,YAML to CSV,T-conversion,YAML,CSV,both_pass,regressed,regressed,1,1,0.73,0.2,-0.53,0.6666666666666666,0.0,-0.6666666666666666,eos,end_code,236,339
KIVI-2,180224,YAML to CSV,T-conversion,YAML,CSV,both_pass,unchanged,unchanged,1,1,0.2,0.2,0.0,0.0,0.0,0.0,end_code,end_code,209,216
KIVI-2,180225,YAML to CSV,T-conversion,YAML,CSV,both_pass,unchanged,unchanged,1,1,0.2,0.2,0.0,0.0,0.0,0.0,end_code,end_code,237,407
KIVI-2,180226,YAML to CSV,T-conversion,YAML,CSV,both_pass,regressed,regressed,1,1,0.73,0.2,-0.53,0.6666666666666666,0.0,-0.6666666666666666,eos,end_code,254,248
KIVI-2,180227,YAML to CSV,T-conversion,YAML,CSV,both_pass,unchanged,unchanged,1,1,0.2,0.2,0.0,0.0,0.0,0.0,end_code,end_code,271,303
KIVI-2,180228,YAML to CSV,T-conversion,YAML,CSV,both_pass,regressed,regressed,1,1,0.73,0.2,-0.53,0.6666666666666666,0.0,-0.6666666666666666,eos,eos,268,252
KIVI-2,180229,YAML to CSV,T-conversion,YAML,CSV,both_pass,unchanged,unchanged,1,1,0.2,0.2,0.0,0.0,0.0,0.0,end_code,end_code,265,265
KIVI-2,180230,YAML to CSV,T-conversion,YAML,CSV,both_pass,unchanged,unchanged,1,1,0.2,0.2,0.0,0.0,0.0,0.0,eos,end_code,293,298
KIVI-2,180231,YAML to CSV,T-conversion,YAML,CSV,both_pass,unchanged,unchanged,1,1,0.2,0.2,0.0,0.0,0.0,0.0,eos,end_code,234,693
KIVI-2,180232,YAML to CSV,T-conversion,YAML,CSV,both_pass,unchanged,unchanged,1,1,0.2,0.2,0.0,0.0,0.0,0.0,eos,end_code,278,270
KIVI-2,180233,YAML to CSV,T-conversion,YAML,CSV,both_pass,unchanged,unchanged,1,1,0.2,0.2,0.0,0.0,0.0,0.0,end_code,end_code,205,223
KIVI-2,180234,YAML to CSV,T-conversion,YAML,CSV,both_pass,regressed,regressed,1,1,0.33,0.2,-0.13,0.16666666666666666,0.0,-0.16666666666666666,end_code,end_code,254,257
KIVI-2,180235,YAML to CSV,T-conversion,YAML,CSV,both_pass,unchanged,unchanged,1,1,0.2,0.2,0.0,0.0,0.0,0.0,end_code,end_code,283,284
KIVI-2,180236,YAML to CSV,T-conversion,YAML,CSV,both_pass,unchanged,unchanged,1,1,0.2,0.2,0.0,0.0,0.0,0.0,eos,end_code,265,257
KIVI-2,180237,YAML to CSV,T-conversion,YAML,CSV,both_pass,improved,improved,1,1,0.73,0.87,0.14,0.6666666666666666,0.8333333333333334,0.16666666666666674,eos,end_code,265,746
KIVI-2,180238,YAML to CSV,T-conversion,YAML,CSV,both_pass,unchanged,unchanged,1,1,0.2,0.2,0.0,0.0,0.0,0.0,eos,end_code,234,232
KIVI-2,180239,YAML to CSV,T-conversion,YAML,CSV,both_pass,unchanged,unchanged,1,1,0.2,0.2,0.0,0.0,0.0,0.0,eos,end_code,268,265
KIVI-2,180240,YAML to CSV,T-conversion,YAML,CSV,both_pass,unchanged,unchanged,1,1,0.2,0.2,0.0,0.0,0.0,0.0,end_code,end_code,292,290
KIVI-2,180241,YAML to CSV,T-conversion,YAML,CSV,both_pass,regressed,regressed,1,1,0.73,0.2,-0.53,0.6666666666666666,0.0,-0.6666666666666666,eos,end_code,238,283
KIVI-2,180242,YAML to CSV,T-conversion,YAML,CSV,both_pass,improved,improved,1,1,0.87,1.0,0.13,0.8333333333333334,1.0,0.16666666666666663,end_code,end_code,247,436
KIVI-2,180243,YAML to CSV,T-conversion,YAML,CSV,both_pass,unchanged,unchanged,1,1,0.87,0.87,0.0,0.8333333333333334,0.8333333333333334,0.0,end_code,end_code,271,271
KIVI-2,180244,YAML to CSV,T-conversion,YAML,CSV,both_pass,unchanged,unchanged,1,1,0.2,0.2,0.0,0.0,0.0,0.0,eos,end_code,265,476
KIVI-2,180245,YAML to CSV,T-conversion,YAML,CSV,both_pass,unchanged,unchanged,1,1,0.2,0.2,0.0,0.0,0.0,0.0,eos,end_code,292,289
KIVI-2,180246,YAML to CSV,T-conversion,YAML,CSV,both_pass,unchanged,unchanged,1,1,0.2,0.2,0.0,0.0,0.0,0.0,eos,end_code,280,498
KIVI-2,180247,YAML to CSV,T-conversion,YAML,CSV,both_pass,unchanged,unchanged,1,1,0.73,0.73,0.0,0.6666666666666666,0.6666666666666666,0.0,eos,end_code,221,219
KIVI-2,180248,YAML to CSV,T-conversion,YAML,CSV,both_pass,unchanged,unchanged,1,1,0.2,0.2,0.0,0.0,0.0,0.0,eos,end_code,274,499
KIVI-2,180249,YAML to CSV,T-conversion,YAML,CSV,both_pass,improved,improved,1,1,0.87,1.0,0.13,0.8333333333333334,1.0,0.16666666666666663,end_code,end_code,247,284
KIVI-2,100500,TOML to JSON,T-conversion,TOML,JSON,both_fail,unchanged,unchanged,0,0,0.0,0.0,0.0,0.0,0.0,0.0,end_code,end_code,251,350
KIVI-2,100501,TOML to JSON,T-conversion,TOML,JSON,fp16_only,regressed,regressed,1,0,1.0,0.0,-1.0,1.0,0.0,-1.0,end_code,eos,369,437
KIVI-2,100502,TOML to JSON,T-conversion,TOML,JSON,both_fail,unchanged,unchanged,0,0,0.0,0.0,0.0,0.0,0.0,0.0,end_code,eos,324,310
KIVI-2,100503,TOML to JSON,T-conversion,TOML,JSON,both_fail,unchanged,unchanged,0,0,0.0,0.0,0.0,0.0,0.0,0.0,eos,eos,262,389
KIVI-2,100504,TOML to JSON,T-conversion,TOML,JSON,both_fail,unchanged,unchanged,0,0,0.0,0.0,0.0,0.0,0.0,0.0,end_code,eos,300,445
KIVI-2,100505,TOML to JSON,T-conversion,TOML,JSON,fp16_only,regressed,regressed,1,0,1.0,0.0,-1.0,1.0,0.0,-1.0,end_code,end_code,464,488
KIVI-2,100506,TOML to JSON,T-conversion,TOML,JSON,both_fail,unchanged,unchanged,0,0,0.0,0.0,0.0,0.0,0.0,0.0,end_code,end_code,258,298
KIVI-2,100507,TOML to JSON,T-conversion,TOML,JSON,fp16_only,regressed,regressed,1,0,1.0,0.0,-1.0,1.0,0.0,-1.0,end_code,end_code,631,383
KIVI-2,100508,TOML to JSON,T-conversion,TOML,JSON,both_fail,unchanged,unchanged,0,0,0.0,0.0,0.0,0.0,0.0,0.0,end_code,end_code,368,472
KIVI-2,100509,TOML to JSON,T-conversion,TOML,JSON,fp16_only,regressed,regressed,1,0,1.0,0.0,-1.0,1.0,0.0,-1.0,end_code,end_code,396,380
KIVI-2,100510,TOML to JSON,T-conversion,TOML,JSON,both_fail,unchanged,unchanged,0,0,0.0,0.0,0.0,0.0,0.0,0.0,end_code,end_code,325,332
KIVI-2,100511,TOML to JSON,T-conversion,TOML,JSON,both_fail,unchanged,unchanged,0,0,0.0,0.0,0.0,0.0,0.0,0.0,end_code,eos,319,376
KIVI-2,100512,TOML to JSON,T-conversion,TOML,JSON,both_fail,unchanged,unchanged,0,0,0.0,0.0,0.0,0.0,0.0,0.0,end_code,eos,318,326
KIVI-2,100513,TOML to JSON,T-conversion,TOML,JSON,fp16_only,regressed,unchanged,1,0,0.2,0.0,-0.2,0.0,0.0,0.0,end_code,end_code,371,352
KIVI-2,100514,TOML to JSON,T-conversion,TOML,JSON,both_fail,unchanged,unchanged,0,0,0.0,0.0,0.0,0.0,0.0,0.0,end_code,end_code,373,298
KIVI-2,100515,TOML to JSON,T-conversion,TOML,JSON,both_fail,unchanged,unchanged,0,0,0.0,0.0,0.0,0.0,0.0,0.0,end_code,end_code,276,345
KIVI-2,100516,TOML to JSON,T-conversion,TOML,JSON,both_fail,unchanged,unchanged,0,0,0.0,0.0,0.0,0.0,0.0,0.0,end_code,end_code,231,368
KIVI-2,100517,TOML to JSON,T-conversion,TOML,JSON,both_fail,unchanged,unchanged,0,0,0.0,0.0,0.0,0.0,0.0,0.0,end_code,eos,352,327
KIVI-2,100518,TOML to JSON,T-conversion,TOML,JSON,both_fail,unchanged,unchanged,0,0,0.0,0.0,0.0,0.0,0.0,0.0,end_code,end_code,870,368
KIVI-2,100519,TOML to JSON,T-conversion,TOML,JSON,candidate_only,improved,improved,0,1,0.0,1.0,1.0,0.0,1.0,1.0,end_code,end_code,522,325
KIVI-2,100520,TOML to JSON,T-conversion,TOML,JSON,both_fail,unchanged,unchanged,0,0,0.0,0.0,0.0,0.0,0.0,0.0,end_code,end_code,274,353
KIVI-2,100521,TOML to JSON,T-conversion,TOML,JSON,both_fail,unchanged,unchanged,0,0,0.0,0.0,0.0,0.0,0.0,0.0,end_code,end_code,647,490
KIVI-2,100522,TOML to JSON,T-conversion,TOML,JSON,candidate_only,improved,improved,0,1,0.0,0.86,0.86,0.0,0.8235294117647058,0.8235294117647058,end_code,eos,194,259
KIVI-2,100523,TOML to JSON,T-conversion,TOML,JSON,both_fail,unchanged,unchanged,0,0,0.0,0.0,0.0,0.0,0.0,0.0,eos,end_code,284,389
KIVI-2,100524,TOML to JSON,T-conversion,TOML,JSON,both_fail,unchanged,unchanged,0,0,0.0,0.0,0.0,0.0,0.0,0.0,end_code,end_code,376,416
KIVI-2,100525,TOML to JSON,T-conversion,TOML,JSON,both_fail,unchanged,unchanged,0,0,0.0,0.0,0.0,0.0,0.0,0.0,end_code,end_code,319,323
KIVI-2,100526,TOML to JSON,T-conversion,TOML,JSON,both_fail,unchanged,unchanged,0,0,0.0,0.0,0.0,0.0,0.0,0.0,end_code,eos,318,332
KIVI-2,100527,TOML to JSON,T-conversion,TOML,JSON,both_fail,unchanged,unchanged,0,0,0.0,0.0,0.0,0.0,0.0,0.0,end_code,eos,382,484
KIVI-2,100528,TOML to JSON,T-conversion,TOML,JSON,both_fail,unchanged,unchanged,0,0,0.0,0.0,0.0,0.0,0.0,0.0,end_code,end_code,355,357
KIVI-2,100529,TOML to JSON,T-conversion,TOML,JSON,both_fail,unchanged,unchanged,0,0,0.0,0.0,0.0,0.0,0.0,0.0,end_code,end_code,395,437
KIVI-2,100530,TOML to JSON,T-conversion,TOML,JSON,both_fail,unchanged,unchanged,0,0,0.0,0.0,0.0,0.0,0.0,0.0,end_code,eos,359,292
KIVI-2,100531,TOML to JSON,T-conversion,TOML,JSON,both_fail,unchanged,unchanged,0,0,0.0,0.0,0.0,0.0,0.0,0.0,end_code,eos,287,374
KIVI-2,100532,TOML to JSON,T-conversion,TOML,JSON,candidate_only,improved,improved,0,1,0.0,1.0,1.0,0.0,1.0,1.0,end_code,end_code,697,502
KIVI-2,100533,TOML to JSON,T-conversion,TOML,JSON,both_fail,unchanged,unchanged,0,0,0.0,0.0,0.0,0.0,0.0,0.0,end_code,end_code,330,331
KIVI-2,100534,TOML to JSON,T-conversion,TOML,JSON,both_fail,unchanged,unchanged,0,0,0.0,0.0,0.0,0.0,0.0,0.0,end_code,eos,349,303
KIVI-2,100535,TOML to JSON,T-conversion,TOML,JSON,both_fail,unchanged,unchanged,0,0,0.0,0.0,0.0,0.0,0.0,0.0,end_code,end_code,303,304
KIVI-2,100536,TOML to JSON,T-conversion,TOML,JSON,both_fail,unchanged,unchanged,0,0,0.0,0.0,0.0,0.0,0.0,0.0,end_code,end_code,247,304
KIVI-2,100537,TOML to JSON,T-conversion,TOML,JSON,both_fail,unchanged,unchanged,0,0,0.0,0.0,0.0,0.0,0.0,0.0,end_code,end_code,363,450
KIVI-2,100538,TOML to JSON,T-conversion,TOML,JSON,both_fail,unchanged,unchanged,0,0,0.0,0.0,0.0,0.0,0.0,0.0,end_code,end_code,325,552
KIVI-2,100539,TOML to JSON,T-conversion,TOML,JSON,fp16_only,regressed,regressed,1,0,1.0,0.0,-1.0,1.0,0.0,-1.0,end_code,end_code,561,497
KIVI-2,100540,TOML to JSON,T-conversion,TOML,JSON,fp16_only,regressed,unchanged,1,0,0.2,0.0,-0.2,0.0,0.0,0.0,end_code,end_code,535,404
KIVI-2,100541,TOML to JSON,T-conversion,TOML,JSON,both_fail,unchanged,unchanged,0,0,0.0,0.0,0.0,0.0,0.0,0.0,end_code,end_code,402,351
KIVI-2,100542,TOML to JSON,T-conversion,TOML,JSON,both_fail,unchanged,unchanged,0,0,0.0,0.0,0.0,0.0,0.0,0.0,end_code,end_code,263,250
KIVI-2,100543,TOML to JSON,T-conversion,TOML,JSON,both_fail,unchanged,unchanged,0,0,0.0,0.0,0.0,0.0,0.0,0.0,eos,eos,296,439
KIVI-2,100544,TOML to JSON,T-conversion,TOML,JSON,both_fail,unchanged,unchanged,0,0,0.0,0.0,0.0,0.0,0.0,0.0,end_code,eos,264,394
KIVI-2,100545,TOML to JSON,T-conversion,TOML,JSON,both_fail,unchanged,unchanged,0,0,0.0,0.0,0.0,0.0,0.0,0.0,end_code,end_code,250,298
KIVI-2,100546,TOML to JSON,T-conversion,TOML,JSON,both_fail,unchanged,unchanged,0,0,0.0,0.0,0.0,0.0,0.0,0.0,end_code,end_code,342,360
KIVI-2,100547,TOML to JSON,T-conversion,TOML,JSON,both_fail,unchanged,unchanged,0,0,0.0,0.0,0.0,0.0,0.0,0.0,end_code,eos,349,374
KIVI-2,100548,TOML to JSON,T-conversion,TOML,JSON,both_fail,unchanged,unchanged,0,0,0.0,0.0,0.0,0.0,0.0,0.0,end_code,end_code,635,377
KIVI-2,100549,TOML to JSON,T-conversion,TOML,JSON,both_fail,unchanged,unchanged,0,0,0.0,0.0,0.0,0.0,0.0,0.0,end_code,eos,311,314
KIVI-2,021800,CSV to YAML,T-conversion,CSV,YAML,both_pass,unchanged,unchanged,1,1,0.2,0.2,0.0,0.0,0.0,0.0,end_code,end_code,250,244
KIVI-2,021801,CSV to YAML,T-conversion,CSV,YAML,fp16_only,regressed,regressed,1,0,1.0,0.0,-1.0,1.0,0.0,-1.0,end_code,end_code,190,189
KIVI-2,021802,CSV to YAML,T-conversion,CSV,YAML,fp16_only,regressed,regressed,1,0,1.0,0.0,-1.0,1.0,0.0,-1.0,end_code,eos,255,302
KIVI-2,021803,CSV to YAML,T-conversion,CSV,YAML,both_fail,unchanged,unchanged,0,0,0.0,0.0,0.0,0.0,0.0,0.0,end_code,eos,322,286
KIVI-2,021804,CSV to YAML,T-conversion,CSV,YAML,both_pass,improved,improved,1,1,0.2,0.71,0.51,0.0,0.6363636363636364,0.6363636363636364,end_code,end_code,198,208
KIVI-2,021805,CSV to YAML,T-conversion,CSV,YAML,fp16_only,regressed,unchanged,1,0,0.2,0.0,-0.2,0.0,0.0,0.0,end_code,end_code,260,354
KIVI-2,021806,CSV to YAML,T-conversion,CSV,YAML,fp16_only,regressed,regressed,1,0,1.0,0.0,-1.0,1.0,0.0,-1.0,end_code,end_code,183,195
KIVI-2,021807,CSV to YAML,T-conversion,CSV,YAML,both_pass,unchanged,unchanged,1,1,1.0,1.0,0.0,1.0,1.0,0.0,end_code,end_code,168,168
KIVI-2,021808,CSV to YAML,T-conversion,CSV,YAML,fp16_only,regressed,regressed,1,0,1.0,0.0,-1.0,1.0,0.0,-1.0,end_code,eos,208,205
KIVI-2,021809,CSV to YAML,T-conversion,CSV,YAML,both_fail,unchanged,unchanged,0,0,0.0,0.0,0.0,0.0,0.0,0.0,end_code,eos,345,406
KIVI-2,021810,CSV to YAML,T-conversion,CSV,YAML,fp16_only,regressed,regressed,1,0,0.92,0.0,-0.92,0.9047619047619048,0.0,-0.9047619047619048,end_code,eos,249,285
KIVI-2,021811,CSV to YAML,T-conversion,CSV,YAML,fp16_only,regressed,regressed,1,0,1.0,0.0,-1.0,1.0,0.0,-1.0,end_code,end_code,163,416
KIVI-2,021812,CSV to YAML,T-conversion,CSV,YAML,both_pass,unchanged,unchanged,1,1,0.2,0.2,0.0,0.0,0.0,0.0,end_code,end_code,204,469
KIVI-2,021813,CSV to YAML,T-conversion,CSV,YAML,both_pass,unchanged,unchanged,1,1,0.2,0.2,0.0,0.0,0.0,0.0,end_code,end_code,308,353
KIVI-2,021814,CSV to YAML,T-conversion,CSV,YAML,fp16_only,regressed,regressed,1,0,0.93,0.0,-0.93,0.9090909090909091,0.0,-0.9090909090909091,end_code,end_code,167,200
KIVI-2,021815,CSV to YAML,T-conversion,CSV,YAML,both_pass,unchanged,unchanged,1,1,1.0,1.0,0.0,1.0,1.0,0.0,end_code,end_code,199,199
KIVI-2,021816,CSV to YAML,T-conversion,CSV,YAML,both_pass,unchanged,unchanged,1,1,0.2,0.2,0.0,0.0,0.0,0.0,end_code,end_code,219,215
KIVI-2,021817,CSV to YAML,T-conversion,CSV,YAML,both_pass,unchanged,unchanged,1,1,0.2,0.2,0.0,0.0,0.0,0.0,end_code,end_code,404,691
KIVI-2,021818,CSV to YAML,T-conversion,CSV,YAML,both_pass,unchanged,unchanged,1,1,0.37,0.37,0.0,0.21428571428571427,0.21428571428571427,0.0,end_code,end_code,194,199
KIVI-2,021819,CSV to YAML,T-conversion,CSV,YAML,fp16_only,regressed,unchanged,1,0,0.2,0.0,-0.2,0.0,0.0,0.0,end_code,end_code,358,335
KIVI-2,021820,CSV to YAML,T-conversion,CSV,YAML,both_pass,regressed,regressed,1,1,1.0,0.55,-0.44999999999999996,1.0,0.4375,-0.5625,end_code,end_code,170,306
KIVI-2,021821,CSV to YAML,T-conversion,CSV,YAML,fp16_only,regressed,unchanged,1,0,0.2,0.0,-0.2,0.0,0.0,0.0,end_code,eos,557,368
KIVI-2,021822,CSV to YAML,T-conversion,CSV,YAML,both_pass,regressed,regressed,1,1,1.0,0.73,-0.27,1.0,0.6666666666666666,-0.33333333333333337,end_code,end_code,196,244
KIVI-2,021823,CSV to YAML,T-conversion,CSV,YAML,both_pass,unchanged,unchanged,1,1,0.75,0.75,0.0,0.6923076923076923,0.6923076923076923,0.0,end_code,end_code,375,475
KIVI-2,021824,CSV to YAML,T-conversion,CSV,YAML,fp16_only,regressed,regressed,1,0,0.53,0.0,-0.53,0.4117647058823529,0.0,-0.4117647058823529,end_code,end_code,409,580
KIVI-2,021825,CSV to YAML,T-conversion,CSV,YAML,fp16_only,regressed,regressed,1,0,1.0,0.0,-1.0,1.0,0.0,-1.0,end_code,eos,189,305
KIVI-2,021826,CSV to YAML,T-conversion,CSV,YAML,both_pass,unchanged,unchanged,1,1,0.86,0.86,0.0,0.8235294117647058,0.8235294117647058,0.0,end_code,end_code,211,211
KIVI-2,021827,CSV to YAML,T-conversion,CSV,YAML,both_pass,unchanged,unchanged,1,1,0.2,0.2,0.0,0.0,0.0,0.0,end_code,end_code,271,275
KIVI-2,021828,CSV to YAML,T-conversion,CSV,YAML,both_fail,unchanged,unchanged,0,0,0.0,0.0,0.0,0.0,0.0,0.0,end_code,end_code,194,260
KIVI-2,021829,CSV to YAML,T-conversion,CSV,YAML,both_pass,unchanged,unchanged,1,1,0.2,0.2,0.0,0.0,0.0,0.0,end_code,end_code,218,240
KIVI-2,021830,CSV to YAML,T-conversion,CSV,YAML,both_pass,unchanged,unchanged,1,1,0.2,0.2,0.0,0.0,0.0,0.0,end_code,end_code,792,544
KIVI-2,021831,CSV to YAML,T-conversion,CSV,YAML,both_pass,unchanged,unchanged,1,1,1.0,1.0,0.0,1.0,1.0,0.0,end_code,end_code,206,208
KIVI-2,021832,CSV to YAML,T-conversion,CSV,YAML,both_fail,unchanged,unchanged,0,0,0.0,0.0,0.0,0.0,0.0,0.0,end_code,end_code,220,226
KIVI-2,021833,CSV to YAML,T-conversion,CSV,YAML,both_pass,unchanged,unchanged,1,1,0.2,0.2,0.0,0.0,0.0,0.0,end_code,end_code,299,305
KIVI-2,021834,CSV to YAML,T-conversion,CSV,YAML,fp16_only,regressed,unchanged,1,0,0.2,0.0,-0.2,0.0,0.0,0.0,end_code,end_code,350,396
KIVI-2,021835,CSV to YAML,T-conversion,CSV,YAML,fp16_only,regressed,regressed,1,0,0.93,0.0,-0.93,0.9166666666666666,0.0,-0.9166666666666666,end_code,end_code,190,210
KIVI-2,021836,CSV to YAML,T-conversion,CSV,YAML,both_fail,unchanged,unchanged,0,0,0.0,0.0,0.0,0.0,0.0,0.0,end_code,end_code,324,427
KIVI-2,021837,CSV to YAML,T-conversion,CSV,YAML,fp16_only,regressed,regressed,1,0,0.55,0.0,-0.55,0.4375,0.0,-0.4375,end_code,eos,187,220
KIVI-2,021838,CSV to YAML,T-conversion,CSV,YAML,both_fail,unchanged,unchanged,0,0,0.0,0.0,0.0,0.0,0.0,0.0,end_code,end_code,228,232
KIVI-2,021839,CSV to YAML,T-conversion,CSV,YAML,both_pass,unchanged,unchanged,1,1,0.2,0.2,0.0,0.0,0.0,0.0,end_code,end_code,193,193
KIVI-2,021840,CSV to YAML,T-conversion,CSV,YAML,fp16_only,regressed,unchanged,1,0,0.2,0.0,-0.2,0.0,0.0,0.0,end_code,end_code,382,391
KIVI-2,021841,CSV to YAML,T-conversion,CSV,YAML,both_fail,unchanged,unchanged,0,0,0.0,0.0,0.0,0.0,0.0,0.0,end_code,end_code,513,623
KIVI-2,021842,CSV to YAML,T-conversion,CSV,YAML,fp16_only,regressed,regressed,1,0,0.6,0.0,-0.6,0.5,0.0,-0.5,end_code,eos,319,569
KIVI-2,021843,CSV to YAML,T-conversion,CSV,YAML,fp16_only,regressed,unchanged,1,0,0.2,0.0,-0.2,0.0,0.0,0.0,end_code,end_code,231,332
KIVI-2,021844,CSV to YAML,T-conversion,CSV,YAML,both_pass,unchanged,unchanged,1,1,0.2,0.2,0.0,0.0,0.0,0.0,end_code,end_code,328,371
KIVI-2,021845,CSV to YAML,T-conversion,CSV,YAML,candidate_only,improved,improved,0,1,0.0,0.7,0.7,0.0,0.625,0.625,end_code,end_code,155,172
KIVI-2,021846,CSV to YAML,T-conversion,CSV,YAML,both_pass,regressed,regressed,1,1,1.0,0.66,-0.33999999999999997,1.0,0.5789473684210527,-0.42105263157894735,end_code,end_code,185,237
KIVI-2,021847,CSV to YAML,T-conversion,CSV,YAML,both_pass,unchanged,unchanged,1,1,0.67,0.67,0.0,0.5833333333333334,0.5833333333333334,0.0,end_code,end_code,232,256
KIVI-2,021848,CSV to YAML,T-conversion,CSV,YAML,both_pass,unchanged,unchanged,1,1,0.2,0.2,0.0,0.0,0.0,0.0,end_code,end_code,182,187
KIVI-2,021849,CSV to YAML,T-conversion,CSV,YAML,both_pass,unchanged,unchanged,1,1,0.2,0.2,0.0,0.0,0.0,0.0,end_code,end_code,215,213
KIVI-2,101800,TOML to YAML,T-conversion,TOML,YAML,both_fail,unchanged,unchanged,0,0,0.0,0.0,0.0,0.0,0.0,0.0,end_code,eos,264,263
KIVI-2,101801,TOML to YAML,T-conversion,TOML,YAML,fp16_only,regressed,regressed,1,0,1.0,0.0,-1.0,1.0,0.0,-1.0,end_code,end_code,297,318
KIVI-2,101802,TOML to YAML,T-conversion,TOML,YAML,both_pass,unchanged,unchanged,1,1,1.0,1.0,0.0,1.0,1.0,0.0,end_code,end_code,214,256
KIVI-2,101803,TOML to YAML,T-conversion,TOML,YAML,both_fail,unchanged,unchanged,0,0,0.0,0.0,0.0,0.0,0.0,0.0,end_code,end_code,229,237
KIVI-2,101804,TOML to YAML,T-conversion,TOML,YAML,fp16_only,regressed,regressed,1,0,0.4,0.0,-0.4,0.25,0.0,-0.25,end_code,eos,213,245
KIVI-2,101805,TOML to YAML,T-conversion,TOML,YAML,candidate_only,improved,improved,0,1,0.0,0.93,0.93,0.0,0.9130434782608695,0.9130434782608695,end_code,end_code,275,259
KIVI-2,101806,TOML to YAML,T-conversion,TOML,YAML,candidate_only,improved,improved,0,1,0.0,0.96,0.96,0.0,0.9444444444444444,0.9444444444444444,end_code,end_code,207,221
KIVI-2,101807,TOML to YAML,T-conversion,TOML,YAML,candidate_only,improved,improved,0,1,0.0,1.0,1.0,0.0,1.0,1.0,end_code,end_code,193,259
KIVI-2,101808,TOML to YAML,T-conversion,TOML,YAML,candidate_only,improved,unchanged,0,1,0.0,0.2,0.2,0.0,0.0,0.0,end_code,end_code,187,211
KIVI-2,101809,TOML to YAML,T-conversion,TOML,YAML,both_fail,unchanged,unchanged,0,0,0.0,0.0,0.0,0.0,0.0,0.0,end_code,eos,267,235
KIVI-2,101810,TOML to YAML,T-conversion,TOML,YAML,both_fail,unchanged,unchanged,0,0,0.0,0.0,0.0,0.0,0.0,0.0,end_code,end_code,203,239
KIVI-2,101811,TOML to YAML,T-conversion,TOML,YAML,both_fail,unchanged,unchanged,0,0,0.0,0.0,0.0,0.0,0.0,0.0,end_code,end_code,206,215
KIVI-2,101812,TOML to YAML,T-conversion,TOML,YAML,both_fail,unchanged,unchanged,0,0,0.0,0.0,0.0,0.0,0.0,0.0,end_code,end_code,202,319
KIVI-2,101813,TOML to YAML,T-conversion,TOML,YAML,both_fail,unchanged,unchanged,0,0,0.0,0.0,0.0,0.0,0.0,0.0,end_code,end_code,248,332
KIVI-2,101814,TOML to YAML,T-conversion,TOML,YAML,both_pass,unchanged,unchanged,1,1,1.0,1.0,0.0,1.0,1.0,0.0,end_code,end_code,190,190
KIVI-2,101815,TOML to YAML,T-conversion,TOML,YAML,fp16_only,regressed,regressed,1,0,0.49,0.0,-0.49,0.35714285714285715,0.0,-0.35714285714285715,end_code,eos,223,250
KIVI-2,101816,TOML to YAML,T-conversion,TOML,YAML,both_pass,unchanged,unchanged,1,1,1.0,1.0,0.0,1.0,1.0,0.0,end_code,end_code,314,319
KIVI-2,101817,TOML to YAML,T-conversion,TOML,YAML,candidate_only,improved,improved,0,1,0.0,1.0,1.0,0.0,1.0,1.0,end_code,end_code,243,306
KIVI-2,101818,TOML to YAML,T-conversion,TOML,YAML,fp16_only,regressed,regressed,1,0,1.0,0.0,-1.0,1.0,0.0,-1.0,end_code,eos,221,210
KIVI-2,101819,TOML to YAML,T-conversion,TOML,YAML,both_fail,unchanged,unchanged,0,0,0.0,0.0,0.0,0.0,0.0,0.0,end_code,end_code,342,313
KIVI-2,101820,TOML to YAML,T-conversion,TOML,YAML,both_pass,regressed,regressed,1,1,1.0,0.78,-0.21999999999999997,1.0,0.7272727272727273,-0.2727272727272727,end_code,end_code,231,247
KIVI-2,101821,TOML to YAML,T-conversion,TOML,YAML,candidate_only,improved,improved,0,1,0.0,1.0,1.0,0.0,1.0,1.0,end_code,end_code,191,244
KIVI-2,101822,TOML to YAML,T-conversion,TOML,YAML,both_fail,unchanged,unchanged,0,0,0.0,0.0,0.0,0.0,0.0,0.0,end_code,eos,291,354
KIVI-2,101823,TOML to YAML,T-conversion,TOML,YAML,candidate_only,improved,improved,0,1,0.0,1.0,1.0,0.0,1.0,1.0,end_code,end_code,215,265
KIVI-2,101824,TOML to YAML,T-conversion,TOML,YAML,fp16_only,regressed,regressed,1,0,1.0,0.0,-1.0,1.0,0.0,-1.0,end_code,end_code,212,174
KIVI-2,101825,TOML to YAML,T-conversion,TOML,YAML,both_pass,regressed,regressed,1,1,1.0,0.96,-0.040000000000000036,1.0,0.9523809523809523,-0.04761904761904767,end_code,end_code,207,225
KIVI-2,101826,TOML to YAML,T-conversion,TOML,YAML,candidate_only,improved,improved,0,1,0.0,0.7,0.7,0.0,0.625,0.625,end_code,end_code,343,339
KIVI-2,101827,TOML to YAML,T-conversion,TOML,YAML,fp16_only,regressed,regressed,1,0,1.0,0.0,-1.0,1.0,0.0,-1.0,end_code,end_code,233,212
KIVI-2,101828,TOML to YAML,T-conversion,TOML,YAML,fp16_only,regressed,regressed,1,0,1.0,0.0,-1.0,1.0,0.0,-1.0,end_code,eos,282,199
KIVI-2,101829,TOML to YAML,T-conversion,TOML,YAML,both_pass,regressed,regressed,1,1,1.0,0.82,-0.18000000000000005,1.0,0.7692307692307693,-0.23076923076923073,end_code,end_code,359,331
KIVI-2,101830,TOML to YAML,T-conversion,TOML,YAML,both_fail,unchanged,unchanged,0,0,0.0,0.0,0.0,0.0,0.0,0.0,end_code,eos,191,164
KIVI-2,101831,TOML to YAML,T-conversion,TOML,YAML,candidate_only,improved,improved,0,1,0.0,1.0,1.0,0.0,1.0,1.0,end_code,end_code,235,283
KIVI-2,101832,TOML to YAML,T-conversion,TOML,YAML,candidate_only,improved,improved,0,1,0.0,1.0,1.0,0.0,1.0,1.0,end_code,end_code,207,227
KIVI-2,101833,TOML to YAML,T-conversion,TOML,YAML,fp16_only,regressed,regressed,1,0,1.0,0.0,-1.0,1.0,0.0,-1.0,end_code,end_code,257,279
KIVI-2,101834,TOML to YAML,T-conversion,TOML,YAML,both_fail,unchanged,unchanged,0,0,0.0,0.0,0.0,0.0,0.0,0.0,end_code,eos,287,263
KIVI-2,101835,TOML to YAML,T-conversion,TOML,YAML,candidate_only,improved,improved,0,1,0.0,0.89,0.89,0.0,0.8666666666666667,0.8666666666666667,end_code,end_code,158,215
KIVI-2,101836,TOML to YAML,T-conversion,TOML,YAML,both_fail,unchanged,unchanged,0,0,0.0,0.0,0.0,0.0,0.0,0.0,end_code,end_code,209,236
KIVI-2,101837,TOML to YAML,T-conversion,TOML,YAML,fp16_only,regressed,regressed,1,0,1.0,0.0,-1.0,1.0,0.0,-1.0,end_code,end_code,267,301
KIVI-2,101838,TOML to YAML,T-conversion,TOML,YAML,both_fail,unchanged,unchanged,0,0,0.0,0.0,0.0,0.0,0.0,0.0,end_code,eos,235,256
KIVI-2,101839,TOML to YAML,T-conversion,TOML,YAML,both_pass,unchanged,unchanged,1,1,1.0,1.0,0.0,1.0,1.0,0.0,end_code,end_code,202,239
KIVI-2,101840,TOML to YAML,T-conversion,TOML,YAML,candidate_only,improved,improved,0,1,0.0,0.84,0.84,0.0,0.8,0.8,end_code,end_code,223,219
KIVI-2,101841,TOML to YAML,T-conversion,TOML,YAML,both_pass,unchanged,unchanged,1,1,1.0,1.0,0.0,1.0,1.0,0.0,end_code,end_code,269,276
KIVI-2,101842,TOML to YAML,T-conversion,TOML,YAML,fp16_only,regressed,regressed,1,0,0.62,0.0,-0.62,0.5294117647058824,0.0,-0.5294117647058824,end_code,end_code,273,359
KIVI-2,101843,TOML to YAML,T-conversion,TOML,YAML,both_fail,unchanged,unchanged,0,0,0.0,0.0,0.0,0.0,0.0,0.0,end_code,eos,402,407
KIVI-2,101844,TOML to YAML,T-conversion,TOML,YAML,fp16_only,regressed,regressed,1,0,0.34,0.0,-0.34,0.17647058823529413,0.0,-0.17647058823529413,end_code,end_code,188,231
KIVI-2,101845,TOML to YAML,T-conversion,TOML,YAML,both_fail,unchanged,unchanged,0,0,0.0,0.0,0.0,0.0,0.0,0.0,end_code,eos,241,280
KIVI-2,101846,TOML to YAML,T-conversion,TOML,YAML,candidate_only,improved,improved,0,1,0.0,1.0,1.0,0.0,1.0,1.0,end_code,end_code,203,266
KIVI-2,101847,TOML to YAML,T-conversion,TOML,YAML,fp16_only,regressed,regressed,1,0,0.4,0.0,-0.4,0.25,0.0,-0.25,end_code,end_code,191,191
KIVI-2,101848,TOML to YAML,T-conversion,TOML,YAML,both_fail,unchanged,unchanged,0,0,0.0,0.0,0.0,0.0,0.0,0.0,end_code,end_code,260,354
KIVI-2,101849,TOML to YAML,T-conversion,TOML,YAML,both_pass,unchanged,unchanged,1,1,1.0,1.0,0.0,1.0,1.0,0.0,end_code,end_code,339,339
